MODEL,SCENARIO,REGION,VARIABLE,2015,AVERAGE
Reference,Expenditure deciles,Belgium,Savings Rate|Rural|D1,33.86918224441771,mean
Reference,Expenditure deciles,Belgium,Household Size|Rural|D1,2.9288232055012977,mean
Reference,Expenditure deciles,Belgium,Equivalence Household Size|Rural|D1,1.8159189964971887,mean
Reference,Expenditure deciles,Belgium,Expenditure Share|Food|Rural|D1,17.919806003752054,mean
Reference,Expenditure deciles,Belgium,Expenditure Share|Energy|Housing|Rural|D1,11.995404765804484,mean
Reference,Expenditure deciles,Belgium,Expenditure Share|Energy|Transportation|Rural|D1,2.715752093317287,mean
Reference,Expenditure deciles,Belgium,Expenditure Share|Other|Rural|D1,-31.630962862873822,mean
Reference,Expenditure deciles,Belgium,Expenditure Decile|Rural|D1,0.048570146228975944,mean
Reference,Expenditure deciles,Belgium,Income Decile|Rural|D1,0.07278011543307278,mean
Reference,Expenditure deciles,Belgium,Savings Rate|Urban|D1,30.03087754026051,mean
Reference,Expenditure deciles,Belgium,Household Size|Urban|D1,2.8057153933378585,mean
Reference,Expenditure deciles,Belgium,Equivalence Household Size|Urban|D1,1.772895878232405,mean
Reference,Expenditure deciles,Belgium,Expenditure Share|Food|Urban|D1,16.49606091436854,mean
Reference,Expenditure deciles,Belgium,Expenditure Share|Energy|Housing|Urban|D1,9.398249271677841,mean
Reference,Expenditure deciles,Belgium,Expenditure Share|Energy|Transportation|Urban|D1,2.200986685583692,mean
Reference,Expenditure deciles,Belgium,Expenditure Share|Other|Urban|D1,-27.095296871630076,mean
Reference,Expenditure deciles,Belgium,Expenditure Decile|Urban|D1,0.045544275610376495,mean
Reference,Expenditure deciles,Belgium,Income Decile|Urban|D1,0.06525371681118768,mean
Reference,Expenditure deciles,Belgium,Savings Rate|Rural|D2,23.063694652223408,mean
Reference,Expenditure deciles,Belgium,Household Size|Rural|D2,2.4313519846178506,mean
Reference,Expenditure deciles,Belgium,Equivalence Household Size|Rural|D2,1.6157019567559774,mean
Reference,Expenditure deciles,Belgium,Expenditure Share|Food|Rural|D2,14.99322494505032,mean
Reference,Expenditure deciles,Belgium,Expenditure Share|Energy|Housing|Rural|D2,11.602271539541377,mean
Reference,Expenditure deciles,Belgium,Expenditure Share|Energy|Transportation|Rural|D2,4.0472038996774184,mean
Reference,Expenditure deciles,Belgium,Expenditure Share|Other|Rural|D2,-29.642700384269112,mean
Reference,Expenditure deciles,Belgium,Expenditure Decile|Rural|D2,0.05523707221116949,mean
Reference,Expenditure deciles,Belgium,Income Decile|Rural|D2,0.06971369022552933,mean
Reference,Expenditure deciles,Belgium,Savings Rate|Urban|D2,26.219308533346215,mean
Reference,Expenditure deciles,Belgium,Household Size|Urban|D2,2.4060923357985162,mean
Reference,Expenditure deciles,Belgium,Equivalence Household Size|Urban|D2,1.611839055411808,mean
Reference,Expenditure deciles,Belgium,Expenditure Share|Food|Urban|D2,16.336117646694557,mean
Reference,Expenditure deciles,Belgium,Expenditure Share|Energy|Housing|Urban|D2,7.985531343117499,mean
Reference,Expenditure deciles,Belgium,Expenditure Share|Energy|Transportation|Urban|D2,2.880495643526288,mean
Reference,Expenditure deciles,Belgium,Expenditure Share|Other|Urban|D2,-26.202144633338346,mean
Reference,Expenditure deciles,Belgium,Expenditure Decile|Urban|D2,0.05743305803490626,mean
Reference,Expenditure deciles,Belgium,Income Decile|Urban|D2,0.07751657442847273,mean
Reference,Expenditure deciles,Belgium,Savings Rate|Rural|D3,26.940330543607384,mean
Reference,Expenditure deciles,Belgium,Household Size|Rural|D3,3.240983377237452,mean
Reference,Expenditure deciles,Belgium,Equivalence Household Size|Rural|D3,1.9830579908085626,mean
Reference,Expenditure deciles,Belgium,Expenditure Share|Food|Rural|D3,16.682853352973485,mean
Reference,Expenditure deciles,Belgium,Expenditure Share|Energy|Housing|Rural|D3,9.113164503866201,mean
Reference,Expenditure deciles,Belgium,Expenditure Share|Energy|Transportation|Rural|D3,4.954179630593599,mean
Reference,Expenditure deciles,Belgium,Expenditure Share|Other|Rural|D3,-29.75019748743329,mean
Reference,Expenditure deciles,Belgium,Expenditure Decile|Rural|D3,0.08171016745709062,mean
Reference,Expenditure deciles,Belgium,Income Decile|Rural|D3,0.10374968345460091,mean
Reference,Expenditure deciles,Belgium,Savings Rate|Urban|D3,14.636828714215273,mean
Reference,Expenditure deciles,Belgium,Household Size|Urban|D3,2.3109238585401077,mean
Reference,Expenditure deciles,Belgium,Equivalence Household Size|Urban|D3,1.5694423040410428,mean
Reference,Expenditure deciles,Belgium,Expenditure Share|Food|Urban|D3,15.802161632771197,mean
Reference,Expenditure deciles,Belgium,Expenditure Share|Energy|Housing|Urban|D3,7.355585855375545,mean
Reference,Expenditure deciles,Belgium,Expenditure Share|Energy|Transportation|Urban|D3,3.050577244437143,mean
Reference,Expenditure deciles,Belgium,Expenditure Share|Other|Urban|D3,-25.208324732583883,mean
Reference,Expenditure deciles,Belgium,Expenditure Decile|Urban|D3,0.06688091449129725,mean
Reference,Expenditure deciles,Belgium,Income Decile|Urban|D3,0.08249261867375154,mean
Reference,Expenditure deciles,Belgium,Savings Rate|Rural|D4,21.108672227524025,mean
Reference,Expenditure deciles,Belgium,Household Size|Rural|D4,2.92280223436081,mean
Reference,Expenditure deciles,Belgium,Equivalence Household Size|Rural|D4,1.8081873695330497,mean
Reference,Expenditure deciles,Belgium,Expenditure Share|Food|Rural|D4,14.758736433826423,mean
Reference,Expenditure deciles,Belgium,Expenditure Share|Energy|Housing|Rural|D4,8.86792160140339,mean
Reference,Expenditure deciles,Belgium,Expenditure Share|Energy|Transportation|Rural|D4,4.714598340793782,mean
Reference,Expenditure deciles,Belgium,Expenditure Share|Other|Rural|D4,-27.341256376023594,mean
Reference,Expenditure deciles,Belgium,Expenditure Decile|Rural|D4,0.08391398106121485,mean
Reference,Expenditure deciles,Belgium,Income Decile|Rural|D4,0.09721418513388919,mean
Reference,Expenditure deciles,Belgium,Savings Rate|Urban|D4,19.86750388516049,mean
Reference,Expenditure deciles,Belgium,Household Size|Urban|D4,2.248305261190451,mean
Reference,Expenditure deciles,Belgium,Equivalence Household Size|Urban|D4,1.547434709601197,mean
Reference,Expenditure deciles,Belgium,Expenditure Share|Food|Urban|D4,14.489617442905185,mean
Reference,Expenditure deciles,Belgium,Expenditure Share|Energy|Housing|Urban|D4,7.246293755532069,mean
Reference,Expenditure deciles,Belgium,Expenditure Share|Energy|Transportation|Urban|D4,3.3535442175791226,mean
Reference,Expenditure deciles,Belgium,Expenditure Share|Other|Urban|D4,-24.089455416016374,mean
Reference,Expenditure deciles,Belgium,Expenditure Decile|Urban|D4,0.07472078228939671,mean
Reference,Expenditure deciles,Belgium,Income Decile|Urban|D4,0.09035077889533503,mean
Reference,Expenditure deciles,Belgium,Savings Rate|Rural|D5,14.084301917390585,mean
Reference,Expenditure deciles,Belgium,Household Size|Rural|D5,2.0764933209129586,mean
Reference,Expenditure deciles,Belgium,Equivalence Household Size|Rural|D5,1.4528595824302675,mean
Reference,Expenditure deciles,Belgium,Expenditure Share|Food|Rural|D5,13.403540881449194,mean
Reference,Expenditure deciles,Belgium,Expenditure Share|Energy|Housing|Rural|D5,9.017325332518716,mean
Reference,Expenditure deciles,Belgium,Expenditure Share|Energy|Transportation|Rural|D5,5.779867859901946,mean
Reference,Expenditure deciles,Belgium,Expenditure Share|Other|Rural|D5,-27.20073407386986,mean
Reference,Expenditure deciles,Belgium,Expenditure Decile|Rural|D5,0.07431663181576169,mean
Reference,Expenditure deciles,Belgium,Income Decile|Rural|D5,0.0817479806291133,mean
Reference,Expenditure deciles,Belgium,Savings Rate|Urban|D5,17.208564285738,mean
Reference,Expenditure deciles,Belgium,Household Size|Urban|D5,2.302698563770596,mean
Reference,Expenditure deciles,Belgium,Equivalence Household Size|Urban|D5,1.5660112441430503,mean
Reference,Expenditure deciles,Belgium,Expenditure Share|Food|Urban|D5,14.419892361515519,mean
Reference,Expenditure deciles,Belgium,Expenditure Share|Energy|Housing|Urban|D5,6.3148577152867125,mean
Reference,Expenditure deciles,Belgium,Expenditure Share|Energy|Transportation|Urban|D5,3.212455914736665,mean
Reference,Expenditure deciles,Belgium,Expenditure Share|Other|Urban|D5,-22.947205991538898,mean
Reference,Expenditure deciles,Belgium,Expenditure Decile|Urban|D5,0.08412986420936902,mean
Reference,Expenditure deciles,Belgium,Income Decile|Urban|D5,0.0989267972587866,mean
Reference,Expenditure deciles,Belgium,Savings Rate|Rural|D6,9.614483114060599,mean
Reference,Expenditure deciles,Belgium,Household Size|Rural|D6,2.5428818439649765,mean
Reference,Expenditure deciles,Belgium,Equivalence Household Size|Rural|D6,1.6814656948471582,mean
Reference,Expenditure deciles,Belgium,Expenditure Share|Food|Rural|D6,15.516405798780507,mean
Reference,Expenditure deciles,Belgium,Expenditure Share|Energy|Housing|Rural|D6,8.45880530580963,mean
Reference,Expenditure deciles,Belgium,Expenditure Share|Energy|Transportation|Rural|D6,5.347606789119034,mean
Reference,Expenditure deciles,Belgium,Expenditure Share|Other|Rural|D6,-28.32281789370917,mean
Reference,Expenditure deciles,Belgium,Expenditure Decile|Rural|D6,0.09514963774608866,mean
Reference,Expenditure deciles,Belgium,Income Decile|Rural|D6,0.09938024915820734,mean
Reference,Expenditure deciles,Belgium,Savings Rate|Urban|D6,13.788140929177079,mean
Reference,Expenditure deciles,Belgium,Household Size|Urban|D6,2.3024852896852708,mean
Reference,Expenditure deciles,Belgium,Equivalence Household Size|Urban|D6,1.5709157710107862,mean
Reference,Expenditure deciles,Belgium,Expenditure Share|Food|Urban|D6,14.24525546619094,mean
Reference,Expenditure deciles,Belgium,Expenditure Share|Energy|Housing|Urban|D6,5.823465982747785,mean
Reference,Expenditure deciles,Belgium,Expenditure Share|Energy|Transportation|Urban|D6,3.6950584578409966,mean
Reference,Expenditure deciles,Belgium,Expenditure Share|Other|Urban|D6,-22.76377990677972,mean
Reference,Expenditure deciles,Belgium,Expenditure Decile|Urban|D6,0.0932557174818466,mean
Reference,Expenditure deciles,Belgium,Income Decile|Urban|D6,0.10419256194240259,mean
Reference,Expenditure deciles,Belgium,Savings Rate|Rural|D7,10.025107610963877,mean
Reference,Expenditure deciles,Belgium,Household Size|Rural|D7,2.467365329735882,mean
Reference,Expenditure deciles,Belgium,Equivalence Household Size|Rural|D7,1.6488461048161782,mean
Reference,Expenditure deciles,Belgium,Expenditure Share|Food|Rural|D7,13.76353566077516,mean
Reference,Expenditure deciles,Belgium,Expenditure Share|Energy|Housing|Rural|D7,7.080502234887396,mean
Reference,Expenditure deciles,Belgium,Expenditure Share|Energy|Transportation|Rural|D7,4.072391862404562,mean
Reference,Expenditure deciles,Belgium,Expenditure Share|Other|Rural|D7,-23.916429758067117,mean
Reference,Expenditure deciles,Belgium,Expenditure Decile|Rural|D7,0.11131056494915115,mean
Reference,Expenditure deciles,Belgium,Income Decile|Rural|D7,0.1108726668547081,mean
Reference,Expenditure deciles,Belgium,Savings Rate|Urban|D7,8.394529150685859,mean
Reference,Expenditure deciles,Belgium,Household Size|Urban|D7,2.2188508514330763,mean
Reference,Expenditure deciles,Belgium,Equivalence Household Size|Urban|D7,1.5423912627761671,mean
Reference,Expenditure deciles,Belgium,Expenditure Share|Food|Urban|D7,13.627397423641277,mean
Reference,Expenditure deciles,Belgium,Expenditure Share|Energy|Housing|Urban|D7,5.759349216565609,mean
Reference,Expenditure deciles,Belgium,Expenditure Share|Energy|Transportation|Urban|D7,3.150504799184221,mean
Reference,Expenditure deciles,Belgium,Expenditure Share|Other|Urban|D7,-21.537251439391106,mean
Reference,Expenditure deciles,Belgium,Expenditure Decile|Urban|D7,0.10298090887055471,mean
Reference,Expenditure deciles,Belgium,Income Decile|Urban|D7,0.10870677401263701,mean
Reference,Expenditure deciles,Belgium,Savings Rate|Rural|D8,1.745571162991315,mean
Reference,Expenditure deciles,Belgium,Household Size|Rural|D8,1.8890928597058851,mean
Reference,Expenditure deciles,Belgium,Equivalence Household Size|Rural|D8,1.3947537350704802,mean
Reference,Expenditure deciles,Belgium,Expenditure Share|Food|Rural|D8,11.655362539259045,mean
Reference,Expenditure deciles,Belgium,Expenditure Share|Energy|Housing|Rural|D8,9.177345492833812,mean
Reference,Expenditure deciles,Belgium,Expenditure Share|Energy|Transportation|Rural|D8,4.909084595834978,mean
Reference,Expenditure deciles,Belgium,Expenditure Share|Other|Rural|D8,-24.741792627927833,mean
Reference,Expenditure deciles,Belgium,Expenditure Decile|Rural|D8,0.09527907973426357,mean
Reference,Expenditure deciles,Belgium,Income Decile|Rural|D8,0.09612144151121431,mean
Reference,Expenditure deciles,Belgium,Savings Rate|Urban|D8,1.9181016377263849,mean
Reference,Expenditure deciles,Belgium,Household Size|Urban|D8,2.1488532407460355,mean
Reference,Expenditure deciles,Belgium,Equivalence Household Size|Urban|D8,1.5085115070344797,mean
Reference,Expenditure deciles,Belgium,Expenditure Share|Food|Urban|D8,12.005712900538361,mean
Reference,Expenditure deciles,Belgium,Expenditure Share|Energy|Housing|Urban|D8,4.911905926998638,mean
Reference,Expenditure deciles,Belgium,Expenditure Share|Energy|Transportation|Urban|D8,2.830618546589245,mean
Reference,Expenditure deciles,Belgium,Expenditure Share|Other|Urban|D8,-18.748237374126244,mean
Reference,Expenditure deciles,Belgium,Expenditure Decile|Urban|D8,0.11459810851451205,mean
Reference,Expenditure deciles,Belgium,Income Decile|Urban|D8,0.1110896201048019,mean
Reference,Expenditure deciles,Belgium,Savings Rate|Rural|D9,4.678467152058781,mean
Reference,Expenditure deciles,Belgium,Household Size|Rural|D9,2.410270390343324,mean
Reference,Expenditure deciles,Belgium,Equivalence Household Size|Rural|D9,1.6182711751843823,mean
Reference,Expenditure deciles,Belgium,Expenditure Share|Food|Rural|D9,10.855468585247365,mean
Reference,Expenditure deciles,Belgium,Expenditure Share|Energy|Housing|Rural|D9,5.394986003554882,mean
Reference,Expenditure deciles,Belgium,Expenditure Share|Energy|Transportation|Rural|D9,4.623027259868133,mean
Reference,Expenditure deciles,Belgium,Expenditure Share|Other|Rural|D9,-19.87348184867038,mean
Reference,Expenditure deciles,Belgium,Expenditure Decile|Rural|D9,0.1413373507558731,mean
Reference,Expenditure deciles,Belgium,Income Decile|Rural|D9,0.1311975943211489,mean
Reference,Expenditure deciles,Belgium,Savings Rate|Urban|D9,-8.889507259641686,mean
Reference,Expenditure deciles,Belgium,Household Size|Urban|D9,2.1270644195586415,mean
Reference,Expenditure deciles,Belgium,Equivalence Household Size|Urban|D9,1.4994697529468288,mean
Reference,Expenditure deciles,Belgium,Expenditure Share|Food|Urban|D9,11.908525432348974,mean
Reference,Expenditure deciles,Belgium,Expenditure Share|Energy|Housing|Urban|D9,4.459880464784158,mean
Reference,Expenditure deciles,Belgium,Expenditure Share|Energy|Transportation|Urban|D9,2.80065927820285,mean
Reference,Expenditure deciles,Belgium,Expenditure Share|Other|Urban|D9,-18.16906517533598,mean
Reference,Expenditure deciles,Belgium,Expenditure Decile|Urban|D9,0.136110526362211,mean
Reference,Expenditure deciles,Belgium,Income Decile|Urban|D9,0.12136251337583143,mean
Reference,Expenditure deciles,Belgium,Savings Rate|Rural|D10,-48.017248095181465,mean
Reference,Expenditure deciles,Belgium,Household Size|Rural|D10,2.3715991004120442,mean
Reference,Expenditure deciles,Belgium,Equivalence Household Size|Rural|D10,1.5530791976349265,mean
Reference,Expenditure deciles,Belgium,Expenditure Share|Food|Rural|D10,8.179148785193432,mean
Reference,Expenditure deciles,Belgium,Expenditure Share|Energy|Housing|Rural|D10,3.029077575961247,mean
Reference,Expenditure deciles,Belgium,Expenditure Share|Energy|Transportation|Rural|D10,3.466683611449026,mean
Reference,Expenditure deciles,Belgium,Expenditure Share|Other|Rural|D10,-13.674909972603706,mean
Reference,Expenditure deciles,Belgium,Expenditure Decile|Rural|D10,0.21317536804041096,mean
Reference,Expenditure deciles,Belgium,Income Decile|Rural|D10,0.13722239327851585,mean
Reference,Expenditure deciles,Belgium,Savings Rate|Urban|D10,-61.85250662248246,mean
Reference,Expenditure deciles,Belgium,Household Size|Urban|D10,2.1880760043927467,mean
Reference,Expenditure deciles,Belgium,Equivalence Household Size|Urban|D10,1.533180196444671,mean
Reference,Expenditure deciles,Belgium,Expenditure Share|Food|Urban|D10,8.795379927710728,mean
Reference,Expenditure deciles,Belgium,Expenditure Share|Energy|Housing|Urban|D10,3.2233660325756244,mean
Reference,Expenditure deciles,Belgium,Expenditure Share|Energy|Transportation|Urban|D10,2.0815743087999947,mean
Reference,Expenditure deciles,Belgium,Expenditure Share|Other|Urban|D10,-13.100320269086348,mean
Reference,Expenditure deciles,Belgium,Expenditure Decile|Urban|D10,0.22434584413552996,mean
Reference,Expenditure deciles,Belgium,Income Decile|Urban|D10,0.1401080444967935,mean
Reference,Expenditure deciles,Bulgaria,Savings Rate|Rural|D1,22.541069100441778,mean
Reference,Expenditure deciles,Bulgaria,Household Size|Rural|D1,3.2389961506915705,mean
Reference,Expenditure deciles,Bulgaria,Equivalence Household Size|Rural|D1,2.020823430451478,mean
Reference,Expenditure deciles,Bulgaria,Expenditure Share|Food|Rural|D1,45.52242228917098,mean
Reference,Expenditure deciles,Bulgaria,Expenditure Share|Energy|Housing|Rural|D1,14.275263363061631,mean
Reference,Expenditure deciles,Bulgaria,Expenditure Share|Energy|Transportation|Rural|D1,1.4614045378744083,mean
Reference,Expenditure deciles,Bulgaria,Expenditure Share|Other|Rural|D1,-60.25909019010702,mean
Reference,Expenditure deciles,Bulgaria,Expenditure Decile|Rural|D1,0.058526602403283064,mean
Reference,Expenditure deciles,Bulgaria,Income Decile|Rural|D1,0.07205738533204503,mean
Reference,Expenditure deciles,Bulgaria,Savings Rate|Urban|D1,20.163198163906227,mean
Reference,Expenditure deciles,Bulgaria,Household Size|Urban|D1,2.9429845488373396,mean
Reference,Expenditure deciles,Bulgaria,Equivalence Household Size|Urban|D1,1.8785439810805635,mean
Reference,Expenditure deciles,Bulgaria,Expenditure Share|Food|Urban|D1,34.39691114741986,mean
Reference,Expenditure deciles,Bulgaria,Expenditure Share|Energy|Housing|Urban|D1,13.334540939965787,mean
Reference,Expenditure deciles,Bulgaria,Expenditure Share|Energy|Transportation|Urban|D1,1.2294200275199767,mean
Reference,Expenditure deciles,Bulgaria,Expenditure Share|Other|Urban|D1,-47.96087211490563,mean
Reference,Expenditure deciles,Bulgaria,Expenditure Decile|Urban|D1,0.04790565473608696,mean
Reference,Expenditure deciles,Bulgaria,Income Decile|Urban|D1,0.06002086331443345,mean
Reference,Expenditure deciles,Bulgaria,Savings Rate|Rural|D2,18.836578621559624,mean
Reference,Expenditure deciles,Bulgaria,Household Size|Rural|D2,2.169310954763564,mean
Reference,Expenditure deciles,Bulgaria,Equivalence Household Size|Rural|D2,1.5307252837909955,mean
Reference,Expenditure deciles,Bulgaria,Expenditure Share|Food|Rural|D2,42.304623894072954,mean
Reference,Expenditure deciles,Bulgaria,Expenditure Share|Energy|Housing|Rural|D2,15.656380502584017,mean
Reference,Expenditure deciles,Bulgaria,Expenditure Share|Energy|Transportation|Rural|D2,0.9584116606807457,mean
Reference,Expenditure deciles,Bulgaria,Expenditure Share|Other|Rural|D2,-57.91941605733772,mean
Reference,Expenditure deciles,Bulgaria,Expenditure Decile|Rural|D2,0.058202016043803394,mean
Reference,Expenditure deciles,Bulgaria,Income Decile|Rural|D2,0.06755380741894927,mean
Reference,Expenditure deciles,Bulgaria,Savings Rate|Urban|D2,13.315509497855512,mean
Reference,Expenditure deciles,Bulgaria,Household Size|Urban|D2,2.3421522590946813,mean
Reference,Expenditure deciles,Bulgaria,Equivalence Household Size|Urban|D2,1.6277352803825338,mean
Reference,Expenditure deciles,Bulgaria,Expenditure Share|Food|Urban|D2,31.05168359725162,mean
Reference,Expenditure deciles,Bulgaria,Expenditure Share|Energy|Housing|Urban|D2,12.94053123891975,mean
Reference,Expenditure deciles,Bulgaria,Expenditure Share|Energy|Transportation|Urban|D2,1.5448312123388754,mean
Reference,Expenditure deciles,Bulgaria,Expenditure Share|Other|Urban|D2,-44.537046048510256,mean
Reference,Expenditure deciles,Bulgaria,Expenditure Decile|Urban|D2,0.059249301462231695,mean
Reference,Expenditure deciles,Bulgaria,Income Decile|Urban|D2,0.06600995659585936,mean
Reference,Expenditure deciles,Bulgaria,Savings Rate|Rural|D3,12.847665300209789,mean
Reference,Expenditure deciles,Bulgaria,Household Size|Rural|D3,2.2587603041151727,mean
Reference,Expenditure deciles,Bulgaria,Equivalence Household Size|Rural|D3,1.5841323273226235,mean
Reference,Expenditure deciles,Bulgaria,Expenditure Share|Food|Rural|D3,41.68204369246301,mean
Reference,Expenditure deciles,Bulgaria,Expenditure Share|Energy|Housing|Rural|D3,14.515753259187,mean
Reference,Expenditure deciles,Bulgaria,Expenditure Share|Energy|Transportation|Rural|D3,1.4619969487506337,mean
Reference,Expenditure deciles,Bulgaria,Expenditure Share|Other|Rural|D3,-56.65979390040064,mean
Reference,Expenditure deciles,Bulgaria,Expenditure Decile|Rural|D3,0.07003694258833393,mean
Reference,Expenditure deciles,Bulgaria,Income Decile|Rural|D3,0.07548531625885949,mean
Reference,Expenditure deciles,Bulgaria,Savings Rate|Urban|D3,12.49255825995637,mean
Reference,Expenditure deciles,Bulgaria,Household Size|Urban|D3,2.3624670479263603,mean
Reference,Expenditure deciles,Bulgaria,Equivalence Household Size|Urban|D3,1.6291496084165238,mean
Reference,Expenditure deciles,Bulgaria,Expenditure Share|Food|Urban|D3,28.471936165088078,mean
Reference,Expenditure deciles,Bulgaria,Expenditure Share|Energy|Housing|Urban|D3,11.005117146606892,mean
Reference,Expenditure deciles,Bulgaria,Expenditure Share|Energy|Transportation|Urban|D3,2.6639076467784992,mean
Reference,Expenditure deciles,Bulgaria,Expenditure Share|Other|Urban|D3,-41.14096095847347,mean
Reference,Expenditure deciles,Bulgaria,Expenditure Decile|Urban|D3,0.0689567519443364,mean
Reference,Expenditure deciles,Bulgaria,Income Decile|Urban|D3,0.07587939787869682,mean
Reference,Expenditure deciles,Bulgaria,Savings Rate|Rural|D4,8.804647157812376,mean
Reference,Expenditure deciles,Bulgaria,Household Size|Rural|D4,2.347988429273937,mean
Reference,Expenditure deciles,Bulgaria,Equivalence Household Size|Rural|D4,1.5999415678333817,mean
Reference,Expenditure deciles,Bulgaria,Expenditure Share|Food|Rural|D4,39.531852941202374,mean
Reference,Expenditure deciles,Bulgaria,Expenditure Share|Energy|Housing|Rural|D4,16.50020948767034,mean
Reference,Expenditure deciles,Bulgaria,Expenditure Share|Energy|Transportation|Rural|D4,1.9388040741134172,mean
Reference,Expenditure deciles,Bulgaria,Expenditure Share|Other|Rural|D4,-56.97086650298613,mean
Reference,Expenditure deciles,Bulgaria,Expenditure Decile|Rural|D4,0.07809298487214475,mean
Reference,Expenditure deciles,Bulgaria,Income Decile|Rural|D4,0.08091363271791457,mean
Reference,Expenditure deciles,Bulgaria,Savings Rate|Urban|D4,12.270800861412976,mean
Reference,Expenditure deciles,Bulgaria,Household Size|Urban|D4,2.4502143430760253,mean
Reference,Expenditure deciles,Bulgaria,Equivalence Household Size|Urban|D4,1.6819128049285428,mean
Reference,Expenditure deciles,Bulgaria,Expenditure Share|Food|Urban|D4,26.88660900547796,mean
Reference,Expenditure deciles,Bulgaria,Expenditure Share|Energy|Housing|Urban|D4,10.706974077658115,mean
Reference,Expenditure deciles,Bulgaria,Expenditure Share|Energy|Transportation|Urban|D4,2.5609116296907346,mean
Reference,Expenditure deciles,Bulgaria,Expenditure Share|Other|Urban|D4,-39.15449471282681,mean
Reference,Expenditure deciles,Bulgaria,Expenditure Decile|Urban|D4,0.08051301664295613,mean
Reference,Expenditure deciles,Bulgaria,Income Decile|Urban|D4,0.08766395615383747,mean
Reference,Expenditure deciles,Bulgaria,Savings Rate|Rural|D5,9.919211328585181,mean
Reference,Expenditure deciles,Bulgaria,Household Size|Rural|D5,2.2416774253579446,mean
Reference,Expenditure deciles,Bulgaria,Equivalence Household Size|Rural|D5,1.5744793374972377,mean
Reference,Expenditure deciles,Bulgaria,Expenditure Share|Food|Rural|D5,38.92957253533918,mean
Reference,Expenditure deciles,Bulgaria,Expenditure Share|Energy|Housing|Rural|D5,14.239580314107469,mean
Reference,Expenditure deciles,Bulgaria,Expenditure Share|Energy|Transportation|Rural|D5,2.346052696294862,mean
Reference,Expenditure deciles,Bulgaria,Expenditure Share|Other|Rural|D5,-54.515205545741516,mean
Reference,Expenditure deciles,Bulgaria,Expenditure Decile|Rural|D5,0.0850112073426598,mean
Reference,Expenditure deciles,Bulgaria,Income Decile|Rural|D5,0.08862306501912968,mean
Reference,Expenditure deciles,Bulgaria,Savings Rate|Urban|D5,7.860113732203444,mean
Reference,Expenditure deciles,Bulgaria,Household Size|Urban|D5,2.141346830684377,mean
Reference,Expenditure deciles,Bulgaria,Equivalence Household Size|Urban|D5,1.531125443442693,mean
Reference,Expenditure deciles,Bulgaria,Expenditure Share|Food|Urban|D5,27.131927752461905,mean
Reference,Expenditure deciles,Bulgaria,Expenditure Share|Energy|Housing|Urban|D5,10.547235821241614,mean
Reference,Expenditure deciles,Bulgaria,Expenditure Share|Energy|Transportation|Urban|D5,2.6528969248806136,mean
Reference,Expenditure deciles,Bulgaria,Expenditure Share|Other|Urban|D5,-39.332060498584134,mean
Reference,Expenditure deciles,Bulgaria,Expenditure Decile|Urban|D5,0.08137237206970487,mean
Reference,Expenditure deciles,Bulgaria,Income Decile|Urban|D5,0.08485204965919779,mean
Reference,Expenditure deciles,Bulgaria,Savings Rate|Rural|D6,5.024338365597128,mean
Reference,Expenditure deciles,Bulgaria,Household Size|Rural|D6,2.2166638447573628,mean
Reference,Expenditure deciles,Bulgaria,Equivalence Household Size|Rural|D6,1.5741454317991552,mean
Reference,Expenditure deciles,Bulgaria,Expenditure Share|Food|Rural|D6,34.71091483517686,mean
Reference,Expenditure deciles,Bulgaria,Expenditure Share|Energy|Housing|Rural|D6,15.996803790673688,mean
Reference,Expenditure deciles,Bulgaria,Expenditure Share|Energy|Transportation|Rural|D6,2.433999855513363,mean
Reference,Expenditure deciles,Bulgaria,Expenditure Share|Other|Rural|D6,-52.14171848136391,mean
Reference,Expenditure deciles,Bulgaria,Expenditure Decile|Rural|D6,0.09193860492582415,mean
Reference,Expenditure deciles,Bulgaria,Income Decile|Rural|D6,0.09154728381048854,mean
Reference,Expenditure deciles,Bulgaria,Savings Rate|Urban|D6,5.9767796159276765,mean
Reference,Expenditure deciles,Bulgaria,Household Size|Urban|D6,2.2530016486781816,mean
Reference,Expenditure deciles,Bulgaria,Equivalence Household Size|Urban|D6,1.5754255410923452,mean
Reference,Expenditure deciles,Bulgaria,Expenditure Share|Food|Urban|D6,25.904341061714096,mean
Reference,Expenditure deciles,Bulgaria,Expenditure Share|Energy|Housing|Urban|D6,9.167729497632699,mean
Reference,Expenditure deciles,Bulgaria,Expenditure Share|Energy|Transportation|Urban|D6,3.128190781360198,mean
Reference,Expenditure deciles,Bulgaria,Expenditure Share|Other|Urban|D6,-37.200261340706994,mean
Reference,Expenditure deciles,Bulgaria,Expenditure Decile|Urban|D6,0.09441759414754844,mean
Reference,Expenditure deciles,Bulgaria,Income Decile|Urban|D6,0.09615535339833237,mean
Reference,Expenditure deciles,Bulgaria,Savings Rate|Rural|D7,4.1764228313563985,mean
Reference,Expenditure deciles,Bulgaria,Household Size|Rural|D7,2.257041041339077,mean
Reference,Expenditure deciles,Bulgaria,Equivalence Household Size|Rural|D7,1.5865452608465067,mean
Reference,Expenditure deciles,Bulgaria,Expenditure Share|Food|Rural|D7,36.628515343089695,mean
Reference,Expenditure deciles,Bulgaria,Expenditure Share|Energy|Housing|Rural|D7,14.446945843150429,mean
Reference,Expenditure deciles,Bulgaria,Expenditure Share|Energy|Transportation|Rural|D7,2.8187901840281206,mean
Reference,Expenditure deciles,Bulgaria,Expenditure Share|Other|Rural|D7,-52.89425137026825,mean
Reference,Expenditure deciles,Bulgaria,Expenditure Decile|Rural|D7,0.10242486835893298,mean
Reference,Expenditure deciles,Bulgaria,Income Decile|Rural|D7,0.10343111959407122,mean
Reference,Expenditure deciles,Bulgaria,Savings Rate|Urban|D7,2.655867960820967,mean
Reference,Expenditure deciles,Bulgaria,Household Size|Urban|D7,2.19012407057656,mean
Reference,Expenditure deciles,Bulgaria,Equivalence Household Size|Urban|D7,1.5453750485627353,mean
Reference,Expenditure deciles,Bulgaria,Expenditure Share|Food|Urban|D7,25.028332288741982,mean
Reference,Expenditure deciles,Bulgaria,Expenditure Share|Energy|Housing|Urban|D7,9.206569572470611,mean
Reference,Expenditure deciles,Bulgaria,Expenditure Share|Energy|Transportation|Urban|D7,3.4223926384546375,mean
Reference,Expenditure deciles,Bulgaria,Expenditure Share|Other|Urban|D7,-36.65729449966723,mean
Reference,Expenditure deciles,Bulgaria,Expenditure Decile|Urban|D7,0.10349504340923382,mean
Reference,Expenditure deciles,Bulgaria,Income Decile|Urban|D7,0.10025740323192973,mean
Reference,Expenditure deciles,Bulgaria,Savings Rate|Rural|D8,7.432474163827742,mean
Reference,Expenditure deciles,Bulgaria,Household Size|Rural|D8,2.287165843413459,mean
Reference,Expenditure deciles,Bulgaria,Equivalence Household Size|Rural|D8,1.5963635926151265,mean
Reference,Expenditure deciles,Bulgaria,Expenditure Share|Food|Rural|D8,33.23123325644091,mean
Reference,Expenditure deciles,Bulgaria,Expenditure Share|Energy|Housing|Rural|D8,15.203808863260157,mean
Reference,Expenditure deciles,Bulgaria,Expenditure Share|Energy|Transportation|Rural|D8,4.2129688829844705,mean
Reference,Expenditure deciles,Bulgaria,Expenditure Share|Other|Rural|D8,-51.648011002685536,mean
Reference,Expenditure deciles,Bulgaria,Expenditure Decile|Rural|D8,0.11687611913017107,mean
Reference,Expenditure deciles,Bulgaria,Income Decile|Rural|D8,0.11710700725369422,mean
Reference,Expenditure deciles,Bulgaria,Savings Rate|Urban|D8,4.548023800241308,mean
Reference,Expenditure deciles,Bulgaria,Household Size|Urban|D8,2.5203412051343745,mean
Reference,Expenditure deciles,Bulgaria,Equivalence Household Size|Urban|D8,1.6967143745030602,mean
Reference,Expenditure deciles,Bulgaria,Expenditure Share|Food|Urban|D8,23.771589535544138,mean
Reference,Expenditure deciles,Bulgaria,Expenditure Share|Energy|Housing|Urban|D8,8.058734069841966,mean
Reference,Expenditure deciles,Bulgaria,Expenditure Share|Energy|Transportation|Urban|D8,3.8725102548144625,mean
Reference,Expenditure deciles,Bulgaria,Expenditure Share|Other|Urban|D8,-34.70283386020056,mean
Reference,Expenditure deciles,Bulgaria,Expenditure Decile|Urban|D8,0.12825859450765087,mean
Reference,Expenditure deciles,Bulgaria,Income Decile|Urban|D8,0.12910203511778057,mean
Reference,Expenditure deciles,Bulgaria,Savings Rate|Rural|D9,1.7022349458889792,mean
Reference,Expenditure deciles,Bulgaria,Household Size|Rural|D9,2.424676530877419,mean
Reference,Expenditure deciles,Bulgaria,Equivalence Household Size|Rural|D9,1.65281178950705,mean
Reference,Expenditure deciles,Bulgaria,Expenditure Share|Food|Rural|D9,31.762213774983167,mean
Reference,Expenditure deciles,Bulgaria,Expenditure Share|Energy|Housing|Rural|D9,15.70218697836179,mean
Reference,Expenditure deciles,Bulgaria,Expenditure Share|Energy|Transportation|Rural|D9,4.685968424343853,mean
Reference,Expenditure deciles,Bulgaria,Expenditure Share|Other|Rural|D9,-51.150369177688816,mean
Reference,Expenditure deciles,Bulgaria,Expenditure Decile|Rural|D9,0.1387214089650923,mean
Reference,Expenditure deciles,Bulgaria,Income Decile|Rural|D9,0.13253464213618346,mean
Reference,Expenditure deciles,Bulgaria,Savings Rate|Urban|D9,-2.3535901362484455,mean
Reference,Expenditure deciles,Bulgaria,Household Size|Urban|D9,2.266819139815329,mean
Reference,Expenditure deciles,Bulgaria,Equivalence Household Size|Urban|D9,1.5576368339258722,mean
Reference,Expenditure deciles,Bulgaria,Expenditure Share|Food|Urban|D9,22.670767977642488,mean
Reference,Expenditure deciles,Bulgaria,Expenditure Share|Energy|Housing|Urban|D9,7.449689095143286,mean
Reference,Expenditure deciles,Bulgaria,Expenditure Share|Energy|Transportation|Urban|D9,4.0274083653120885,mean
Reference,Expenditure deciles,Bulgaria,Expenditure Share|Other|Urban|D9,-33.14786543809786,mean
Reference,Expenditure deciles,Bulgaria,Expenditure Decile|Urban|D9,0.13844335815383801,mean
Reference,Expenditure deciles,Bulgaria,Income Decile|Urban|D9,0.1268382673321075,mean
Reference,Expenditure deciles,Bulgaria,Savings Rate|Rural|D10,-10.31497392780049,mean
Reference,Expenditure deciles,Bulgaria,Household Size|Rural|D10,2.569574647604223,mean
Reference,Expenditure deciles,Bulgaria,Equivalence Household Size|Rural|D10,1.7313355864225666,mean
Reference,Expenditure deciles,Bulgaria,Expenditure Share|Food|Rural|D10,27.054343704772446,mean
Reference,Expenditure deciles,Bulgaria,Expenditure Share|Energy|Housing|Rural|D10,12.084561517944694,mean
Reference,Expenditure deciles,Bulgaria,Expenditure Share|Energy|Transportation|Rural|D10,5.512755129288771,mean
Reference,Expenditure deciles,Bulgaria,Expenditure Share|Other|Rural|D10,-43.65166035200592,mean
Reference,Expenditure deciles,Bulgaria,Expenditure Decile|Rural|D10,0.20016924536975453,mean
Reference,Expenditure deciles,Bulgaria,Income Decile|Rural|D10,0.17074674045866453,mean
Reference,Expenditure deciles,Bulgaria,Savings Rate|Urban|D10,-12.560530658923362,mean
Reference,Expenditure deciles,Bulgaria,Household Size|Urban|D10,2.1745024790754197,mean
Reference,Expenditure deciles,Bulgaria,Equivalence Household Size|Urban|D10,1.5161440750550759,mean
Reference,Expenditure deciles,Bulgaria,Expenditure Share|Food|Urban|D10,17.89988320245455,mean
Reference,Expenditure deciles,Bulgaria,Expenditure Share|Energy|Housing|Urban|D10,5.749654120125231,mean
Reference,Expenditure deciles,Bulgaria,Expenditure Share|Energy|Transportation|Urban|D10,5.43848503393041,mean
Reference,Expenditure deciles,Bulgaria,Expenditure Share|Other|Urban|D10,-28.088022356510194,mean
Reference,Expenditure deciles,Bulgaria,Expenditure Decile|Urban|D10,0.1973883129264128,mean
Reference,Expenditure deciles,Bulgaria,Income Decile|Urban|D10,0.1732207173178249,mean
Reference,Expenditure deciles,Croatia,Savings Rate|Rural|D1,67.39467165675018,mean
Reference,Expenditure deciles,Croatia,Household Size|Rural|D1,4.292880336316879,mean
Reference,Expenditure deciles,Croatia,Equivalence Household Size|Rural|D1,2.5228891850052877,mean
Reference,Expenditure deciles,Croatia,Expenditure Share|Food|Rural|D1,32.45349307755629,mean
Reference,Expenditure deciles,Croatia,Expenditure Share|Energy|Housing|Rural|D1,12.765212815911491,mean
Reference,Expenditure deciles,Croatia,Expenditure Share|Energy|Transportation|Rural|D1,0.9642159178745605,mean
Reference,Expenditure deciles,Croatia,Expenditure Share|Other|Rural|D1,-45.18292181134234,mean
Reference,Expenditure deciles,Croatia,Expenditure Decile|Rural|D1,0.034136677107599066,mean
Reference,Expenditure deciles,Croatia,Income Decile|Rural|D1,0.13911854526042355,mean
Reference,Expenditure deciles,Croatia,Savings Rate|Urban|D1,72.66729228589298,mean
Reference,Expenditure deciles,Croatia,Household Size|Urban|D1,3.773848678526331,mean
Reference,Expenditure deciles,Croatia,Equivalence Household Size|Urban|D1,2.249975189719145,mean
Reference,Expenditure deciles,Croatia,Expenditure Share|Food|Urban|D1,33.24838264682571,mean
Reference,Expenditure deciles,Croatia,Expenditure Share|Energy|Housing|Urban|D1,13.551248220097618,mean
Reference,Expenditure deciles,Croatia,Expenditure Share|Energy|Transportation|Urban|D1,0.34296898337318094,mean
Reference,Expenditure deciles,Croatia,Expenditure Share|Other|Urban|D1,-46.142599850296506,mean
Reference,Expenditure deciles,Croatia,Expenditure Decile|Urban|D1,0.03046101364787491,mean
Reference,Expenditure deciles,Croatia,Income Decile|Urban|D1,0.11675319093358345,mean
Reference,Expenditure deciles,Croatia,Savings Rate|Rural|D2,48.05507882746401,mean
Reference,Expenditure deciles,Croatia,Household Size|Rural|D2,4.175782927741694,mean
Reference,Expenditure deciles,Croatia,Equivalence Household Size|Rural|D2,2.453967356855141,mean
Reference,Expenditure deciles,Croatia,Expenditure Share|Food|Rural|D2,28.934491912683562,mean
Reference,Expenditure deciles,Croatia,Expenditure Share|Energy|Housing|Rural|D2,12.790833772199658,mean
Reference,Expenditure deciles,Croatia,Expenditure Share|Energy|Transportation|Rural|D2,3.262736420843659,mean
Reference,Expenditure deciles,Croatia,Expenditure Share|Other|Rural|D2,-43.988062105726875,mean
Reference,Expenditure deciles,Croatia,Expenditure Decile|Rural|D2,0.05295408217956852,mean
Reference,Expenditure deciles,Croatia,Income Decile|Rural|D2,0.14488526180931732,mean
Reference,Expenditure deciles,Croatia,Savings Rate|Urban|D2,54.01225738028401,mean
Reference,Expenditure deciles,Croatia,Household Size|Urban|D2,3.6454860755278453,mean
Reference,Expenditure deciles,Croatia,Equivalence Household Size|Urban|D2,2.2205359349498393,mean
Reference,Expenditure deciles,Croatia,Expenditure Share|Food|Urban|D2,28.10981382396199,mean
Reference,Expenditure deciles,Croatia,Expenditure Share|Energy|Housing|Urban|D2,13.045129065615212,mean
Reference,Expenditure deciles,Croatia,Expenditure Share|Energy|Transportation|Urban|D2,1.8160352582635004,mean
Reference,Expenditure deciles,Croatia,Expenditure Share|Other|Urban|D2,-41.9709781478407,mean
Reference,Expenditure deciles,Croatia,Expenditure Decile|Urban|D2,0.05055142653295345,mean
Reference,Expenditure deciles,Croatia,Income Decile|Urban|D2,0.11469018321599776,mean
Reference,Expenditure deciles,Croatia,Savings Rate|Rural|D3,17.427860680051584,mean
Reference,Expenditure deciles,Croatia,Household Size|Rural|D3,3.818030390446449,mean
Reference,Expenditure deciles,Croatia,Equivalence Household Size|Rural|D3,2.2787625589330434,mean
Reference,Expenditure deciles,Croatia,Expenditure Share|Food|Rural|D3,29.879447584323778,mean
Reference,Expenditure deciles,Croatia,Expenditure Share|Energy|Housing|Rural|D3,10.175886562759475,mean
Reference,Expenditure deciles,Croatia,Expenditure Share|Energy|Transportation|Rural|D3,3.3727468965469543,mean
Reference,Expenditure deciles,Croatia,Expenditure Share|Other|Rural|D3,-42.42808104363021,mean
Reference,Expenditure deciles,Croatia,Expenditure Decile|Rural|D3,0.06550638319489334,mean
Reference,Expenditure deciles,Croatia,Income Decile|Rural|D3,0.11150839251992961,mean
Reference,Expenditure deciles,Croatia,Savings Rate|Urban|D3,38.45629964665886,mean
Reference,Expenditure deciles,Croatia,Household Size|Urban|D3,3.459161797671463,mean
Reference,Expenditure deciles,Croatia,Equivalence Household Size|Urban|D3,2.1211359401518544,mean
Reference,Expenditure deciles,Croatia,Expenditure Share|Food|Urban|D3,27.497771700760893,mean
Reference,Expenditure deciles,Croatia,Expenditure Share|Energy|Housing|Urban|D3,11.067688542426222,mean
Reference,Expenditure deciles,Croatia,Expenditure Share|Energy|Transportation|Urban|D3,3.981378933683226,mean
Reference,Expenditure deciles,Croatia,Expenditure Share|Other|Urban|D3,-41.54683917687034,mean
Reference,Expenditure deciles,Croatia,Expenditure Decile|Urban|D3,0.06705679877270943,mean
Reference,Expenditure deciles,Croatia,Income Decile|Urban|D3,0.11572233155565928,mean
Reference,Expenditure deciles,Croatia,Savings Rate|Rural|D4,7.8692530897617186,mean
Reference,Expenditure deciles,Croatia,Household Size|Rural|D4,3.314237639363119,mean
Reference,Expenditure deciles,Croatia,Equivalence Household Size|Rural|D4,2.0573116016910844,mean
Reference,Expenditure deciles,Croatia,Expenditure Share|Food|Rural|D4,27.237183541651763,mean
Reference,Expenditure deciles,Croatia,Expenditure Share|Energy|Housing|Rural|D4,10.969786821351395,mean
Reference,Expenditure deciles,Croatia,Expenditure Share|Energy|Transportation|Rural|D4,4.031531255694282,mean
Reference,Expenditure deciles,Croatia,Expenditure Share|Other|Rural|D4,-41.238501618697434,mean
Reference,Expenditure deciles,Croatia,Expenditure Decile|Rural|D4,0.07388549178808562,mean
Reference,Expenditure deciles,Croatia,Income Decile|Rural|D4,0.10555998988068353,mean
Reference,Expenditure deciles,Croatia,Savings Rate|Urban|D4,28.633399123539178,mean
Reference,Expenditure deciles,Croatia,Household Size|Urban|D4,3.04261473832925,mean
Reference,Expenditure deciles,Croatia,Equivalence Household Size|Urban|D4,1.9489898415159579,mean
Reference,Expenditure deciles,Croatia,Expenditure Share|Food|Urban|D4,26.54723846242758,mean
Reference,Expenditure deciles,Croatia,Expenditure Share|Energy|Housing|Urban|D4,10.696612956265328,mean
Reference,Expenditure deciles,Croatia,Expenditure Share|Energy|Transportation|Urban|D4,4.044265639056729,mean
Reference,Expenditure deciles,Croatia,Expenditure Share|Other|Urban|D4,-40.28811705774964,mean
Reference,Expenditure deciles,Croatia,Expenditure Decile|Urban|D4,0.07496454694076843,mean
Reference,Expenditure deciles,Croatia,Income Decile|Urban|D4,0.107173077974983,mean
Reference,Expenditure deciles,Croatia,Savings Rate|Rural|D5,-15.234118406069717,mean
Reference,Expenditure deciles,Croatia,Household Size|Rural|D5,3.2173019552155813,mean
Reference,Expenditure deciles,Croatia,Equivalence Household Size|Rural|D5,2.022697144917636,mean
Reference,Expenditure deciles,Croatia,Expenditure Share|Food|Rural|D5,26.268536212123475,mean
Reference,Expenditure deciles,Croatia,Expenditure Share|Energy|Housing|Rural|D5,9.954106804280187,mean
Reference,Expenditure deciles,Croatia,Expenditure Share|Energy|Transportation|Rural|D5,4.549115609755785,mean
Reference,Expenditure deciles,Croatia,Expenditure Share|Other|Rural|D5,-39.771758626159446,mean
Reference,Expenditure deciles,Croatia,Expenditure Decile|Rural|D5,0.09128431711937515,mean
Reference,Expenditure deciles,Croatia,Income Decile|Rural|D5,0.11150911148041753,mean
Reference,Expenditure deciles,Croatia,Savings Rate|Urban|D5,11.729401482728676,mean
Reference,Expenditure deciles,Croatia,Household Size|Urban|D5,3.1563144779488033,mean
Reference,Expenditure deciles,Croatia,Equivalence Household Size|Urban|D5,1.9844074965209668,mean
Reference,Expenditure deciles,Croatia,Expenditure Share|Food|Urban|D5,25.436312071035964,mean
Reference,Expenditure deciles,Croatia,Expenditure Share|Energy|Housing|Urban|D5,9.782541693524841,mean
Reference,Expenditure deciles,Croatia,Expenditure Share|Energy|Transportation|Urban|D5,5.749186817712239,mean
Reference,Expenditure deciles,Croatia,Expenditure Share|Other|Urban|D5,-39.96804058227304,mean
Reference,Expenditure deciles,Croatia,Expenditure Decile|Urban|D5,0.0911942150780789,mean
Reference,Expenditure deciles,Croatia,Income Decile|Urban|D5,0.11829425145159135,mean
Reference,Expenditure deciles,Croatia,Savings Rate|Rural|D6,-54.896115951085086,mean
Reference,Expenditure deciles,Croatia,Household Size|Rural|D6,3.0502419415778235,mean
Reference,Expenditure deciles,Croatia,Equivalence Household Size|Rural|D6,1.9244542719131883,mean
Reference,Expenditure deciles,Croatia,Expenditure Share|Food|Rural|D6,26.80581758488668,mean
Reference,Expenditure deciles,Croatia,Expenditure Share|Energy|Housing|Rural|D6,9.381761855944541,mean
Reference,Expenditure deciles,Croatia,Expenditure Share|Energy|Transportation|Rural|D6,6.243825359444042,mean
Reference,Expenditure deciles,Croatia,Expenditure Share|Other|Rural|D6,-41.43140480027526,mean
Reference,Expenditure deciles,Croatia,Expenditure Decile|Rural|D6,0.10514354560460036,mean
Reference,Expenditure deciles,Croatia,Income Decile|Rural|D6,0.09118922155609123,mean
Reference,Expenditure deciles,Croatia,Savings Rate|Urban|D6,-3.6330575756692394,mean
Reference,Expenditure deciles,Croatia,Household Size|Urban|D6,2.7017670422623525,mean
Reference,Expenditure deciles,Croatia,Equivalence Household Size|Urban|D6,1.7956331468602698,mean
Reference,Expenditure deciles,Croatia,Expenditure Share|Food|Urban|D6,24.38073765386731,mean
Reference,Expenditure deciles,Croatia,Expenditure Share|Energy|Housing|Urban|D6,10.483831961351735,mean
Reference,Expenditure deciles,Croatia,Expenditure Share|Energy|Transportation|Urban|D6,5.068849819771968,mean
Reference,Expenditure deciles,Croatia,Expenditure Share|Other|Urban|D6,-38.933419434991016,mean
Reference,Expenditure deciles,Croatia,Expenditure Decile|Urban|D6,0.09757402073582896,mean
Reference,Expenditure deciles,Croatia,Income Decile|Urban|D6,0.09914146511820864,mean
Reference,Expenditure deciles,Croatia,Savings Rate|Rural|D7,-77.35082153491747,mean
Reference,Expenditure deciles,Croatia,Household Size|Rural|D7,2.7118535460775153,mean
Reference,Expenditure deciles,Croatia,Equivalence Household Size|Rural|D7,1.76632313895432,mean
Reference,Expenditure deciles,Croatia,Expenditure Share|Food|Rural|D7,24.82891937314634,mean
Reference,Expenditure deciles,Croatia,Expenditure Share|Energy|Housing|Rural|D7,8.779244488108494,mean
Reference,Expenditure deciles,Croatia,Expenditure Share|Energy|Transportation|Rural|D7,6.348375690792036,mean
Reference,Expenditure deciles,Croatia,Expenditure Share|Other|Rural|D7,-38.95653955204688,mean
Reference,Expenditure deciles,Croatia,Expenditure Decile|Rural|D7,0.11344187219237438,mean
Reference,Expenditure deciles,Croatia,Income Decile|Rural|D7,0.08614418566995861,mean
Reference,Expenditure deciles,Croatia,Savings Rate|Urban|D7,-20.686085187259277,mean
Reference,Expenditure deciles,Croatia,Household Size|Urban|D7,2.5017985381345125,mean
Reference,Expenditure deciles,Croatia,Equivalence Household Size|Urban|D7,1.6815857930671783,mean
Reference,Expenditure deciles,Croatia,Expenditure Share|Food|Urban|D7,24.796440107188975,mean
Reference,Expenditure deciles,Croatia,Expenditure Share|Energy|Housing|Urban|D7,8.970181314232383,mean
Reference,Expenditure deciles,Croatia,Expenditure Share|Energy|Transportation|Urban|D7,5.571689427674685,mean
Reference,Expenditure deciles,Croatia,Expenditure Share|Other|Urban|D7,-38.33831084909604,mean
Reference,Expenditure deciles,Croatia,Expenditure Decile|Urban|D7,0.11070483187678905,mean
Reference,Expenditure deciles,Croatia,Income Decile|Urban|D7,0.09660040820096172,mean
Reference,Expenditure deciles,Croatia,Savings Rate|Rural|D8,-101.48670660647963,mean
Reference,Expenditure deciles,Croatia,Household Size|Rural|D8,2.1334515399082776,mean
Reference,Expenditure deciles,Croatia,Equivalence Household Size|Rural|D8,1.515378786591743,mean
Reference,Expenditure deciles,Croatia,Expenditure Share|Food|Rural|D8,24.416589867000365,mean
Reference,Expenditure deciles,Croatia,Expenditure Share|Energy|Housing|Rural|D8,9.073461359950969,mean
Reference,Expenditure deciles,Croatia,Expenditure Share|Energy|Transportation|Rural|D8,6.508712529722683,mean
Reference,Expenditure deciles,Croatia,Expenditure Share|Other|Rural|D8,-38.99876375667402,mean
Reference,Expenditure deciles,Croatia,Expenditure Decile|Rural|D8,0.12088802525088953,mean
Reference,Expenditure deciles,Croatia,Income Decile|Rural|D8,0.08726497424926373,mean
Reference,Expenditure deciles,Croatia,Savings Rate|Urban|D8,-53.4195043425041,mean
Reference,Expenditure deciles,Croatia,Household Size|Urban|D8,2.279518809638128,mean
Reference,Expenditure deciles,Croatia,Equivalence Household Size|Urban|D8,1.5953009550986068,mean
Reference,Expenditure deciles,Croatia,Expenditure Share|Food|Urban|D8,24.597880229022312,mean
Reference,Expenditure deciles,Croatia,Expenditure Share|Energy|Housing|Urban|D8,8.032149510095861,mean
Reference,Expenditure deciles,Croatia,Expenditure Share|Energy|Transportation|Urban|D8,5.808884572265218,mean
Reference,Expenditure deciles,Croatia,Expenditure Share|Other|Urban|D8,-37.4389143113834,mean
Reference,Expenditure deciles,Croatia,Expenditure Decile|Urban|D8,0.1287513910818816,mean
Reference,Expenditure deciles,Croatia,Income Decile|Urban|D8,0.08833131630006479,mean
Reference,Expenditure deciles,Croatia,Savings Rate|Rural|D9,-185.46585167592505,mean
Reference,Expenditure deciles,Croatia,Household Size|Rural|D9,1.832702145572413,mean
Reference,Expenditure deciles,Croatia,Equivalence Household Size|Rural|D9,1.3778799117844431,mean
Reference,Expenditure deciles,Croatia,Expenditure Share|Food|Rural|D9,23.23596574441485,mean
Reference,Expenditure deciles,Croatia,Expenditure Share|Energy|Housing|Rural|D9,8.007381138071645,mean
Reference,Expenditure deciles,Croatia,Expenditure Share|Energy|Transportation|Rural|D9,6.946820516339409,mean
Reference,Expenditure deciles,Croatia,Expenditure Share|Other|Rural|D9,-37.19016739882591,mean
Reference,Expenditure deciles,Croatia,Expenditure Decile|Rural|D9,0.14355306098716228,mean
Reference,Expenditure deciles,Croatia,Income Decile|Rural|D9,0.06824069741345992,mean
Reference,Expenditure deciles,Croatia,Savings Rate|Urban|D9,-111.01525306927695,mean
Reference,Expenditure deciles,Croatia,Household Size|Urban|D9,2.0016367909392083,mean
Reference,Expenditure deciles,Croatia,Equivalence Household Size|Urban|D9,1.4684081390849748,mean
Reference,Expenditure deciles,Croatia,Expenditure Share|Food|Urban|D9,22.79234236932097,mean
Reference,Expenditure deciles,Croatia,Expenditure Share|Energy|Housing|Urban|D9,7.832288388197973,mean
Reference,Expenditure deciles,Croatia,Expenditure Share|Energy|Transportation|Urban|D9,6.607752086202885,mean
Reference,Expenditure deciles,Croatia,Expenditure Share|Other|Urban|D9,-36.23238284372183,mean
Reference,Expenditure deciles,Croatia,Expenditure Decile|Urban|D9,0.14692055116371958,mean
Reference,Expenditure deciles,Croatia,Income Decile|Urban|D9,0.07930377265857695,mean
Reference,Expenditure deciles,Croatia,Savings Rate|Rural|D10,-404.4287289633986,mean
Reference,Expenditure deciles,Croatia,Household Size|Rural|D10,1.3626674358251123,mean
Reference,Expenditure deciles,Croatia,Equivalence Household Size|Rural|D10,1.1713906681793707,mean
Reference,Expenditure deciles,Croatia,Expenditure Share|Food|Rural|D10,20.68544618411944,mean
Reference,Expenditure deciles,Croatia,Expenditure Share|Energy|Housing|Rural|D10,7.089048141028166,mean
Reference,Expenditure deciles,Croatia,Expenditure Share|Energy|Transportation|Rural|D10,6.151612433232795,mean
Reference,Expenditure deciles,Croatia,Expenditure Share|Other|Rural|D10,-32.9261067583804,mean
Reference,Expenditure deciles,Croatia,Expenditure Decile|Rural|D10,0.19920654457545178,mean
Reference,Expenditure deciles,Croatia,Income Decile|Rural|D10,0.05457962016045495,mean
Reference,Expenditure deciles,Croatia,Savings Rate|Urban|D10,-264.70896410635515,mean
Reference,Expenditure deciles,Croatia,Household Size|Urban|D10,1.57659141615884,mean
Reference,Expenditure deciles,Croatia,Equivalence Household Size|Urban|D10,1.2554469084724533,mean
Reference,Expenditure deciles,Croatia,Expenditure Share|Food|Urban|D10,20.12151229226218,mean
Reference,Expenditure deciles,Croatia,Expenditure Share|Energy|Housing|Urban|D10,6.46310535462919,mean
Reference,Expenditure deciles,Croatia,Expenditure Share|Energy|Transportation|Urban|D10,6.399891513739926,mean
Reference,Expenditure deciles,Croatia,Expenditure Share|Other|Urban|D10,-31.984509160631298,mean
Reference,Expenditure deciles,Croatia,Expenditure Decile|Urban|D10,0.20182120416939578,mean
Reference,Expenditure deciles,Croatia,Income Decile|Urban|D10,0.06399000259037309,mean
Reference,Expenditure deciles,Cyprus,Savings Rate|Rural|D1,25.81622079795929,mean
Reference,Expenditure deciles,Cyprus,Household Size|Rural|D1,2.0954872828502644,mean
Reference,Expenditure deciles,Cyprus,Equivalence Household Size|Rural|D1,1.507625347028697,mean
Reference,Expenditure deciles,Cyprus,Expenditure Share|Food|Rural|D1,26.011969360115195,mean
Reference,Expenditure deciles,Cyprus,Expenditure Share|Energy|Housing|Rural|D1,6.886035818042789,mean
Reference,Expenditure deciles,Cyprus,Expenditure Share|Energy|Transportation|Rural|D1,4.548024696309286,mean
Reference,Expenditure deciles,Cyprus,Expenditure Share|Other|Rural|D1,-36.44602987446727,mean
Reference,Expenditure deciles,Cyprus,Expenditure Decile|Rural|D1,0.03178477404301324,mean
Reference,Expenditure deciles,Cyprus,Income Decile|Rural|D1,0.04527284787937218,mean
Reference,Expenditure deciles,Cyprus,Savings Rate|Urban|D1,14.536773886237958,mean
Reference,Expenditure deciles,Cyprus,Household Size|Urban|D1,2.5422071654715883,mean
Reference,Expenditure deciles,Cyprus,Equivalence Household Size|Urban|D1,1.6857008020615791,mean
Reference,Expenditure deciles,Cyprus,Expenditure Share|Food|Urban|D1,23.101313725046253,mean
Reference,Expenditure deciles,Cyprus,Expenditure Share|Energy|Housing|Urban|D1,5.461255075422436,mean
Reference,Expenditure deciles,Cyprus,Expenditure Share|Energy|Transportation|Urban|D1,5.248356215308177,mean
Reference,Expenditure deciles,Cyprus,Expenditure Share|Other|Urban|D1,-32.81092501577687,mean
Reference,Expenditure deciles,Cyprus,Expenditure Decile|Urban|D1,0.03413191971243142,mean
Reference,Expenditure deciles,Cyprus,Income Decile|Urban|D1,0.043600022077805584,mean
Reference,Expenditure deciles,Cyprus,Savings Rate|Rural|D2,9.66517235028786,mean
Reference,Expenditure deciles,Cyprus,Household Size|Rural|D2,2.77172272326351,mean
Reference,Expenditure deciles,Cyprus,Equivalence Household Size|Rural|D2,1.791471056118689,mean
Reference,Expenditure deciles,Cyprus,Expenditure Share|Food|Rural|D2,25.32796283330881,mean
Reference,Expenditure deciles,Cyprus,Expenditure Share|Energy|Housing|Rural|D2,6.305012016603371,mean
Reference,Expenditure deciles,Cyprus,Expenditure Share|Energy|Transportation|Rural|D2,7.771917034387591,mean
Reference,Expenditure deciles,Cyprus,Expenditure Share|Other|Rural|D2,-38.40489188429977,mean
Reference,Expenditure deciles,Cyprus,Expenditure Decile|Rural|D2,0.05341379624509641,mean
Reference,Expenditure deciles,Cyprus,Income Decile|Rural|D2,0.06374577611648449,mean
Reference,Expenditure deciles,Cyprus,Savings Rate|Urban|D2,10.924581502431046,mean
Reference,Expenditure deciles,Cyprus,Household Size|Urban|D2,2.6593755967357953,mean
Reference,Expenditure deciles,Cyprus,Equivalence Household Size|Urban|D2,1.7646951758122813,mean
Reference,Expenditure deciles,Cyprus,Expenditure Share|Food|Urban|D2,22.316002001014482,mean
Reference,Expenditure deciles,Cyprus,Expenditure Share|Energy|Housing|Urban|D2,4.971546036983011,mean
Reference,Expenditure deciles,Cyprus,Expenditure Share|Energy|Transportation|Urban|D2,6.962346884971013,mean
Reference,Expenditure deciles,Cyprus,Expenditure Share|Other|Urban|D2,-33.24989492296851,mean
Reference,Expenditure deciles,Cyprus,Expenditure Decile|Urban|D2,0.052388267859250444,mean
Reference,Expenditure deciles,Cyprus,Income Decile|Urban|D2,0.06248326342558228,mean
Reference,Expenditure deciles,Cyprus,Savings Rate|Rural|D3,6.04297849407808,mean
Reference,Expenditure deciles,Cyprus,Household Size|Rural|D3,2.6454716630372808,mean
Reference,Expenditure deciles,Cyprus,Equivalence Household Size|Rural|D3,1.735891838785755,mean
Reference,Expenditure deciles,Cyprus,Expenditure Share|Food|Rural|D3,23.486946598714482,mean
Reference,Expenditure deciles,Cyprus,Expenditure Share|Energy|Housing|Rural|D3,5.662413854592934,mean
Reference,Expenditure deciles,Cyprus,Expenditure Share|Energy|Transportation|Rural|D3,7.527172592542514,mean
Reference,Expenditure deciles,Cyprus,Expenditure Share|Other|Rural|D3,-35.67653304584993,mean
Reference,Expenditure deciles,Cyprus,Expenditure Decile|Rural|D3,0.06199285179552074,mean
Reference,Expenditure deciles,Cyprus,Income Decile|Rural|D3,0.06978874310498952,mean
Reference,Expenditure deciles,Cyprus,Savings Rate|Urban|D3,5.203998347146392,mean
Reference,Expenditure deciles,Cyprus,Household Size|Urban|D3,2.7013035768302394,mean
Reference,Expenditure deciles,Cyprus,Equivalence Household Size|Urban|D3,1.7668025625478476,mean
Reference,Expenditure deciles,Cyprus,Expenditure Share|Food|Urban|D3,21.892042505005616,mean
Reference,Expenditure deciles,Cyprus,Expenditure Share|Energy|Housing|Urban|D3,4.587737553731037,mean
Reference,Expenditure deciles,Cyprus,Expenditure Share|Energy|Transportation|Urban|D3,7.051607143947628,mean
Reference,Expenditure deciles,Cyprus,Expenditure Share|Other|Urban|D3,-32.53138720268428,mean
Reference,Expenditure deciles,Cyprus,Expenditure Decile|Urban|D3,0.062102443889355596,mean
Reference,Expenditure deciles,Cyprus,Income Decile|Urban|D3,0.07042742684165323,mean
Reference,Expenditure deciles,Cyprus,Savings Rate|Rural|D4,5.294113292838559,mean
Reference,Expenditure deciles,Cyprus,Household Size|Rural|D4,2.8147836090502723,mean
Reference,Expenditure deciles,Cyprus,Equivalence Household Size|Rural|D4,1.784458276574693,mean
Reference,Expenditure deciles,Cyprus,Expenditure Share|Food|Rural|D4,23.585029460548032,mean
Reference,Expenditure deciles,Cyprus,Expenditure Share|Energy|Housing|Rural|D4,4.866373986773445,mean
Reference,Expenditure deciles,Cyprus,Expenditure Share|Energy|Transportation|Rural|D4,7.347633180885945,mean
Reference,Expenditure deciles,Cyprus,Expenditure Share|Other|Rural|D4,-34.799036628207425,mean
Reference,Expenditure deciles,Cyprus,Expenditure Decile|Rural|D4,0.07314268350699438,mean
Reference,Expenditure deciles,Cyprus,Income Decile|Rural|D4,0.08094765962563184,mean
Reference,Expenditure deciles,Cyprus,Savings Rate|Urban|D4,1.9822568801420646,mean
Reference,Expenditure deciles,Cyprus,Household Size|Urban|D4,2.7593640098787717,mean
Reference,Expenditure deciles,Cyprus,Equivalence Household Size|Urban|D4,1.7958459737672416,mean
Reference,Expenditure deciles,Cyprus,Expenditure Share|Food|Urban|D4,20.324922644859793,mean
Reference,Expenditure deciles,Cyprus,Expenditure Share|Energy|Housing|Urban|D4,4.199921034407593,mean
Reference,Expenditure deciles,Cyprus,Expenditure Share|Energy|Transportation|Urban|D4,7.4098118037884895,mean
Reference,Expenditure deciles,Cyprus,Expenditure Share|Other|Urban|D4,-30.934655483055877,mean
Reference,Expenditure deciles,Cyprus,Expenditure Decile|Urban|D4,0.0743494008579254,mean
Reference,Expenditure deciles,Cyprus,Income Decile|Urban|D4,0.08010256888262765,mean
Reference,Expenditure deciles,Cyprus,Savings Rate|Rural|D5,7.303869274067939,mean
Reference,Expenditure deciles,Cyprus,Household Size|Rural|D5,3.0916351934074586,mean
Reference,Expenditure deciles,Cyprus,Equivalence Household Size|Rural|D5,1.9583834960862565,mean
Reference,Expenditure deciles,Cyprus,Expenditure Share|Food|Rural|D5,21.80677847588835,mean
Reference,Expenditure deciles,Cyprus,Expenditure Share|Energy|Housing|Rural|D5,5.446561166115852,mean
Reference,Expenditure deciles,Cyprus,Expenditure Share|Energy|Transportation|Rural|D5,7.845897147026082,mean
Reference,Expenditure deciles,Cyprus,Expenditure Share|Other|Rural|D5,-34.09923678903028,mean
Reference,Expenditure deciles,Cyprus,Expenditure Decile|Rural|D5,0.08774207132390184,mean
Reference,Expenditure deciles,Cyprus,Income Decile|Rural|D5,0.09771577227409127,mean
Reference,Expenditure deciles,Cyprus,Savings Rate|Urban|D5,-3.057596042893215,mean
Reference,Expenditure deciles,Cyprus,Household Size|Urban|D5,2.474658107427064,mean
Reference,Expenditure deciles,Cyprus,Equivalence Household Size|Urban|D5,1.6636816223495634,mean
Reference,Expenditure deciles,Cyprus,Expenditure Share|Food|Urban|D5,18.5341610930925,mean
Reference,Expenditure deciles,Cyprus,Expenditure Share|Energy|Housing|Urban|D5,3.7859581136488156,mean
Reference,Expenditure deciles,Cyprus,Expenditure Share|Energy|Transportation|Urban|D5,7.209896524928914,mean
Reference,Expenditure deciles,Cyprus,Expenditure Share|Other|Urban|D5,-28.530015731670233,mean
Reference,Expenditure deciles,Cyprus,Expenditure Decile|Urban|D5,0.07901577446089024,mean
Reference,Expenditure deciles,Cyprus,Income Decile|Urban|D5,0.08082977102852888,mean
Reference,Expenditure deciles,Cyprus,Savings Rate|Rural|D6,-21.536433357242824,mean
Reference,Expenditure deciles,Cyprus,Household Size|Rural|D6,3.248811029624711,mean
Reference,Expenditure deciles,Cyprus,Equivalence Household Size|Rural|D6,2.0128738380938205,mean
Reference,Expenditure deciles,Cyprus,Expenditure Share|Food|Rural|D6,19.737598137231217,mean
Reference,Expenditure deciles,Cyprus,Expenditure Share|Energy|Housing|Rural|D6,4.513655787585198,mean
Reference,Expenditure deciles,Cyprus,Expenditure Share|Energy|Transportation|Rural|D6,7.914938072459948,mean
Reference,Expenditure deciles,Cyprus,Expenditure Share|Other|Rural|D6,-31.166191997276357,mean
Reference,Expenditure deciles,Cyprus,Expenditure Decile|Rural|D6,0.10119143862294538,mean
Reference,Expenditure deciles,Cyprus,Income Decile|Rural|D6,0.08943489055795609,mean
Reference,Expenditure deciles,Cyprus,Savings Rate|Urban|D6,-1.1180105059345857,mean
Reference,Expenditure deciles,Cyprus,Household Size|Urban|D6,2.6167232016444957,mean
Reference,Expenditure deciles,Cyprus,Equivalence Household Size|Urban|D6,1.7228792411469296,mean
Reference,Expenditure deciles,Cyprus,Expenditure Share|Food|Urban|D6,15.614148005795236,mean
Reference,Expenditure deciles,Cyprus,Expenditure Share|Energy|Housing|Urban|D6,3.9363381786791187,mean
Reference,Expenditure deciles,Cyprus,Expenditure Share|Energy|Transportation|Urban|D6,6.5191132972124946,mean
Reference,Expenditure deciles,Cyprus,Expenditure Share|Other|Urban|D6,-25.06959948168685,mean
Reference,Expenditure deciles,Cyprus,Expenditure Decile|Urban|D6,0.09348760623270115,mean
Reference,Expenditure deciles,Cyprus,Income Decile|Urban|D6,0.09801598186707497,mean
Reference,Expenditure deciles,Cyprus,Savings Rate|Rural|D7,-3.8796469909082747,mean
Reference,Expenditure deciles,Cyprus,Household Size|Rural|D7,3.26193995739793,mean
Reference,Expenditure deciles,Cyprus,Equivalence Household Size|Rural|D7,2.0048101000364635,mean
Reference,Expenditure deciles,Cyprus,Expenditure Share|Food|Rural|D7,18.022529551035817,mean
Reference,Expenditure deciles,Cyprus,Expenditure Share|Energy|Housing|Rural|D7,4.444668193093795,mean
Reference,Expenditure deciles,Cyprus,Expenditure Share|Energy|Transportation|Rural|D7,7.679530622482571,mean
Reference,Expenditure deciles,Cyprus,Expenditure Share|Other|Rural|D7,-29.14672836661218,mean
Reference,Expenditure deciles,Cyprus,Expenditure Decile|Rural|D7,0.11300157899534477,mean
Reference,Expenditure deciles,Cyprus,Income Decile|Rural|D7,0.11491841486221048,mean
Reference,Expenditure deciles,Cyprus,Savings Rate|Urban|D7,-1.5256436303558507,mean
Reference,Expenditure deciles,Cyprus,Household Size|Urban|D7,2.8528384528252135,mean
Reference,Expenditure deciles,Cyprus,Equivalence Household Size|Urban|D7,1.8172271012577157,mean
Reference,Expenditure deciles,Cyprus,Expenditure Share|Food|Urban|D7,15.5943841413333,mean
Reference,Expenditure deciles,Cyprus,Expenditure Share|Energy|Housing|Urban|D7,3.6350003775625708,mean
Reference,Expenditure deciles,Cyprus,Expenditure Share|Energy|Transportation|Urban|D7,6.23105421899491,mean
Reference,Expenditure deciles,Cyprus,Expenditure Share|Other|Urban|D7,-24.460438737890783,mean
Reference,Expenditure deciles,Cyprus,Expenditure Decile|Urban|D7,0.11238284430434224,mean
Reference,Expenditure deciles,Cyprus,Income Decile|Urban|D7,0.11600621705091223,mean
Reference,Expenditure deciles,Cyprus,Savings Rate|Rural|D8,-8.693330956992288,mean
Reference,Expenditure deciles,Cyprus,Household Size|Rural|D8,3.043569031659942,mean
Reference,Expenditure deciles,Cyprus,Equivalence Household Size|Rural|D8,1.9282059736111765,mean
Reference,Expenditure deciles,Cyprus,Expenditure Share|Food|Rural|D8,17.62774429132324,mean
Reference,Expenditure deciles,Cyprus,Expenditure Share|Energy|Housing|Rural|D8,4.622989393272603,mean
Reference,Expenditure deciles,Cyprus,Expenditure Share|Energy|Transportation|Rural|D8,7.059867080747514,mean
Reference,Expenditure deciles,Cyprus,Expenditure Share|Other|Rural|D8,-28.310600765343356,mean
Reference,Expenditure deciles,Cyprus,Expenditure Decile|Rural|D8,0.12748975904502224,mean
Reference,Expenditure deciles,Cyprus,Income Decile|Rural|D8,0.12272942559075807,mean
Reference,Expenditure deciles,Cyprus,Savings Rate|Urban|D8,-13.997359577025899,mean
Reference,Expenditure deciles,Cyprus,Household Size|Urban|D8,2.478317977087835,mean
Reference,Expenditure deciles,Cyprus,Equivalence Household Size|Urban|D8,1.668365297600805,mean
Reference,Expenditure deciles,Cyprus,Expenditure Share|Food|Urban|D8,14.166038273746313,mean
Reference,Expenditure deciles,Cyprus,Expenditure Share|Energy|Housing|Urban|D8,3.3042531225459513,mean
Reference,Expenditure deciles,Cyprus,Expenditure Share|Energy|Transportation|Urban|D8,6.502209612155264,mean
Reference,Expenditure deciles,Cyprus,Expenditure Share|Other|Urban|D8,-22.972501008447527,mean
Reference,Expenditure deciles,Cyprus,Expenditure Decile|Urban|D8,0.1206100689647991,mean
Reference,Expenditure deciles,Cyprus,Income Decile|Urban|D8,0.11156736446847797,mean
Reference,Expenditure deciles,Cyprus,Savings Rate|Rural|D9,-20.762160564357348,mean
Reference,Expenditure deciles,Cyprus,Household Size|Rural|D9,3.22718303144282,mean
Reference,Expenditure deciles,Cyprus,Equivalence Household Size|Rural|D9,2.0024655458096667,mean
Reference,Expenditure deciles,Cyprus,Expenditure Share|Food|Rural|D9,13.889429660623895,mean
Reference,Expenditure deciles,Cyprus,Expenditure Share|Energy|Housing|Rural|D9,3.9146937497892735,mean
Reference,Expenditure deciles,Cyprus,Expenditure Share|Energy|Transportation|Rural|D9,6.8677238298085594,mean
Reference,Expenditure deciles,Cyprus,Expenditure Share|Other|Rural|D9,-23.671847240221727,mean
Reference,Expenditure deciles,Cyprus,Expenditure Decile|Rural|D9,0.1566873995764418,mean
Reference,Expenditure deciles,Cyprus,Income Decile|Rural|D9,0.1359001263669566,mean
Reference,Expenditure deciles,Cyprus,Savings Rate|Urban|D9,-19.772504214872612,mean
Reference,Expenditure deciles,Cyprus,Household Size|Urban|D9,2.784559971160485,mean
Reference,Expenditure deciles,Cyprus,Equivalence Household Size|Urban|D9,1.8026073305113723,mean
Reference,Expenditure deciles,Cyprus,Expenditure Share|Food|Urban|D9,11.627225283500843,mean
Reference,Expenditure deciles,Cyprus,Expenditure Share|Energy|Housing|Urban|D9,2.9961960008956905,mean
Reference,Expenditure deciles,Cyprus,Expenditure Share|Energy|Transportation|Urban|D9,5.169326697875077,mean
Reference,Expenditure deciles,Cyprus,Expenditure Share|Other|Urban|D9,-18.79274798227161,mean
Reference,Expenditure deciles,Cyprus,Expenditure Decile|Urban|D9,0.15800425352967373,mean
Reference,Expenditure deciles,Cyprus,Income Decile|Urban|D9,0.14785363610191057,mean
Reference,Expenditure deciles,Cyprus,Savings Rate|Rural|D10,-28.906717135956207,mean
Reference,Expenditure deciles,Cyprus,Household Size|Rural|D10,2.547893536112186,mean
Reference,Expenditure deciles,Cyprus,Equivalence Household Size|Rural|D10,1.7273341905817239,mean
Reference,Expenditure deciles,Cyprus,Expenditure Share|Food|Rural|D10,11.866074927144082,mean
Reference,Expenditure deciles,Cyprus,Expenditure Share|Energy|Housing|Rural|D10,3.0420599193026225,mean
Reference,Expenditure deciles,Cyprus,Expenditure Share|Energy|Transportation|Rural|D10,4.89627011078192,mean
Reference,Expenditure deciles,Cyprus,Expenditure Share|Other|Rural|D10,-18.804404957228623,mean
Reference,Expenditure deciles,Cyprus,Expenditure Decile|Rural|D10,0.19355364684571924,mean
Reference,Expenditure deciles,Cyprus,Income Decile|Rural|D10,0.17954634362154948,mean
Reference,Expenditure deciles,Cyprus,Savings Rate|Urban|D10,-21.726131524176996,mean
Reference,Expenditure deciles,Cyprus,Household Size|Urban|D10,2.4997637686672967,mean
Reference,Expenditure deciles,Cyprus,Equivalence Household Size|Urban|D10,1.6933544439932706,mean
Reference,Expenditure deciles,Cyprus,Expenditure Share|Food|Urban|D10,9.431827573719259,mean
Reference,Expenditure deciles,Cyprus,Expenditure Share|Energy|Housing|Urban|D10,2.7488002706492014,mean
Reference,Expenditure deciles,Cyprus,Expenditure Share|Energy|Transportation|Urban|D10,4.327004840502629,mean
Reference,Expenditure deciles,Cyprus,Expenditure Share|Other|Urban|D10,-15.507632684871087,mean
Reference,Expenditure deciles,Cyprus,Expenditure Decile|Urban|D10,0.21352742018863063,mean
Reference,Expenditure deciles,Cyprus,Income Decile|Urban|D10,0.1891137482554267,mean
Reference,Expenditure deciles,Denmark,Savings Rate|Rural|D1,71.89402618518237,mean
Reference,Expenditure deciles,Denmark,Household Size|Rural|D1,3.7015037696701585,mean
Reference,Expenditure deciles,Denmark,Equivalence Household Size|Rural|D1,2.109771655817144,mean
Reference,Expenditure deciles,Denmark,Expenditure Share|Food|Rural|D1,14.278366825275068,mean
Reference,Expenditure deciles,Denmark,Expenditure Share|Energy|Housing|Rural|D1,10.27131605191872,mean
Reference,Expenditure deciles,Denmark,Expenditure Share|Energy|Transportation|Rural|D1,2.033622668584911,mean
Reference,Expenditure deciles,Denmark,Expenditure Share|Other|Rural|D1,-25.583305545778696,mean
Reference,Expenditure deciles,Denmark,Expenditure Decile|Rural|D1,0.04357617894080189,mean
Reference,Expenditure deciles,Denmark,Income Decile|Rural|D1,0.13996631077299065,mean
Reference,Expenditure deciles,Denmark,Savings Rate|Urban|D1,75.22226639267694,mean
Reference,Expenditure deciles,Denmark,Household Size|Urban|D1,3.2398515596590642,mean
Reference,Expenditure deciles,Denmark,Equivalence Household Size|Urban|D1,1.9534516996677513,mean
Reference,Expenditure deciles,Denmark,Expenditure Share|Food|Urban|D1,14.328603676541746,mean
Reference,Expenditure deciles,Denmark,Expenditure Share|Energy|Housing|Urban|D1,10.412497183150002,mean
Reference,Expenditure deciles,Denmark,Expenditure Share|Energy|Transportation|Urban|D1,2.0834432472501065,mean
Reference,Expenditure deciles,Denmark,Expenditure Share|Other|Urban|D1,-25.824544106941854,mean
Reference,Expenditure deciles,Denmark,Expenditure Decile|Urban|D1,0.04346920645504043,mean
Reference,Expenditure deciles,Denmark,Income Decile|Urban|D1,0.14352772962174837,mean
Reference,Expenditure deciles,Denmark,Savings Rate|Rural|D2,57.929437721874045,mean
Reference,Expenditure deciles,Denmark,Household Size|Rural|D2,2.757305554512799,mean
Reference,Expenditure deciles,Denmark,Equivalence Household Size|Rural|D2,1.7414895118402296,mean
Reference,Expenditure deciles,Denmark,Expenditure Share|Food|Rural|D2,14.160533140547306,mean
Reference,Expenditure deciles,Denmark,Expenditure Share|Energy|Housing|Rural|D2,9.738613371566966,mean
Reference,Expenditure deciles,Denmark,Expenditure Share|Energy|Transportation|Rural|D2,2.629811146955673,mean
Reference,Expenditure deciles,Denmark,Expenditure Share|Other|Rural|D2,-25.528957659069945,mean
Reference,Expenditure deciles,Denmark,Expenditure Decile|Rural|D2,0.05341901493273713,mean
Reference,Expenditure deciles,Denmark,Income Decile|Rural|D2,0.11899039463856105,mean
Reference,Expenditure deciles,Denmark,Savings Rate|Urban|D2,60.020584941861124,mean
Reference,Expenditure deciles,Denmark,Household Size|Urban|D2,2.646225283880546,mean
Reference,Expenditure deciles,Denmark,Equivalence Household Size|Urban|D2,1.718910825531463,mean
Reference,Expenditure deciles,Denmark,Expenditure Share|Food|Urban|D2,14.786248166405477,mean
Reference,Expenditure deciles,Denmark,Expenditure Share|Energy|Housing|Urban|D2,9.247139333348894,mean
Reference,Expenditure deciles,Denmark,Expenditure Share|Energy|Transportation|Urban|D2,3.2168940312886067,mean
Reference,Expenditure deciles,Denmark,Expenditure Share|Other|Urban|D2,-26.250281531042976,mean
Reference,Expenditure deciles,Denmark,Expenditure Decile|Urban|D2,0.056760149681285704,mean
Reference,Expenditure deciles,Denmark,Income Decile|Urban|D2,0.12091853943238204,mean
Reference,Expenditure deciles,Denmark,Savings Rate|Rural|D3,53.91835854906365,mean
Reference,Expenditure deciles,Denmark,Household Size|Rural|D3,2.787553705671935,mean
Reference,Expenditure deciles,Denmark,Equivalence Household Size|Rural|D3,1.7356167366393582,mean
Reference,Expenditure deciles,Denmark,Expenditure Share|Food|Rural|D3,13.683054125370553,mean
Reference,Expenditure deciles,Denmark,Expenditure Share|Energy|Housing|Rural|D3,9.741741362261262,mean
Reference,Expenditure deciles,Denmark,Expenditure Share|Energy|Transportation|Rural|D3,2.6526443319743787,mean
Reference,Expenditure deciles,Denmark,Expenditure Share|Other|Rural|D3,-25.077439819606195,mean
Reference,Expenditure deciles,Denmark,Expenditure Decile|Rural|D3,0.06877646100314819,mean
Reference,Expenditure deciles,Denmark,Income Decile|Rural|D3,0.13581979437771277,mean
Reference,Expenditure deciles,Denmark,Savings Rate|Urban|D3,40.37201713546312,mean
Reference,Expenditure deciles,Denmark,Household Size|Urban|D3,2.4831898341290377,mean
Reference,Expenditure deciles,Denmark,Equivalence Household Size|Urban|D3,1.6216306085633885,mean
Reference,Expenditure deciles,Denmark,Expenditure Share|Food|Urban|D3,13.621438000397612,mean
Reference,Expenditure deciles,Denmark,Expenditure Share|Energy|Housing|Urban|D3,9.27660210063062,mean
Reference,Expenditure deciles,Denmark,Expenditure Share|Energy|Transportation|Urban|D3,2.653804917412959,mean
Reference,Expenditure deciles,Denmark,Expenditure Share|Other|Urban|D3,-24.55184501844119,mean
Reference,Expenditure deciles,Denmark,Expenditure Decile|Urban|D3,0.06718182841926668,mean
Reference,Expenditure deciles,Denmark,Income Decile|Urban|D3,0.10946863234000044,mean
Reference,Expenditure deciles,Denmark,Savings Rate|Rural|D4,25.893553705823102,mean
Reference,Expenditure deciles,Denmark,Household Size|Rural|D4,2.561733561793811,mean
Reference,Expenditure deciles,Denmark,Equivalence Household Size|Rural|D4,1.6571890639230649,mean
Reference,Expenditure deciles,Denmark,Expenditure Share|Food|Rural|D4,13.259480785257987,mean
Reference,Expenditure deciles,Denmark,Expenditure Share|Energy|Housing|Rural|D4,8.85892347287012,mean
Reference,Expenditure deciles,Denmark,Expenditure Share|Energy|Transportation|Rural|D4,2.501105330513578,mean
Reference,Expenditure deciles,Denmark,Expenditure Share|Other|Rural|D4,-23.619509588641687,mean
Reference,Expenditure deciles,Denmark,Expenditure Decile|Rural|D4,0.07962503829410911,mean
Reference,Expenditure deciles,Denmark,Income Decile|Rural|D4,0.10087103696919057,mean
Reference,Expenditure deciles,Denmark,Savings Rate|Urban|D4,33.922255032380185,mean
Reference,Expenditure deciles,Denmark,Household Size|Urban|D4,2.27863468052708,mean
Reference,Expenditure deciles,Denmark,Equivalence Household Size|Urban|D4,1.5463658442714574,mean
Reference,Expenditure deciles,Denmark,Expenditure Share|Food|Urban|D4,13.718504583176902,mean
Reference,Expenditure deciles,Denmark,Expenditure Share|Energy|Housing|Urban|D4,9.351969388537347,mean
Reference,Expenditure deciles,Denmark,Expenditure Share|Energy|Transportation|Urban|D4,2.5349074163770577,mean
Reference,Expenditure deciles,Denmark,Expenditure Share|Other|Urban|D4,-24.605381388091306,mean
Reference,Expenditure deciles,Denmark,Expenditure Decile|Urban|D4,0.0781661611522565,mean
Reference,Expenditure deciles,Denmark,Income Decile|Urban|D4,0.11624837917811862,mean
Reference,Expenditure deciles,Denmark,Savings Rate|Rural|D5,23.35916280148057,mean
Reference,Expenditure deciles,Denmark,Household Size|Rural|D5,2.4639414882435777,mean
Reference,Expenditure deciles,Denmark,Equivalence Household Size|Rural|D5,1.6018632358250235,mean
Reference,Expenditure deciles,Denmark,Expenditure Share|Food|Rural|D5,11.986179769722668,mean
Reference,Expenditure deciles,Denmark,Expenditure Share|Energy|Housing|Rural|D5,7.61194638811136,mean
Reference,Expenditure deciles,Denmark,Expenditure Share|Energy|Transportation|Rural|D5,3.935249290023737,mean
Reference,Expenditure deciles,Denmark,Expenditure Share|Other|Rural|D5,-22.533375447857765,mean
Reference,Expenditure deciles,Denmark,Expenditure Decile|Rural|D5,0.0859370048232724,mean
Reference,Expenditure deciles,Denmark,Income Decile|Rural|D5,0.10235902696593357,mean
Reference,Expenditure deciles,Denmark,Savings Rate|Urban|D5,13.71500528603118,mean
Reference,Expenditure deciles,Denmark,Household Size|Urban|D5,2.0579388899945528,mean
Reference,Expenditure deciles,Denmark,Equivalence Household Size|Urban|D5,1.4405427342413033,mean
Reference,Expenditure deciles,Denmark,Expenditure Share|Food|Urban|D5,13.410919261753989,mean
Reference,Expenditure deciles,Denmark,Expenditure Share|Energy|Housing|Urban|D5,8.305310561166616,mean
Reference,Expenditure deciles,Denmark,Expenditure Share|Energy|Transportation|Urban|D5,2.9506232252208062,mean
Reference,Expenditure deciles,Denmark,Expenditure Share|Other|Urban|D5,-23.66685304814141,mean
Reference,Expenditure deciles,Denmark,Expenditure Decile|Urban|D5,0.08697629374550522,mean
Reference,Expenditure deciles,Denmark,Income Decile|Urban|D5,0.09486581146277602,mean
Reference,Expenditure deciles,Denmark,Savings Rate|Rural|D6,7.476146760372497,mean
Reference,Expenditure deciles,Denmark,Household Size|Rural|D6,1.8976909846207946,mean
Reference,Expenditure deciles,Denmark,Equivalence Household Size|Rural|D6,1.3964964877342279,mean
Reference,Expenditure deciles,Denmark,Expenditure Share|Food|Rural|D6,11.249329341131482,mean
Reference,Expenditure deciles,Denmark,Expenditure Share|Energy|Housing|Rural|D6,7.410827072917392,mean
Reference,Expenditure deciles,Denmark,Expenditure Share|Energy|Transportation|Rural|D6,3.4855072373966878,mean
Reference,Expenditure deciles,Denmark,Expenditure Share|Other|Rural|D6,-21.14566365144556,mean
Reference,Expenditure deciles,Denmark,Expenditure Decile|Rural|D6,0.08888054775451336,mean
Reference,Expenditure deciles,Denmark,Income Decile|Rural|D6,0.0863982507352873,mean
Reference,Expenditure deciles,Denmark,Savings Rate|Urban|D6,-14.736049723538171,mean
Reference,Expenditure deciles,Denmark,Household Size|Urban|D6,1.8017120573662413,mean
Reference,Expenditure deciles,Denmark,Equivalence Household Size|Urban|D6,1.3482307508520461,mean
Reference,Expenditure deciles,Denmark,Expenditure Share|Food|Urban|D6,12.821880142187492,mean
Reference,Expenditure deciles,Denmark,Expenditure Share|Energy|Housing|Urban|D6,8.290998331366874,mean
Reference,Expenditure deciles,Denmark,Expenditure Share|Energy|Transportation|Urban|D6,2.9924387309325833,mean
Reference,Expenditure deciles,Denmark,Expenditure Share|Other|Urban|D6,-23.10531720448695,mean
Reference,Expenditure deciles,Denmark,Expenditure Decile|Urban|D6,0.08988233958871422,mean
Reference,Expenditure deciles,Denmark,Income Decile|Urban|D6,0.09342710341334927,mean
Reference,Expenditure deciles,Denmark,Savings Rate|Rural|D7,-6.031647572377142,mean
Reference,Expenditure deciles,Denmark,Household Size|Rural|D7,1.9318102612995305,mean
Reference,Expenditure deciles,Denmark,Equivalence Household Size|Rural|D7,1.4006505278987704,mean
Reference,Expenditure deciles,Denmark,Expenditure Share|Food|Rural|D7,12.595442875788919,mean
Reference,Expenditure deciles,Denmark,Expenditure Share|Energy|Housing|Rural|D7,7.923199161266358,mean
Reference,Expenditure deciles,Denmark,Expenditure Share|Energy|Transportation|Rural|D7,3.395571950805502,mean
Reference,Expenditure deciles,Denmark,Expenditure Share|Other|Rural|D7,-22.91421398786078,mean
Reference,Expenditure deciles,Denmark,Expenditure Decile|Rural|D7,0.11137513480486694,mean
Reference,Expenditure deciles,Denmark,Income Decile|Rural|D7,0.09213222904623593,mean
Reference,Expenditure deciles,Denmark,Savings Rate|Urban|D7,-27.256685883438383,mean
Reference,Expenditure deciles,Denmark,Household Size|Urban|D7,1.6194655349920262,mean
Reference,Expenditure deciles,Denmark,Equivalence Household Size|Urban|D7,1.280045914002583,mean
Reference,Expenditure deciles,Denmark,Expenditure Share|Food|Urban|D7,12.2385897546636,mean
Reference,Expenditure deciles,Denmark,Expenditure Share|Energy|Housing|Urban|D7,7.80753434040967,mean
Reference,Expenditure deciles,Denmark,Expenditure Share|Energy|Transportation|Urban|D7,2.9237488405928853,mean
Reference,Expenditure deciles,Denmark,Expenditure Share|Other|Urban|D7,-21.969872935666157,mean
Reference,Expenditure deciles,Denmark,Expenditure Decile|Urban|D7,0.10312172498403842,mean
Reference,Expenditure deciles,Denmark,Income Decile|Urban|D7,0.08128002217089382,mean
Reference,Expenditure deciles,Denmark,Savings Rate|Rural|D8,-47.68770485420778,mean
Reference,Expenditure deciles,Denmark,Household Size|Rural|D8,1.6514479131966606,mean
Reference,Expenditure deciles,Denmark,Equivalence Household Size|Rural|D8,1.306456033603441,mean
Reference,Expenditure deciles,Denmark,Expenditure Share|Food|Rural|D8,12.981999768112907,mean
Reference,Expenditure deciles,Denmark,Expenditure Share|Energy|Housing|Rural|D8,7.0154058035372495,mean
Reference,Expenditure deciles,Denmark,Expenditure Share|Energy|Transportation|Rural|D8,3.0055107384575357,mean
Reference,Expenditure deciles,Denmark,Expenditure Share|Other|Rural|D8,-22.002916310107693,mean
Reference,Expenditure deciles,Denmark,Expenditure Decile|Rural|D8,0.12821327083326028,mean
Reference,Expenditure deciles,Denmark,Income Decile|Rural|D8,0.08805078818539772,mean
Reference,Expenditure deciles,Denmark,Savings Rate|Urban|D8,-47.576656020621954,mean
Reference,Expenditure deciles,Denmark,Household Size|Urban|D8,1.5820355752376734,mean
Reference,Expenditure deciles,Denmark,Equivalence Household Size|Urban|D8,1.2654957019277713,mean
Reference,Expenditure deciles,Denmark,Expenditure Share|Food|Urban|D8,12.889012659315975,mean
Reference,Expenditure deciles,Denmark,Expenditure Share|Energy|Housing|Urban|D8,6.894917903990166,mean
Reference,Expenditure deciles,Denmark,Expenditure Share|Energy|Transportation|Urban|D8,3.6796824082667583,mean
Reference,Expenditure deciles,Denmark,Expenditure Share|Other|Urban|D8,-22.4636129715729,mean
Reference,Expenditure deciles,Denmark,Expenditure Decile|Urban|D8,0.12479176679199969,mean
Reference,Expenditure deciles,Denmark,Income Decile|Urban|D8,0.07775179837060338,mean
Reference,Expenditure deciles,Denmark,Savings Rate|Rural|D9,-80.84709155087299,mean
Reference,Expenditure deciles,Denmark,Household Size|Rural|D9,1.5385110256892571,mean
Reference,Expenditure deciles,Denmark,Equivalence Household Size|Rural|D9,1.2495775647480698,mean
Reference,Expenditure deciles,Denmark,Expenditure Share|Food|Rural|D9,11.890891979290526,mean
Reference,Expenditure deciles,Denmark,Expenditure Share|Energy|Housing|Rural|D9,6.419423743567597,mean
Reference,Expenditure deciles,Denmark,Expenditure Share|Energy|Transportation|Rural|D9,3.105895011205462,mean
Reference,Expenditure deciles,Denmark,Expenditure Share|Other|Rural|D9,-20.416210734063586,mean
Reference,Expenditure deciles,Denmark,Expenditure Decile|Rural|D9,0.14711019586465807,mean
Reference,Expenditure deciles,Denmark,Income Decile|Rural|D9,0.07384756825171887,mean
Reference,Expenditure deciles,Denmark,Savings Rate|Urban|D9,-62.49804675965364,mean
Reference,Expenditure deciles,Denmark,Household Size|Urban|D9,1.5972109368216936,mean
Reference,Expenditure deciles,Denmark,Equivalence Household Size|Urban|D9,1.267624491016717,mean
Reference,Expenditure deciles,Denmark,Expenditure Share|Food|Urban|D9,10.251017732377601,mean
Reference,Expenditure deciles,Denmark,Expenditure Share|Energy|Housing|Urban|D9,5.475866294254018,mean
Reference,Expenditure deciles,Denmark,Expenditure Share|Energy|Transportation|Urban|D9,3.2111421683869006,mean
Reference,Expenditure deciles,Denmark,Expenditure Share|Other|Urban|D9,-17.93802619501852,mean
Reference,Expenditure deciles,Denmark,Expenditure Decile|Urban|D9,0.15224989471202835,mean
Reference,Expenditure deciles,Denmark,Income Decile|Urban|D9,0.08602042144975433,mean
Reference,Expenditure deciles,Denmark,Savings Rate|Rural|D10,-190.5505780324908,mean
Reference,Expenditure deciles,Denmark,Household Size|Rural|D10,1.2407057178572922,mean
Reference,Expenditure deciles,Denmark,Equivalence Household Size|Rural|D10,1.1179820094992061,mean
Reference,Expenditure deciles,Denmark,Expenditure Share|Food|Rural|D10,10.24425094462191,mean
Reference,Expenditure deciles,Denmark,Expenditure Share|Energy|Housing|Rural|D10,5.357838639298392,mean
Reference,Expenditure deciles,Denmark,Expenditure Share|Energy|Transportation|Rural|D10,2.752354458005001,mean
Reference,Expenditure deciles,Denmark,Expenditure Share|Other|Rural|D10,-17.354444041925305,mean
Reference,Expenditure deciles,Denmark,Expenditure Decile|Rural|D10,0.1930871527486327,mean
Reference,Expenditure deciles,Denmark,Income Decile|Rural|D10,0.0615646000569716,mean
Reference,Expenditure deciles,Denmark,Savings Rate|Urban|D10,-189.39847961043085,mean
Reference,Expenditure deciles,Denmark,Household Size|Urban|D10,1.213384955388139,mean
Reference,Expenditure deciles,Denmark,Equivalence Household Size|Urban|D10,1.0966662413270978,mean
Reference,Expenditure deciles,Denmark,Expenditure Share|Food|Urban|D10,10.227659905167556,mean
Reference,Expenditure deciles,Denmark,Expenditure Share|Energy|Housing|Urban|D10,5.631512900762494,mean
Reference,Expenditure deciles,Denmark,Expenditure Share|Energy|Transportation|Urban|D10,2.833013173040862,mean
Reference,Expenditure deciles,Denmark,Expenditure Share|Other|Urban|D10,-17.69218597897091,mean
Reference,Expenditure deciles,Denmark,Expenditure Decile|Urban|D10,0.19740063446986464,mean
Reference,Expenditure deciles,Denmark,Income Decile|Urban|D10,0.07649156256037366,mean
Reference,Expenditure deciles,Estonia,Savings Rate|Rural|D1,80.13407810560761,mean
Reference,Expenditure deciles,Estonia,Household Size|Rural|D1,3.5240202275600505,mean
Reference,Expenditure deciles,Estonia,Equivalence Household Size|Rural|D1,2.1176359039190897,mean
Reference,Expenditure deciles,Estonia,Expenditure Share|Food|Rural|D1,39.90347625452052,mean
Reference,Expenditure deciles,Estonia,Expenditure Share|Energy|Housing|Rural|D1,20.256659881652336,mean
Reference,Expenditure deciles,Estonia,Expenditure Share|Energy|Transportation|Rural|D1,0.6687146837073803,mean
Reference,Expenditure deciles,Estonia,Expenditure Share|Other|Rural|D1,-59.82885081988024,mean
Reference,Expenditure deciles,Estonia,Expenditure Decile|Rural|D1,0.02545819761002164,mean
Reference,Expenditure deciles,Estonia,Income Decile|Rural|D1,0.15052315126059856,mean
Reference,Expenditure deciles,Estonia,Savings Rate|Urban|D1,79.75818554937749,mean
Reference,Expenditure deciles,Estonia,Household Size|Urban|D1,2.8973603108669437,mean
Reference,Expenditure deciles,Estonia,Equivalence Household Size|Urban|D1,1.8357898968243334,mean
Reference,Expenditure deciles,Estonia,Expenditure Share|Food|Urban|D1,38.7803265687576,mean
Reference,Expenditure deciles,Estonia,Expenditure Share|Energy|Housing|Urban|D1,20.4686678380043,mean
Reference,Expenditure deciles,Estonia,Expenditure Share|Energy|Transportation|Urban|D1,1.2431739497570893,mean
Reference,Expenditure deciles,Estonia,Expenditure Share|Other|Urban|D1,-59.492168356518995,mean
Reference,Expenditure deciles,Estonia,Expenditure Decile|Urban|D1,0.024332685284564632,mean
Reference,Expenditure deciles,Estonia,Income Decile|Urban|D1,0.11581517627051713,mean
Reference,Expenditure deciles,Estonia,Savings Rate|Rural|D2,61.95383072531274,mean
Reference,Expenditure deciles,Estonia,Household Size|Rural|D2,2.8473948875541275,mean
Reference,Expenditure deciles,Estonia,Equivalence Household Size|Rural|D2,1.8234180751501607,mean
Reference,Expenditure deciles,Estonia,Expenditure Share|Food|Rural|D2,36.293990276188744,mean
Reference,Expenditure deciles,Estonia,Expenditure Share|Energy|Housing|Rural|D2,15.954311989057592,mean
Reference,Expenditure deciles,Estonia,Expenditure Share|Energy|Transportation|Rural|D2,2.4295982027787177,mean
Reference,Expenditure deciles,Estonia,Expenditure Share|Other|Rural|D2,-53.67790046802505,mean
Reference,Expenditure deciles,Estonia,Expenditure Decile|Rural|D2,0.04028587255256101,mean
Reference,Expenditure deciles,Estonia,Income Decile|Rural|D2,0.11720139046199726,mean
Reference,Expenditure deciles,Estonia,Savings Rate|Urban|D2,70.42908822154185,mean
Reference,Expenditure deciles,Estonia,Household Size|Urban|D2,2.8099353521605988,mean
Reference,Expenditure deciles,Estonia,Equivalence Household Size|Urban|D2,1.797883633889078,mean
Reference,Expenditure deciles,Estonia,Expenditure Share|Food|Urban|D2,34.78974737309032,mean
Reference,Expenditure deciles,Estonia,Expenditure Share|Energy|Housing|Urban|D2,15.763924415482713,mean
Reference,Expenditure deciles,Estonia,Expenditure Share|Energy|Transportation|Urban|D2,1.9611633704778717,mean
Reference,Expenditure deciles,Estonia,Expenditure Share|Other|Urban|D2,-51.51483515905091,mean
Reference,Expenditure deciles,Estonia,Expenditure Decile|Urban|D2,0.03872242687788491,mean
Reference,Expenditure deciles,Estonia,Income Decile|Urban|D2,0.12378665616162303,mean
Reference,Expenditure deciles,Estonia,Savings Rate|Rural|D3,42.86258496333216,mean
Reference,Expenditure deciles,Estonia,Household Size|Rural|D3,2.4661427268261877,mean
Reference,Expenditure deciles,Estonia,Equivalence Household Size|Rural|D3,1.6490772577362993,mean
Reference,Expenditure deciles,Estonia,Expenditure Share|Food|Rural|D3,34.21961721514239,mean
Reference,Expenditure deciles,Estonia,Expenditure Share|Energy|Housing|Rural|D3,15.638378232428867,mean
Reference,Expenditure deciles,Estonia,Expenditure Share|Energy|Transportation|Rural|D3,2.7757667185844803,mean
Reference,Expenditure deciles,Estonia,Expenditure Share|Other|Rural|D3,-51.63376216615574,mean
Reference,Expenditure deciles,Estonia,Expenditure Decile|Rural|D3,0.049529857853533685,mean
Reference,Expenditure deciles,Estonia,Income Decile|Rural|D3,0.09316758235703536,mean
Reference,Expenditure deciles,Estonia,Savings Rate|Urban|D3,57.83600112339756,mean
Reference,Expenditure deciles,Estonia,Household Size|Urban|D3,2.552086155513411,mean
Reference,Expenditure deciles,Estonia,Equivalence Household Size|Urban|D3,1.695983473313465,mean
Reference,Expenditure deciles,Estonia,Expenditure Share|Food|Urban|D3,32.399611313912416,mean
Reference,Expenditure deciles,Estonia,Expenditure Share|Energy|Housing|Urban|D3,14.339101685363987,mean
Reference,Expenditure deciles,Estonia,Expenditure Share|Energy|Transportation|Urban|D3,2.240526018486441,mean
Reference,Expenditure deciles,Estonia,Expenditure Share|Other|Urban|D3,-47.97923901776284,mean
Reference,Expenditure deciles,Estonia,Expenditure Decile|Urban|D3,0.051326533155176705,mean
Reference,Expenditure deciles,Estonia,Income Decile|Urban|D3,0.11172149659575219,mean
Reference,Expenditure deciles,Estonia,Savings Rate|Rural|D4,30.756424043912745,mean
Reference,Expenditure deciles,Estonia,Household Size|Rural|D4,2.188300835654596,mean
Reference,Expenditure deciles,Estonia,Equivalence Household Size|Rural|D4,1.5443175487465182,mean
Reference,Expenditure deciles,Estonia,Expenditure Share|Food|Rural|D4,34.923003266499094,mean
Reference,Expenditure deciles,Estonia,Expenditure Share|Energy|Housing|Rural|D4,14.431054766252293,mean
Reference,Expenditure deciles,Estonia,Expenditure Share|Energy|Transportation|Rural|D4,3.293545861630977,mean
Reference,Expenditure deciles,Estonia,Expenditure Share|Other|Rural|D4,-51.647603894382364,mean
Reference,Expenditure deciles,Estonia,Expenditure Decile|Rural|D4,0.06001737776770006,mean
Reference,Expenditure deciles,Estonia,Income Decile|Rural|D4,0.0920089058339942,mean
Reference,Expenditure deciles,Estonia,Savings Rate|Urban|D4,46.84859946531877,mean
Reference,Expenditure deciles,Estonia,Household Size|Urban|D4,2.337143625605164,mean
Reference,Expenditure deciles,Estonia,Equivalence Household Size|Urban|D4,1.5890935987089834,mean
Reference,Expenditure deciles,Estonia,Expenditure Share|Food|Urban|D4,32.17054153852483,mean
Reference,Expenditure deciles,Estonia,Expenditure Share|Energy|Housing|Urban|D4,14.547929617621193,mean
Reference,Expenditure deciles,Estonia,Expenditure Share|Energy|Transportation|Urban|D4,3.764867999484205,mean
Reference,Expenditure deciles,Estonia,Expenditure Share|Other|Urban|D4,-49.48333915563023,mean
Reference,Expenditure deciles,Estonia,Expenditure Decile|Urban|D4,0.06322700739740916,mean
Reference,Expenditure deciles,Estonia,Income Decile|Urban|D4,0.11067810848012509,mean
Reference,Expenditure deciles,Estonia,Savings Rate|Rural|D5,20.63444622797988,mean
Reference,Expenditure deciles,Estonia,Household Size|Rural|D5,2.3001624408503427,mean
Reference,Expenditure deciles,Estonia,Equivalence Household Size|Rural|D5,1.5718271064340703,mean
Reference,Expenditure deciles,Estonia,Expenditure Share|Food|Rural|D5,29.70775660281132,mean
Reference,Expenditure deciles,Estonia,Expenditure Share|Energy|Housing|Rural|D5,12.270806060061894,mean
Reference,Expenditure deciles,Estonia,Expenditure Share|Energy|Transportation|Rural|D5,4.231973542260085,mean
Reference,Expenditure deciles,Estonia,Expenditure Share|Other|Rural|D5,-45.210536205133295,mean
Reference,Expenditure deciles,Estonia,Expenditure Decile|Rural|D5,0.07431754239033718,mean
Reference,Expenditure deciles,Estonia,Income Decile|Rural|D5,0.10273525900358604,mean
Reference,Expenditure deciles,Estonia,Savings Rate|Urban|D5,30.558724091956122,mean
Reference,Expenditure deciles,Estonia,Household Size|Urban|D5,2.205098493626883,mean
Reference,Expenditure deciles,Estonia,Equivalence Household Size|Urban|D5,1.5309522186626678,mean
Reference,Expenditure deciles,Estonia,Expenditure Share|Food|Urban|D5,32.74180916352266,mean
Reference,Expenditure deciles,Estonia,Expenditure Share|Energy|Housing|Urban|D5,10.678147080760828,mean
Reference,Expenditure deciles,Estonia,Expenditure Share|Energy|Transportation|Urban|D5,4.063977668877582,mean
Reference,Expenditure deciles,Estonia,Expenditure Share|Other|Urban|D5,-46.483933913161074,mean
Reference,Expenditure deciles,Estonia,Expenditure Decile|Urban|D5,0.07374008781734674,mean
Reference,Expenditure deciles,Estonia,Income Decile|Urban|D5,0.09636734827249333,mean
Reference,Expenditure deciles,Estonia,Savings Rate|Rural|D6,0.984284805652535,mean
Reference,Expenditure deciles,Estonia,Household Size|Rural|D6,2.247541210694002,mean
Reference,Expenditure deciles,Estonia,Equivalence Household Size|Rural|D6,1.554633605762571,mean
Reference,Expenditure deciles,Estonia,Expenditure Share|Food|Rural|D6,27.849594900722558,mean
Reference,Expenditure deciles,Estonia,Expenditure Share|Energy|Housing|Rural|D6,10.693731156401995,mean
Reference,Expenditure deciles,Estonia,Expenditure Share|Energy|Transportation|Rural|D6,4.472352398476771,mean
Reference,Expenditure deciles,Estonia,Expenditure Share|Other|Rural|D6,-42.01567845560133,mean
Reference,Expenditure deciles,Estonia,Expenditure Decile|Rural|D6,0.09107690212393865,mean
Reference,Expenditure deciles,Estonia,Income Decile|Rural|D6,0.10611345074098745,mean
Reference,Expenditure deciles,Estonia,Savings Rate|Urban|D6,8.259094119362244,mean
Reference,Expenditure deciles,Estonia,Household Size|Urban|D6,2.074663236986394,mean
Reference,Expenditure deciles,Estonia,Equivalence Household Size|Urban|D6,1.4708454613145603,mean
Reference,Expenditure deciles,Estonia,Expenditure Share|Food|Urban|D6,27.012768811476835,mean
Reference,Expenditure deciles,Estonia,Expenditure Share|Energy|Housing|Urban|D6,11.477548594528663,mean
Reference,Expenditure deciles,Estonia,Expenditure Share|Energy|Transportation|Urban|D6,5.759756724319246,mean
Reference,Expenditure deciles,Estonia,Expenditure Share|Other|Urban|D6,-43.25007413032474,mean
Reference,Expenditure deciles,Estonia,Expenditure Decile|Urban|D6,0.08715417934372242,mean
Reference,Expenditure deciles,Estonia,Income Decile|Urban|D6,0.09102692805580688,mean
Reference,Expenditure deciles,Estonia,Savings Rate|Rural|D7,-34.869031374318205,mean
Reference,Expenditure deciles,Estonia,Household Size|Rural|D7,2.1040499326193345,mean
Reference,Expenditure deciles,Estonia,Equivalence Household Size|Rural|D7,1.4777643804525145,mean
Reference,Expenditure deciles,Estonia,Expenditure Share|Food|Rural|D7,27.219595602486397,mean
Reference,Expenditure deciles,Estonia,Expenditure Share|Energy|Housing|Rural|D7,10.854907456401497,mean
Reference,Expenditure deciles,Estonia,Expenditure Share|Energy|Transportation|Rural|D7,4.603509203763225,mean
Reference,Expenditure deciles,Estonia,Expenditure Share|Other|Rural|D7,-41.67801226265112,mean
Reference,Expenditure deciles,Estonia,Expenditure Decile|Rural|D7,0.1035258417775586,mean
Reference,Expenditure deciles,Estonia,Income Decile|Rural|D7,0.09006020000146675,mean
Reference,Expenditure deciles,Estonia,Savings Rate|Urban|D7,-9.657285024417952,mean
Reference,Expenditure deciles,Estonia,Household Size|Urban|D7,2.237020469025349,mean
Reference,Expenditure deciles,Estonia,Equivalence Household Size|Urban|D7,1.5563982648773214,mean
Reference,Expenditure deciles,Estonia,Expenditure Share|Food|Urban|D7,26.695114491790537,mean
Reference,Expenditure deciles,Estonia,Expenditure Share|Energy|Housing|Urban|D7,9.402172434610888,mean
Reference,Expenditure deciles,Estonia,Expenditure Share|Energy|Transportation|Urban|D7,6.241958139996468,mean
Reference,Expenditure deciles,Estonia,Expenditure Share|Other|Urban|D7,-41.33924506639789,mean
Reference,Expenditure deciles,Estonia,Expenditure Decile|Urban|D7,0.11377135983500443,mean
Reference,Expenditure deciles,Estonia,Income Decile|Urban|D7,0.1009688683773202,mean
Reference,Expenditure deciles,Estonia,Savings Rate|Rural|D8,-63.146128229148566,mean
Reference,Expenditure deciles,Estonia,Household Size|Rural|D8,1.9770603820945474,mean
Reference,Expenditure deciles,Estonia,Equivalence Household Size|Rural|D8,1.4372263282666295,mean
Reference,Expenditure deciles,Estonia,Expenditure Share|Food|Rural|D8,24.594997615683535,mean
Reference,Expenditure deciles,Estonia,Expenditure Share|Energy|Housing|Rural|D8,8.311673294754486,mean
Reference,Expenditure deciles,Estonia,Expenditure Share|Energy|Transportation|Rural|D8,5.3710743603096,mean
Reference,Expenditure deciles,Estonia,Expenditure Share|Other|Rural|D8,-37.27774527074762,mean
Reference,Expenditure deciles,Estonia,Expenditure Decile|Rural|D8,0.1311007166847829,mean
Reference,Expenditure deciles,Estonia,Income Decile|Rural|D8,0.09139498793469482,mean
Reference,Expenditure deciles,Estonia,Savings Rate|Urban|D8,-44.43747695952707,mean
Reference,Expenditure deciles,Estonia,Household Size|Urban|D8,1.8303001813175743,mean
Reference,Expenditure deciles,Estonia,Equivalence Household Size|Urban|D8,1.3764287153314083,mean
Reference,Expenditure deciles,Estonia,Expenditure Share|Food|Urban|D8,25.0374678248154,mean
Reference,Expenditure deciles,Estonia,Expenditure Share|Energy|Housing|Urban|D8,7.545242373630097,mean
Reference,Expenditure deciles,Estonia,Expenditure Share|Energy|Transportation|Urban|D8,6.049931643811727,mean
Reference,Expenditure deciles,Estonia,Expenditure Share|Other|Urban|D8,-37.63264184225722,mean
Reference,Expenditure deciles,Estonia,Expenditure Decile|Urban|D8,0.13455551846619548,mean
Reference,Expenditure deciles,Estonia,Income Decile|Urban|D8,0.09912264716844095,mean
Reference,Expenditure deciles,Estonia,Savings Rate|Rural|D9,-120.7726942053755,mean
Reference,Expenditure deciles,Estonia,Household Size|Rural|D9,1.668958742632613,mean
Reference,Expenditure deciles,Estonia,Equivalence Household Size|Rural|D9,1.3095004209935448,mean
Reference,Expenditure deciles,Estonia,Expenditure Share|Food|Rural|D9,22.83086029147835,mean
Reference,Expenditure deciles,Estonia,Expenditure Share|Energy|Housing|Rural|D9,6.840331795148498,mean
Reference,Expenditure deciles,Estonia,Expenditure Share|Energy|Transportation|Rural|D9,5.24450397584233,mean
Reference,Expenditure deciles,Estonia,Expenditure Share|Other|Rural|D9,-33.91569606246917,mean
Reference,Expenditure deciles,Estonia,Expenditure Decile|Rural|D9,0.16038789171045092,mean
Reference,Expenditure deciles,Estonia,Income Decile|Rural|D9,0.08065525273257458,mean
Reference,Expenditure deciles,Estonia,Savings Rate|Urban|D9,-122.64275034501047,mean
Reference,Expenditure deciles,Estonia,Household Size|Urban|D9,1.5171637207397803,mean
Reference,Expenditure deciles,Estonia,Equivalence Household Size|Urban|D9,1.230478400327578,mean
Reference,Expenditure deciles,Estonia,Expenditure Share|Food|Urban|D9,22.301077625889228,mean
Reference,Expenditure deciles,Estonia,Expenditure Share|Energy|Housing|Urban|D9,7.406288625277519,mean
Reference,Expenditure deciles,Estonia,Expenditure Share|Energy|Transportation|Urban|D9,7.239324021675717,mean
Reference,Expenditure deciles,Estonia,Expenditure Share|Other|Urban|D9,-35.94669027284247,mean
Reference,Expenditure deciles,Estonia,Expenditure Decile|Urban|D9,0.15472995289672606,mean
Reference,Expenditure deciles,Estonia,Income Decile|Urban|D9,0.07891559809269415,mean
Reference,Expenditure deciles,Estonia,Savings Rate|Rural|D10,-323.65820125961795,mean
Reference,Expenditure deciles,Estonia,Household Size|Rural|D10,1.5253998449940112,mean
Reference,Expenditure deciles,Estonia,Equivalence Household Size|Rural|D10,1.2280913126188966,mean
Reference,Expenditure deciles,Estonia,Expenditure Share|Food|Rural|D10,17.586887564249935,mean
Reference,Expenditure deciles,Estonia,Expenditure Share|Energy|Housing|Rural|D10,5.121949735846392,mean
Reference,Expenditure deciles,Estonia,Expenditure Share|Energy|Transportation|Rural|D10,6.155562313660854,mean
Reference,Expenditure deciles,Estonia,Expenditure Share|Other|Rural|D10,-27.86439961375718,mean
Reference,Expenditure deciles,Estonia,Expenditure Decile|Rural|D10,0.26429979952911536,mean
Reference,Expenditure deciles,Estonia,Income Decile|Rural|D10,0.07613981967306498,mean
Reference,Expenditure deciles,Estonia,Savings Rate|Urban|D10,-274.6734157491488,mean
Reference,Expenditure deciles,Estonia,Household Size|Urban|D10,1.4628272961606295,mean
Reference,Expenditure deciles,Estonia,Equivalence Household Size|Urban|D10,1.2053656220322888,mean
Reference,Expenditure deciles,Estonia,Expenditure Share|Food|Urban|D10,17.939904326412154,mean
Reference,Expenditure deciles,Estonia,Expenditure Share|Energy|Housing|Urban|D10,5.932911649589037,mean
Reference,Expenditure deciles,Estonia,Expenditure Share|Energy|Transportation|Urban|D10,4.842679183905492,mean
Reference,Expenditure deciles,Estonia,Expenditure Share|Other|Urban|D10,-27.71549515990668,mean
Reference,Expenditure deciles,Estonia,Expenditure Decile|Urban|D10,0.2584402489259694,mean
Reference,Expenditure deciles,Estonia,Income Decile|Urban|D10,0.07159717252522706,mean
Reference,Expenditure deciles,Finland,Savings Rate|Rural|D1,72.19994105003933,mean
Reference,Expenditure deciles,Finland,Household Size|Rural|D1,3.320865753524736,mean
Reference,Expenditure deciles,Finland,Equivalence Household Size|Rural|D1,1.9670603797245145,mean
Reference,Expenditure deciles,Finland,Expenditure Share|Food|Rural|D1,15.469093742474998,mean
Reference,Expenditure deciles,Finland,Expenditure Share|Energy|Housing|Rural|D1,4.422601089699368,mean
Reference,Expenditure deciles,Finland,Expenditure Share|Energy|Transportation|Rural|D1,1.2400471239264754,mean
Reference,Expenditure deciles,Finland,Expenditure Share|Other|Rural|D1,-20.131741956100843,mean
Reference,Expenditure deciles,Finland,Expenditure Decile|Rural|D1,0.03442447844584922,mean
Reference,Expenditure deciles,Finland,Income Decile|Rural|D1,0.12690620466221728,mean
Reference,Expenditure deciles,Finland,Savings Rate|Urban|D1,71.77930939534885,mean
Reference,Expenditure deciles,Finland,Household Size|Urban|D1,3.5825563224399635,mean
Reference,Expenditure deciles,Finland,Equivalence Household Size|Urban|D1,2.061637568484772,mean
Reference,Expenditure deciles,Finland,Expenditure Share|Food|Urban|D1,14.93917989949289,mean
Reference,Expenditure deciles,Finland,Expenditure Share|Energy|Housing|Urban|D1,4.954284654878917,mean
Reference,Expenditure deciles,Finland,Expenditure Share|Energy|Transportation|Urban|D1,1.784406425800808,mean
Reference,Expenditure deciles,Finland,Expenditure Share|Other|Urban|D1,-20.677870980172614,mean
Reference,Expenditure deciles,Finland,Expenditure Decile|Urban|D1,0.038613972121237065,mean
Reference,Expenditure deciles,Finland,Income Decile|Urban|D1,0.14626506152031546,mean
Reference,Expenditure deciles,Finland,Savings Rate|Rural|D2,58.91241220025468,mean
Reference,Expenditure deciles,Finland,Household Size|Rural|D2,2.701306473698119,mean
Reference,Expenditure deciles,Finland,Equivalence Household Size|Rural|D2,1.7429523071910884,mean
Reference,Expenditure deciles,Finland,Expenditure Share|Food|Rural|D2,15.192066782971331,mean
Reference,Expenditure deciles,Finland,Expenditure Share|Energy|Housing|Rural|D2,3.9838213992242477,mean
Reference,Expenditure deciles,Finland,Expenditure Share|Energy|Transportation|Rural|D2,1.6189031633738407,mean
Reference,Expenditure deciles,Finland,Expenditure Share|Other|Rural|D2,-19.794791345569422,mean
Reference,Expenditure deciles,Finland,Expenditure Decile|Rural|D2,0.05029257317503106,mean
Reference,Expenditure deciles,Finland,Income Decile|Rural|D2,0.13413257100789644,mean
Reference,Expenditure deciles,Finland,Savings Rate|Urban|D2,52.266522435438425,mean
Reference,Expenditure deciles,Finland,Household Size|Urban|D2,2.5211514181967645,mean
Reference,Expenditure deciles,Finland,Equivalence Household Size|Urban|D2,1.6590790648112206,mean
Reference,Expenditure deciles,Finland,Expenditure Share|Food|Urban|D2,14.97130471472046,mean
Reference,Expenditure deciles,Finland,Expenditure Share|Energy|Housing|Urban|D2,4.138753706455147,mean
Reference,Expenditure deciles,Finland,Expenditure Share|Energy|Transportation|Urban|D2,2.601472755804176,mean
Reference,Expenditure deciles,Finland,Expenditure Share|Other|Urban|D2,-20.711531176979783,mean
Reference,Expenditure deciles,Finland,Expenditure Decile|Urban|D2,0.05046290589838918,mean
Reference,Expenditure deciles,Finland,Income Decile|Urban|D2,0.12815968467487282,mean
Reference,Expenditure deciles,Finland,Savings Rate|Rural|D3,43.321036745265395,mean
Reference,Expenditure deciles,Finland,Household Size|Rural|D3,2.551344750081823,mean
Reference,Expenditure deciles,Finland,Equivalence Household Size|Rural|D3,1.6837885751689516,mean
Reference,Expenditure deciles,Finland,Expenditure Share|Food|Rural|D3,13.466674518122463,mean
Reference,Expenditure deciles,Finland,Expenditure Share|Energy|Housing|Rural|D3,4.124510776167535,mean
Reference,Expenditure deciles,Finland,Expenditure Share|Energy|Transportation|Rural|D3,3.1890161847928664,mean
Reference,Expenditure deciles,Finland,Expenditure Share|Other|Rural|D3,-19.780201479082866,mean
Reference,Expenditure deciles,Finland,Expenditure Decile|Rural|D3,0.06477717867478204,mean
Reference,Expenditure deciles,Finland,Income Decile|Rural|D3,0.11782631411820206,mean
Reference,Expenditure deciles,Finland,Savings Rate|Urban|D3,40.54762748970476,mean
Reference,Expenditure deciles,Finland,Household Size|Urban|D3,2.1147893067143757,mean
Reference,Expenditure deciles,Finland,Equivalence Household Size|Urban|D3,1.4880053316941764,mean
Reference,Expenditure deciles,Finland,Expenditure Share|Food|Urban|D3,13.457977852041658,mean
Reference,Expenditure deciles,Finland,Expenditure Share|Energy|Housing|Urban|D3,4.560279514788797,mean
Reference,Expenditure deciles,Finland,Expenditure Share|Energy|Transportation|Urban|D3,2.334367045334975,mean
Reference,Expenditure deciles,Finland,Expenditure Share|Other|Urban|D3,-19.35262441216543,mean
Reference,Expenditure deciles,Finland,Expenditure Decile|Urban|D3,0.05853627141774716,mean
Reference,Expenditure deciles,Finland,Income Decile|Urban|D3,0.12075604302451257,mean
Reference,Expenditure deciles,Finland,Savings Rate|Rural|D4,14.24183145205557,mean
Reference,Expenditure deciles,Finland,Household Size|Rural|D4,2.0315058274048927,mean
Reference,Expenditure deciles,Finland,Equivalence Household Size|Rural|D4,1.4553030647083662,mean
Reference,Expenditure deciles,Finland,Expenditure Share|Food|Rural|D4,14.11985545148046,mean
Reference,Expenditure deciles,Finland,Expenditure Share|Energy|Housing|Rural|D4,3.8846636145914863,mean
Reference,Expenditure deciles,Finland,Expenditure Share|Energy|Transportation|Rural|D4,2.9578548505805093,mean
Reference,Expenditure deciles,Finland,Expenditure Share|Other|Rural|D4,-19.962373916652453,mean
Reference,Expenditure deciles,Finland,Expenditure Decile|Rural|D4,0.06961295936497264,mean
Reference,Expenditure deciles,Finland,Income Decile|Rural|D4,0.09301426509046148,mean
Reference,Expenditure deciles,Finland,Savings Rate|Urban|D4,12.967421358977285,mean
Reference,Expenditure deciles,Finland,Household Size|Urban|D4,2.232502837558412,mean
Reference,Expenditure deciles,Finland,Equivalence Household Size|Urban|D4,1.5321267470765183,mean
Reference,Expenditure deciles,Finland,Expenditure Share|Food|Urban|D4,13.802901235897389,mean
Reference,Expenditure deciles,Finland,Expenditure Share|Energy|Housing|Urban|D4,4.128130916867952,mean
Reference,Expenditure deciles,Finland,Expenditure Share|Energy|Transportation|Urban|D4,3.3902432953892285,mean
Reference,Expenditure deciles,Finland,Expenditure Share|Other|Urban|D4,-20.32127544815457,mean
Reference,Expenditure deciles,Finland,Expenditure Decile|Urban|D4,0.07398447293692607,mean
Reference,Expenditure deciles,Finland,Income Decile|Urban|D4,0.10410139016819184,mean
Reference,Expenditure deciles,Finland,Savings Rate|Rural|D5,18.520424647393295,mean
Reference,Expenditure deciles,Finland,Household Size|Rural|D5,2.2770516400259235,mean
Reference,Expenditure deciles,Finland,Equivalence Household Size|Rural|D5,1.5843078611456825,mean
Reference,Expenditure deciles,Finland,Expenditure Share|Food|Rural|D5,13.562309853407632,mean
Reference,Expenditure deciles,Finland,Expenditure Share|Energy|Housing|Rural|D5,4.4672010741239045,mean
Reference,Expenditure deciles,Finland,Expenditure Share|Energy|Transportation|Rural|D5,3.658296105006305,mean
Reference,Expenditure deciles,Finland,Expenditure Share|Other|Rural|D5,-20.687807032537844,mean
Reference,Expenditure deciles,Finland,Expenditure Decile|Rural|D5,0.08936468043587784,mean
Reference,Expenditure deciles,Finland,Income Decile|Rural|D5,0.11573504718524369,mean
Reference,Expenditure deciles,Finland,Savings Rate|Urban|D5,4.820552795117005,mean
Reference,Expenditure deciles,Finland,Household Size|Urban|D5,1.840703805798156,mean
Reference,Expenditure deciles,Finland,Equivalence Household Size|Urban|D5,1.374296786640003,mean
Reference,Expenditure deciles,Finland,Expenditure Share|Food|Urban|D5,13.456683353277844,mean
Reference,Expenditure deciles,Finland,Expenditure Share|Energy|Housing|Urban|D5,3.970396347722142,mean
Reference,Expenditure deciles,Finland,Expenditure Share|Energy|Transportation|Urban|D5,2.617658949827103,mean
Reference,Expenditure deciles,Finland,Expenditure Share|Other|Urban|D5,-19.04473865082709,mean
Reference,Expenditure deciles,Finland,Expenditure Decile|Urban|D5,0.07951146976408269,mean
Reference,Expenditure deciles,Finland,Income Decile|Urban|D5,0.09726990691645362,mean
Reference,Expenditure deciles,Finland,Savings Rate|Rural|D6,-9.000927642832961,mean
Reference,Expenditure deciles,Finland,Household Size|Rural|D6,1.95271167163124,mean
Reference,Expenditure deciles,Finland,Equivalence Household Size|Rural|D6,1.4281820911883156,mean
Reference,Expenditure deciles,Finland,Expenditure Share|Food|Rural|D6,13.911640179504072,mean
Reference,Expenditure deciles,Finland,Expenditure Share|Energy|Housing|Rural|D6,4.336756002663652,mean
Reference,Expenditure deciles,Finland,Expenditure Share|Energy|Transportation|Rural|D6,2.4242741991907857,mean
Reference,Expenditure deciles,Finland,Expenditure Share|Other|Rural|D6,-19.67267038135851,mean
Reference,Expenditure deciles,Finland,Expenditure Decile|Rural|D6,0.09710982748212958,mean
Reference,Expenditure deciles,Finland,Income Decile|Rural|D6,0.09545344293408478,mean
Reference,Expenditure deciles,Finland,Savings Rate|Urban|D6,-23.876823298839575,mean
Reference,Expenditure deciles,Finland,Household Size|Urban|D6,1.7347554967476004,mean
Reference,Expenditure deciles,Finland,Equivalence Household Size|Urban|D6,1.3305178844087733,mean
Reference,Expenditure deciles,Finland,Expenditure Share|Food|Urban|D6,13.244398031266728,mean
Reference,Expenditure deciles,Finland,Expenditure Share|Energy|Housing|Urban|D6,4.324955207911947,mean
Reference,Expenditure deciles,Finland,Expenditure Share|Energy|Transportation|Urban|D6,4.037755314727284,mean
Reference,Expenditure deciles,Finland,Expenditure Share|Other|Urban|D6,-20.607108553905963,mean
Reference,Expenditure deciles,Finland,Expenditure Decile|Urban|D6,0.09270993809768178,mean
Reference,Expenditure deciles,Finland,Income Decile|Urban|D6,0.09424577159475939,mean
Reference,Expenditure deciles,Finland,Savings Rate|Rural|D7,-20.21197205316778,mean
Reference,Expenditure deciles,Finland,Household Size|Rural|D7,1.7664201125254329,mean
Reference,Expenditure deciles,Finland,Equivalence Household Size|Rural|D7,1.3567327228876778,mean
Reference,Expenditure deciles,Finland,Expenditure Share|Food|Rural|D7,12.978635762464819,mean
Reference,Expenditure deciles,Finland,Expenditure Share|Energy|Housing|Rural|D7,4.168838751866331,mean
Reference,Expenditure deciles,Finland,Expenditure Share|Energy|Transportation|Rural|D7,3.841335172829256,mean
Reference,Expenditure deciles,Finland,Expenditure Share|Other|Rural|D7,-19.988809687160405,mean
Reference,Expenditure deciles,Finland,Expenditure Decile|Rural|D7,0.10723676231124002,mean
Reference,Expenditure deciles,Finland,Income Decile|Rural|D7,0.09486494061815046,mean
Reference,Expenditure deciles,Finland,Savings Rate|Urban|D7,-61.40311380327066,mean
Reference,Expenditure deciles,Finland,Household Size|Urban|D7,1.6854474355289872,mean
Reference,Expenditure deciles,Finland,Equivalence Household Size|Urban|D7,1.3072866105476193,mean
Reference,Expenditure deciles,Finland,Expenditure Share|Food|Urban|D7,12.900185515219235,mean
Reference,Expenditure deciles,Finland,Expenditure Share|Energy|Housing|Urban|D7,3.8068700822694206,mean
Reference,Expenditure deciles,Finland,Expenditure Share|Energy|Transportation|Urban|D7,3.718955963862764,mean
Reference,Expenditure deciles,Finland,Expenditure Share|Other|Urban|D7,-19.42601156135142,mean
Reference,Expenditure deciles,Finland,Expenditure Decile|Urban|D7,0.10733888848602659,mean
Reference,Expenditure deciles,Finland,Income Decile|Urban|D7,0.09131247237941598,mean
Reference,Expenditure deciles,Finland,Savings Rate|Rural|D8,-97.54859833984504,mean
Reference,Expenditure deciles,Finland,Household Size|Rural|D8,1.772803829975107,mean
Reference,Expenditure deciles,Finland,Equivalence Household Size|Rural|D8,1.3568894182548936,mean
Reference,Expenditure deciles,Finland,Expenditure Share|Food|Rural|D8,12.633504454825793,mean
Reference,Expenditure deciles,Finland,Expenditure Share|Energy|Housing|Rural|D8,3.1115177739154962,mean
Reference,Expenditure deciles,Finland,Expenditure Share|Energy|Transportation|Rural|D8,3.6475905201611845,mean
Reference,Expenditure deciles,Finland,Expenditure Share|Other|Rural|D8,-18.392612748902476,mean
Reference,Expenditure deciles,Finland,Expenditure Decile|Rural|D8,0.1284285836741485,mean
Reference,Expenditure deciles,Finland,Income Decile|Rural|D8,0.07993161600952357,mean
Reference,Expenditure deciles,Finland,Savings Rate|Urban|D8,-81.35567515295409,mean
Reference,Expenditure deciles,Finland,Household Size|Urban|D8,1.5598759823773503,mean
Reference,Expenditure deciles,Finland,Equivalence Household Size|Urban|D8,1.2617981484814251,mean
Reference,Expenditure deciles,Finland,Expenditure Share|Food|Urban|D8,12.452778324795622,mean
Reference,Expenditure deciles,Finland,Expenditure Share|Energy|Housing|Urban|D8,3.936965155638241,mean
Reference,Expenditure deciles,Finland,Expenditure Share|Energy|Transportation|Urban|D8,3.8811638947158844,mean
Reference,Expenditure deciles,Finland,Expenditure Share|Other|Urban|D8,-19.270907375149747,mean
Reference,Expenditure deciles,Finland,Expenditure Decile|Urban|D8,0.12532141127218407,mean
Reference,Expenditure deciles,Finland,Income Decile|Urban|D8,0.08005306852813511,mean
Reference,Expenditure deciles,Finland,Savings Rate|Rural|D9,-133.65611720564803,mean
Reference,Expenditure deciles,Finland,Household Size|Rural|D9,1.5242006690395922,mean
Reference,Expenditure deciles,Finland,Equivalence Household Size|Rural|D9,1.237667275257094,mean
Reference,Expenditure deciles,Finland,Expenditure Share|Food|Rural|D9,12.003044259510496,mean
Reference,Expenditure deciles,Finland,Expenditure Share|Energy|Housing|Rural|D9,3.657930186942009,mean
Reference,Expenditure deciles,Finland,Expenditure Share|Energy|Transportation|Rural|D9,3.1847805707463195,mean
Reference,Expenditure deciles,Finland,Expenditure Share|Other|Rural|D9,-17.845755017198826,mean
Reference,Expenditure deciles,Finland,Expenditure Decile|Rural|D9,0.1453892367105947,mean
Reference,Expenditure deciles,Finland,Income Decile|Rural|D9,0.0726672651817042,mean
Reference,Expenditure deciles,Finland,Savings Rate|Urban|D9,-152.45201870299528,mean
Reference,Expenditure deciles,Finland,Household Size|Urban|D9,1.383090273586459,mean
Reference,Expenditure deciles,Finland,Equivalence Household Size|Urban|D9,1.1789072979024202,mean
Reference,Expenditure deciles,Finland,Expenditure Share|Food|Urban|D9,11.484932832167813,mean
Reference,Expenditure deciles,Finland,Expenditure Share|Energy|Housing|Urban|D9,3.5666864629443995,mean
Reference,Expenditure deciles,Finland,Expenditure Share|Energy|Transportation|Urban|D9,3.896929184833048,mean
Reference,Expenditure deciles,Finland,Expenditure Share|Other|Urban|D9,-17.94854847994526,mean
Reference,Expenditure deciles,Finland,Expenditure Decile|Urban|D9,0.15061342280933654,mean
Reference,Expenditure deciles,Finland,Income Decile|Urban|D9,0.07461076186925933,mean
Reference,Expenditure deciles,Finland,Savings Rate|Rural|D10,-227.39084321322085,mean
Reference,Expenditure deciles,Finland,Household Size|Rural|D10,1.2642842390109987,mean
Reference,Expenditure deciles,Finland,Equivalence Household Size|Rural|D10,1.1321421195054995,mean
Reference,Expenditure deciles,Finland,Expenditure Share|Food|Rural|D10,10.000665585515838,mean
Reference,Expenditure deciles,Finland,Expenditure Share|Energy|Housing|Rural|D10,2.7218122069120745,mean
Reference,Expenditure deciles,Finland,Expenditure Share|Energy|Transportation|Rural|D10,2.8675280409567625,mean
Reference,Expenditure deciles,Finland,Expenditure Share|Other|Rural|D10,-14.590005833384673,mean
Reference,Expenditure deciles,Finland,Expenditure Decile|Rural|D10,0.21336371972537435,mean
Reference,Expenditure deciles,Finland,Income Decile|Rural|D10,0.0694683331925161,mean
Reference,Expenditure deciles,Finland,Savings Rate|Urban|D10,-297.74868775646473,mean
Reference,Expenditure deciles,Finland,Household Size|Urban|D10,1.2057649616322872,mean
Reference,Expenditure deciles,Finland,Equivalence Household Size|Urban|D10,1.0946028833975,mean
Reference,Expenditure deciles,Finland,Expenditure Share|Food|Urban|D10,9.45551372230811,mean
Reference,Expenditure deciles,Finland,Expenditure Share|Energy|Housing|Urban|D10,3.107923534994521,mean
Reference,Expenditure deciles,Finland,Expenditure Share|Energy|Transportation|Urban|D10,2.8998607926758964,mean
Reference,Expenditure deciles,Finland,Expenditure Share|Other|Urban|D10,-14.463298049978526,mean
Reference,Expenditure deciles,Finland,Expenditure Decile|Urban|D10,0.22290724719638888,mean
Reference,Expenditure deciles,Finland,Income Decile|Urban|D10,0.06322583932408388,mean
Reference,Expenditure deciles,France,Savings Rate|Rural|D1,78.60791665016013,mean
Reference,Expenditure deciles,France,Household Size|Rural|D1,3.1617049406273874,mean
Reference,Expenditure deciles,France,Equivalence Household Size|Rural|D1,1.9249753682423778,mean
Reference,Expenditure deciles,France,Expenditure Share|Food|Rural|D1,16.521381890891124,mean
Reference,Expenditure deciles,France,Expenditure Share|Energy|Housing|Rural|D1,7.6712642866146,mean
Reference,Expenditure deciles,France,Expenditure Share|Energy|Transportation|Rural|D1,1.31712501150129,mean
Reference,Expenditure deciles,France,Expenditure Share|Other|Rural|D1,-24.509771189007015,mean
Reference,Expenditure deciles,France,Expenditure Decile|Rural|D1,0.026379476346843997,mean
Reference,Expenditure deciles,France,Income Decile|Rural|D1,0.11396699961066092,mean
Reference,Expenditure deciles,France,Savings Rate|Urban|D1,76.27024788938422,mean
Reference,Expenditure deciles,France,Household Size|Urban|D1,3.1616699156900863,mean
Reference,Expenditure deciles,France,Equivalence Household Size|Urban|D1,1.9321707031208863,mean
Reference,Expenditure deciles,France,Expenditure Share|Food|Urban|D1,15.73364378739091,mean
Reference,Expenditure deciles,France,Expenditure Share|Energy|Housing|Urban|D1,7.652195008027992,mean
Reference,Expenditure deciles,France,Expenditure Share|Energy|Transportation|Urban|D1,1.3164176371041303,mean
Reference,Expenditure deciles,France,Expenditure Share|Other|Urban|D1,-23.702256432523033,mean
Reference,Expenditure deciles,France,Expenditure Decile|Urban|D1,0.02692722476725787,mean
Reference,Expenditure deciles,France,Income Decile|Urban|D1,0.12174783028944723,mean
Reference,Expenditure deciles,France,Savings Rate|Rural|D2,66.93821971598273,mean
Reference,Expenditure deciles,France,Household Size|Rural|D2,2.9437394624645186,mean
Reference,Expenditure deciles,France,Equivalence Household Size|Rural|D2,1.8496041580010965,mean
Reference,Expenditure deciles,France,Expenditure Share|Food|Rural|D2,16.409518145669875,mean
Reference,Expenditure deciles,France,Expenditure Share|Energy|Housing|Rural|D2,6.446873641408429,mean
Reference,Expenditure deciles,France,Expenditure Share|Energy|Transportation|Rural|D2,2.626300150931566,mean
Reference,Expenditure deciles,France,Expenditure Share|Other|Rural|D2,-24.482691938009868,mean
Reference,Expenditure deciles,France,Expenditure Decile|Rural|D2,0.0464916757408837,mean
Reference,Expenditure deciles,France,Income Decile|Rural|D2,0.11891939995323378,mean
Reference,Expenditure deciles,France,Savings Rate|Urban|D2,59.43488501958842,mean
Reference,Expenditure deciles,France,Household Size|Urban|D2,2.814535594904762,mean
Reference,Expenditure deciles,France,Equivalence Household Size|Urban|D2,1.7699482822492199,mean
Reference,Expenditure deciles,France,Expenditure Share|Food|Urban|D2,16.224389104800775,mean
Reference,Expenditure deciles,France,Expenditure Share|Energy|Housing|Urban|D2,6.124957165440238,mean
Reference,Expenditure deciles,France,Expenditure Share|Energy|Transportation|Urban|D2,2.6551042009213734,mean
Reference,Expenditure deciles,France,Expenditure Share|Other|Urban|D2,-24.004450471162386,mean
Reference,Expenditure deciles,France,Expenditure Decile|Urban|D2,0.04623496367315678,mean
Reference,Expenditure deciles,France,Income Decile|Urban|D2,0.11410386619656687,mean
Reference,Expenditure deciles,France,Savings Rate|Rural|D3,54.593313911410554,mean
Reference,Expenditure deciles,France,Household Size|Rural|D3,2.6327537423224103,mean
Reference,Expenditure deciles,France,Equivalence Household Size|Rural|D3,1.7100027223158585,mean
Reference,Expenditure deciles,France,Expenditure Share|Food|Rural|D3,16.60553398418751,mean
Reference,Expenditure deciles,France,Expenditure Share|Energy|Housing|Rural|D3,5.664726370405529,mean
Reference,Expenditure deciles,France,Expenditure Share|Energy|Transportation|Rural|D3,3.429803336449128,mean
Reference,Expenditure deciles,France,Expenditure Share|Other|Rural|D3,-24.700063691042168,mean
Reference,Expenditure deciles,France,Expenditure Decile|Rural|D3,0.05837879546174876,mean
Reference,Expenditure deciles,France,Income Decile|Rural|D3,0.10682020958580393,mean
Reference,Expenditure deciles,France,Savings Rate|Urban|D3,41.33105582336289,mean
Reference,Expenditure deciles,France,Household Size|Urban|D3,2.5255199655424625,mean
Reference,Expenditure deciles,France,Equivalence Household Size|Urban|D3,1.6680829603465348,mean
Reference,Expenditure deciles,France,Expenditure Share|Food|Urban|D3,16.172131993698784,mean
Reference,Expenditure deciles,France,Expenditure Share|Energy|Housing|Urban|D3,5.689337356116726,mean
Reference,Expenditure deciles,France,Expenditure Share|Energy|Transportation|Urban|D3,3.241157365633333,mean
Reference,Expenditure deciles,France,Expenditure Share|Other|Urban|D3,-24.102626715448846,mean
Reference,Expenditure deciles,France,Expenditure Decile|Urban|D3,0.05894826317104444,mean
Reference,Expenditure deciles,France,Income Decile|Urban|D3,0.10897715638466675,mean
Reference,Expenditure deciles,France,Savings Rate|Rural|D4,43.817078324539686,mean
Reference,Expenditure deciles,France,Household Size|Rural|D4,2.5720558912235294,mean
Reference,Expenditure deciles,France,Equivalence Household Size|Rural|D4,1.6861147780070336,mean
Reference,Expenditure deciles,France,Expenditure Share|Food|Rural|D4,16.972133323985272,mean
Reference,Expenditure deciles,France,Expenditure Share|Energy|Housing|Rural|D4,5.103718800586532,mean
Reference,Expenditure deciles,France,Expenditure Share|Energy|Transportation|Rural|D4,4.134187093299362,mean
Reference,Expenditure deciles,France,Expenditure Share|Other|Rural|D4,-25.210039217871167,mean
Reference,Expenditure deciles,France,Expenditure Decile|Rural|D4,0.07192488367975641,mean
Reference,Expenditure deciles,France,Income Decile|Rural|D4,0.10868514172750389,mean
Reference,Expenditure deciles,France,Savings Rate|Urban|D4,29.452372044438217,mean
Reference,Expenditure deciles,France,Household Size|Urban|D4,2.4167813932670317,mean
Reference,Expenditure deciles,France,Equivalence Household Size|Urban|D4,1.6158166639229237,mean
Reference,Expenditure deciles,France,Expenditure Share|Food|Urban|D4,16.388220120804267,mean
Reference,Expenditure deciles,France,Expenditure Share|Energy|Housing|Urban|D4,5.34295765795698,mean
Reference,Expenditure deciles,France,Expenditure Share|Energy|Transportation|Urban|D4,3.8557188856574047,mean
Reference,Expenditure deciles,France,Expenditure Share|Other|Urban|D4,-24.58689666441865,mean
Reference,Expenditure deciles,France,Expenditure Decile|Urban|D4,0.07085380378449603,mean
Reference,Expenditure deciles,France,Income Decile|Urban|D4,0.10631582100997798,mean
Reference,Expenditure deciles,France,Savings Rate|Rural|D5,23.286594546418524,mean
Reference,Expenditure deciles,France,Household Size|Rural|D5,2.5389080387512917,mean
Reference,Expenditure deciles,France,Equivalence Household Size|Rural|D5,1.6655321500463705,mean
Reference,Expenditure deciles,France,Expenditure Share|Food|Rural|D5,16.259463141847494,mean
Reference,Expenditure deciles,France,Expenditure Share|Energy|Housing|Rural|D5,5.128820425033206,mean
Reference,Expenditure deciles,France,Expenditure Share|Energy|Transportation|Rural|D5,3.8416893543571855,mean
Reference,Expenditure deciles,France,Expenditure Share|Other|Rural|D5,-24.229972921237884,mean
Reference,Expenditure deciles,France,Expenditure Decile|Rural|D5,0.08457674520730017,mean
Reference,Expenditure deciles,France,Income Decile|Rural|D5,0.09487391220124884,mean
Reference,Expenditure deciles,France,Savings Rate|Urban|D5,8.192481257906625,mean
Reference,Expenditure deciles,France,Household Size|Urban|D5,2.244100625176363,mean
Reference,Expenditure deciles,France,Equivalence Household Size|Urban|D5,1.54050334098924,mean
Reference,Expenditure deciles,France,Expenditure Share|Food|Urban|D5,16.304678877145353,mean
Reference,Expenditure deciles,France,Expenditure Share|Energy|Housing|Urban|D5,5.228601933758843,mean
Reference,Expenditure deciles,France,Expenditure Share|Energy|Transportation|Urban|D5,4.027215829816975,mean
Reference,Expenditure deciles,France,Expenditure Share|Other|Urban|D5,-24.560496640721173,mean
Reference,Expenditure deciles,France,Expenditure Decile|Urban|D5,0.08199644113388546,mean
Reference,Expenditure deciles,France,Income Decile|Urban|D5,0.10324122807278088,mean
Reference,Expenditure deciles,France,Savings Rate|Rural|D6,18.952866193939382,mean
Reference,Expenditure deciles,France,Household Size|Rural|D6,2.288940694572773,mean
Reference,Expenditure deciles,France,Equivalence Household Size|Rural|D6,1.5698595429185542,mean
Reference,Expenditure deciles,France,Expenditure Share|Food|Rural|D6,16.36040844709903,mean
Reference,Expenditure deciles,France,Expenditure Share|Energy|Housing|Rural|D6,4.702098652322267,mean
Reference,Expenditure deciles,France,Expenditure Share|Energy|Transportation|Rural|D6,4.119039023595203,mean
Reference,Expenditure deciles,France,Expenditure Share|Other|Rural|D6,-24.181546123016496,mean
Reference,Expenditure deciles,France,Expenditure Decile|Rural|D6,0.09546616626032903,mean
Reference,Expenditure deciles,France,Income Decile|Rural|D6,0.10363239591284089,mean
Reference,Expenditure deciles,France,Savings Rate|Urban|D6,3.408851524176047,mean
Reference,Expenditure deciles,France,Household Size|Urban|D6,2.0798159914977483,mean
Reference,Expenditure deciles,France,Equivalence Household Size|Urban|D6,1.4699810326098026,mean
Reference,Expenditure deciles,France,Expenditure Share|Food|Urban|D6,17.035369993806867,mean
Reference,Expenditure deciles,France,Expenditure Share|Energy|Housing|Urban|D6,4.625216386602749,mean
Reference,Expenditure deciles,France,Expenditure Share|Energy|Transportation|Urban|D6,3.895293545389139,mean
Reference,Expenditure deciles,France,Expenditure Share|Other|Urban|D6,-24.555879925798752,mean
Reference,Expenditure deciles,France,Expenditure Decile|Urban|D6,0.09425490113997625,mean
Reference,Expenditure deciles,France,Income Decile|Urban|D6,0.10197883359106735,mean
Reference,Expenditure deciles,France,Savings Rate|Rural|D7,2.4463850724702887,mean
Reference,Expenditure deciles,France,Household Size|Rural|D7,2.191414229404599,mean
Reference,Expenditure deciles,France,Equivalence Household Size|Rural|D7,1.5258560306311029,mean
Reference,Expenditure deciles,France,Expenditure Share|Food|Rural|D7,16.035263535280933,mean
Reference,Expenditure deciles,France,Expenditure Share|Energy|Housing|Rural|D7,4.410915983859994,mean
Reference,Expenditure deciles,France,Expenditure Share|Energy|Transportation|Rural|D7,4.2981050681856585,mean
Reference,Expenditure deciles,France,Expenditure Share|Other|Rural|D7,-23.744284587326582,mean
Reference,Expenditure deciles,France,Expenditure Decile|Rural|D7,0.1097183497192262,mean
Reference,Expenditure deciles,France,Income Decile|Rural|D7,0.09875975994729737,mean
Reference,Expenditure deciles,France,Savings Rate|Urban|D7,-19.270912739448622,mean
Reference,Expenditure deciles,France,Household Size|Urban|D7,1.9259428330570578,mean
Reference,Expenditure deciles,France,Equivalence Household Size|Urban|D7,1.4088663829404764,mean
Reference,Expenditure deciles,France,Expenditure Share|Food|Urban|D7,16.491680048027757,mean
Reference,Expenditure deciles,France,Expenditure Share|Energy|Housing|Urban|D7,4.462068078501341,mean
Reference,Expenditure deciles,France,Expenditure Share|Energy|Transportation|Urban|D7,3.7086109192978056,mean
Reference,Expenditure deciles,France,Expenditure Share|Other|Urban|D7,-23.662359045826904,mean
Reference,Expenditure deciles,France,Expenditure Decile|Urban|D7,0.10846918197211294,mean
Reference,Expenditure deciles,France,Income Decile|Urban|D7,0.09433156710807594,mean
Reference,Expenditure deciles,France,Savings Rate|Rural|D8,-22.86136412589962,mean
Reference,Expenditure deciles,France,Household Size|Rural|D8,2.0184153097509427,mean
Reference,Expenditure deciles,France,Equivalence Household Size|Rural|D8,1.4545166656545208,mean
Reference,Expenditure deciles,France,Expenditure Share|Food|Rural|D8,15.642241383644695,mean
Reference,Expenditure deciles,France,Expenditure Share|Energy|Housing|Rural|D8,4.267596607726481,mean
Reference,Expenditure deciles,France,Expenditure Share|Energy|Transportation|Rural|D8,4.191103577930443,mean
Reference,Expenditure deciles,France,Expenditure Share|Other|Rural|D8,-23.100941569301618,mean
Reference,Expenditure deciles,France,Expenditure Decile|Rural|D8,0.12656208662319174,mean
Reference,Expenditure deciles,France,Income Decile|Rural|D8,0.09785289333605095,mean
Reference,Expenditure deciles,France,Savings Rate|Urban|D8,-53.33879500072455,mean
Reference,Expenditure deciles,France,Household Size|Urban|D8,1.772608988060263,mean
Reference,Expenditure deciles,France,Equivalence Household Size|Urban|D8,1.3356506045352692,mean
Reference,Expenditure deciles,France,Expenditure Share|Food|Urban|D8,16.529808867336417,mean
Reference,Expenditure deciles,France,Expenditure Share|Energy|Housing|Urban|D8,4.084865638485092,mean
Reference,Expenditure deciles,France,Expenditure Share|Energy|Transportation|Urban|D8,4.039620094485998,mean
Reference,Expenditure deciles,France,Expenditure Share|Other|Urban|D8,-23.65429460030751,mean
Reference,Expenditure deciles,France,Expenditure Decile|Urban|D8,0.1280402013529973,mean
Reference,Expenditure deciles,France,Income Decile|Urban|D8,0.08884620321534328,mean
Reference,Expenditure deciles,France,Savings Rate|Rural|D9,-59.015420258195654,mean
Reference,Expenditure deciles,France,Household Size|Rural|D9,1.8176710822528377,mean
Reference,Expenditure deciles,France,Equivalence Household Size|Rural|D9,1.3712132227900447,mean
Reference,Expenditure deciles,France,Expenditure Share|Food|Rural|D9,14.75604242197972,mean
Reference,Expenditure deciles,France,Expenditure Share|Energy|Housing|Rural|D9,3.7211138441625846,mean
Reference,Expenditure deciles,France,Expenditure Share|Energy|Transportation|Rural|D9,3.9191078776996875,mean
Reference,Expenditure deciles,France,Expenditure Share|Other|Rural|D9,-21.396264143841993,mean
Reference,Expenditure deciles,France,Expenditure Decile|Rural|D9,0.1546989616631193,mean
Reference,Expenditure deciles,France,Income Decile|Rural|D9,0.08416643267194286,mean
Reference,Expenditure deciles,France,Savings Rate|Urban|D9,-106.47546981283458,mean
Reference,Expenditure deciles,France,Household Size|Urban|D9,1.512339107181467,mean
Reference,Expenditure deciles,France,Equivalence Household Size|Urban|D9,1.227009828999471,mean
Reference,Expenditure deciles,France,Expenditure Share|Food|Urban|D9,15.615108414972608,mean
Reference,Expenditure deciles,France,Expenditure Share|Energy|Housing|Urban|D9,3.5723707548522685,mean
Reference,Expenditure deciles,France,Expenditure Share|Energy|Transportation|Urban|D9,4.131937672383236,mean
Reference,Expenditure deciles,France,Expenditure Share|Other|Urban|D9,-22.319416842208113,mean
Reference,Expenditure deciles,France,Expenditure Decile|Urban|D9,0.1530481796595952,mean
Reference,Expenditure deciles,France,Income Decile|Urban|D9,0.08858491722147191,mean
Reference,Expenditure deciles,France,Savings Rate|Rural|D10,-191.34377759401204,mean
Reference,Expenditure deciles,France,Household Size|Rural|D10,1.4150719281257376,mean
Reference,Expenditure deciles,France,Equivalence Household Size|Rural|D10,1.1932808745310184,mean
Reference,Expenditure deciles,France,Expenditure Share|Food|Rural|D10,13.145812816923225,mean
Reference,Expenditure deciles,France,Expenditure Share|Energy|Housing|Rural|D10,2.9176502708150864,mean
Reference,Expenditure deciles,France,Expenditure Share|Energy|Transportation|Rural|D10,3.7012077577450997,mean
Reference,Expenditure deciles,France,Expenditure Share|Other|Rural|D10,-18.76467084548341,mean
Reference,Expenditure deciles,France,Expenditure Decile|Rural|D10,0.22580285929760072,mean
Reference,Expenditure deciles,France,Income Decile|Rural|D10,0.07232285505341651,mean
Reference,Expenditure deciles,France,Savings Rate|Urban|D10,-265.3266218050047,mean
Reference,Expenditure deciles,France,Household Size|Urban|D10,1.2941822892586372,mean
Reference,Expenditure deciles,France,Equivalence Household Size|Urban|D10,1.1318305343279198,mean
Reference,Expenditure deciles,France,Expenditure Share|Food|Urban|D10,12.653458399700597,mean
Reference,Expenditure deciles,France,Expenditure Share|Energy|Housing|Urban|D10,2.920751815182705,mean
Reference,Expenditure deciles,France,Expenditure Share|Energy|Transportation|Urban|D10,3.4003432958309014,mean
Reference,Expenditure deciles,France,Expenditure Share|Other|Urban|D10,-17.974553510714202,mean
Reference,Expenditure deciles,France,Expenditure Decile|Urban|D10,0.2312268393454777,mean
Reference,Expenditure deciles,France,Income Decile|Urban|D10,0.07187257691060175,mean
Reference,Expenditure deciles,Germany,Savings Rate|Rural|D1,70.61543181557045,mean
Reference,Expenditure deciles,Germany,Household Size|Rural|D1,3.354327906225533,mean
Reference,Expenditure deciles,Germany,Equivalence Household Size|Rural|D1,2.0311605016078382,mean
Reference,Expenditure deciles,Germany,Expenditure Share|Food|Rural|D1,15.450318745555178,mean
Reference,Expenditure deciles,Germany,Expenditure Share|Energy|Housing|Rural|D1,8.47658016491376,mean
Reference,Expenditure deciles,Germany,Expenditure Share|Energy|Transportation|Rural|D1,3.205747719484734,mean
Reference,Expenditure deciles,Germany,Expenditure Share|Other|Rural|D1,-26.132646629953673,mean
Reference,Expenditure deciles,Germany,Expenditure Decile|Rural|D1,0.036749795050156846,mean
Reference,Expenditure deciles,Germany,Income Decile|Rural|D1,0.12529575558423792,mean
Reference,Expenditure deciles,Germany,Savings Rate|Urban|D1,66.719967043212975,mean
Reference,Expenditure deciles,Germany,Household Size|Urban|D1,2.919699254667109,mean
Reference,Expenditure deciles,Germany,Equivalence Household Size|Urban|D1,1.8504608795033484,mean
Reference,Expenditure deciles,Germany,Expenditure Share|Food|Urban|D1,15.74553099015232,mean
Reference,Expenditure deciles,Germany,Expenditure Share|Energy|Housing|Urban|D1,8.416216346106799,mean
Reference,Expenditure deciles,Germany,Expenditure Share|Energy|Transportation|Urban|D1,2.7837736942924436,mean
Reference,Expenditure deciles,Germany,Expenditure Share|Other|Urban|D1,-25.94552103055156,mean
Reference,Expenditure deciles,Germany,Expenditure Decile|Urban|D1,0.03717710815777535,mean
Reference,Expenditure deciles,Germany,Income Decile|Urban|D1,0.134656928918546,mean
Reference,Expenditure deciles,Germany,Savings Rate|Rural|D2,54.34605972043005,mean
Reference,Expenditure deciles,Germany,Household Size|Rural|D2,2.8813129857883713,mean
Reference,Expenditure deciles,Germany,Equivalence Household Size|Rural|D2,1.8420383362597719,mean
Reference,Expenditure deciles,Germany,Expenditure Share|Food|Rural|D2,13.784624986795675,mean
Reference,Expenditure deciles,Germany,Expenditure Share|Energy|Housing|Rural|D2,7.810014264435162,mean
Reference,Expenditure deciles,Germany,Expenditure Share|Energy|Transportation|Rural|D2,4.372095356270065,mean
Reference,Expenditure deciles,Germany,Expenditure Share|Other|Rural|D2,-24.966734607500904,mean
Reference,Expenditure deciles,Germany,Expenditure Decile|Rural|D2,0.05248631997410537,mean
Reference,Expenditure deciles,Germany,Income Decile|Rural|D2,0.11364198155230437,mean
Reference,Expenditure deciles,Germany,Savings Rate|Urban|D2,46.28411332437252,mean
Reference,Expenditure deciles,Germany,Household Size|Urban|D2,2.473302173347355,mean
Reference,Expenditure deciles,Germany,Equivalence Household Size|Urban|D2,1.6535252665483358,mean
Reference,Expenditure deciles,Germany,Expenditure Share|Food|Urban|D2,14.16513676225315,mean
Reference,Expenditure deciles,Germany,Expenditure Share|Energy|Housing|Urban|D2,7.640771076540456,mean
Reference,Expenditure deciles,Germany,Expenditure Share|Energy|Transportation|Urban|D2,4.049129131490225,mean
Reference,Expenditure deciles,Germany,Expenditure Share|Other|Urban|D2,-24.85503697028383,mean
Reference,Expenditure deciles,Germany,Expenditure Decile|Urban|D2,0.052339472107991135,mean
Reference,Expenditure deciles,Germany,Income Decile|Urban|D2,0.1182688468212892,mean
Reference,Expenditure deciles,Germany,Savings Rate|Rural|D3,42.81203306209118,mean
Reference,Expenditure deciles,Germany,Household Size|Rural|D3,2.8303821671497844,mean
Reference,Expenditure deciles,Germany,Equivalence Household Size|Rural|D3,1.7909694646647596,mean
Reference,Expenditure deciles,Germany,Expenditure Share|Food|Rural|D3,13.377821250628612,mean
Reference,Expenditure deciles,Germany,Expenditure Share|Energy|Housing|Rural|D3,7.097850231170652,mean
Reference,Expenditure deciles,Germany,Expenditure Share|Energy|Transportation|Rural|D3,4.931461147689835,mean
Reference,Expenditure deciles,Germany,Expenditure Share|Other|Rural|D3,-24.407132629489098,mean
Reference,Expenditure deciles,Germany,Expenditure Decile|Rural|D3,0.06519400892918857,mean
Reference,Expenditure deciles,Germany,Income Decile|Rural|D3,0.11345465246687914,mean
Reference,Expenditure deciles,Germany,Savings Rate|Urban|D3,30.744317704503885,mean
Reference,Expenditure deciles,Germany,Household Size|Urban|D3,2.3167877030111703,mean
Reference,Expenditure deciles,Germany,Equivalence Household Size|Urban|D3,1.5892307408161905,mean
Reference,Expenditure deciles,Germany,Expenditure Share|Food|Urban|D3,13.770239636075395,mean
Reference,Expenditure deciles,Germany,Expenditure Share|Energy|Housing|Urban|D3,7.3686399931782915,mean
Reference,Expenditure deciles,Germany,Expenditure Share|Energy|Transportation|Urban|D3,4.749511953450013,mean
Reference,Expenditure deciles,Germany,Expenditure Share|Other|Urban|D3,-24.8883915827037,mean
Reference,Expenditure deciles,Germany,Expenditure Decile|Urban|D3,0.06440882191871432,mean
Reference,Expenditure deciles,Germany,Income Decile|Urban|D3,0.11492870761610104,mean
Reference,Expenditure deciles,Germany,Savings Rate|Rural|D4,30.02564233388487,mean
Reference,Expenditure deciles,Germany,Household Size|Rural|D4,2.564372006776993,mean
Reference,Expenditure deciles,Germany,Equivalence Household Size|Rural|D4,1.6934640701104828,mean
Reference,Expenditure deciles,Germany,Expenditure Share|Food|Rural|D4,14.057134685120543,mean
Reference,Expenditure deciles,Germany,Expenditure Share|Energy|Housing|Rural|D4,7.494100190733525,mean
Reference,Expenditure deciles,Germany,Expenditure Share|Energy|Transportation|Rural|D4,5.022274586159014,mean
Reference,Expenditure deciles,Germany,Expenditure Share|Other|Rural|D4,-25.573509462013085,mean
Reference,Expenditure deciles,Germany,Expenditure Decile|Rural|D4,0.07499054932419182,mean
Reference,Expenditure deciles,Germany,Income Decile|Rural|D4,0.10896790680246374,mean
Reference,Expenditure deciles,Germany,Savings Rate|Urban|D4,14.032749246709733,mean
Reference,Expenditure deciles,Germany,Household Size|Urban|D4,2.1597037004101867,mean
Reference,Expenditure deciles,Germany,Equivalence Household Size|Urban|D4,1.51719749976126,mean
Reference,Expenditure deciles,Germany,Expenditure Share|Food|Urban|D4,13.311159136650375,mean
Reference,Expenditure deciles,Germany,Expenditure Share|Energy|Housing|Urban|D4,7.130657029069849,mean
Reference,Expenditure deciles,Germany,Expenditure Share|Energy|Transportation|Urban|D4,4.894258819109333,mean
Reference,Expenditure deciles,Germany,Expenditure Share|Other|Urban|D4,-24.33607498482956,mean
Reference,Expenditure deciles,Germany,Expenditure Decile|Urban|D4,0.07480736613235398,mean
Reference,Expenditure deciles,Germany,Income Decile|Urban|D4,0.10794341801997906,mean
Reference,Expenditure deciles,Germany,Savings Rate|Rural|D5,7.487361173818917,mean
Reference,Expenditure deciles,Germany,Household Size|Rural|D5,2.519210720895735,mean
Reference,Expenditure deciles,Germany,Equivalence Household Size|Rural|D5,1.67587020274156,mean
Reference,Expenditure deciles,Germany,Expenditure Share|Food|Rural|D5,13.114498081684713,mean
Reference,Expenditure deciles,Germany,Expenditure Share|Energy|Housing|Rural|D5,6.503055089905316,mean
Reference,Expenditure deciles,Germany,Expenditure Share|Energy|Transportation|Rural|D5,4.92639125451193,mean
Reference,Expenditure deciles,Germany,Expenditure Share|Other|Rural|D5,-23.54394442610196,mean
Reference,Expenditure deciles,Germany,Expenditure Decile|Rural|D5,0.08829074130723062,mean
Reference,Expenditure deciles,Germany,Income Decile|Rural|D5,0.1050825270938927,mean
Reference,Expenditure deciles,Germany,Savings Rate|Urban|D5,-4.791690527586031,mean
Reference,Expenditure deciles,Germany,Household Size|Urban|D5,1.9924937786517463,mean
Reference,Expenditure deciles,Germany,Equivalence Household Size|Urban|D5,1.4492215621894013,mean
Reference,Expenditure deciles,Germany,Expenditure Share|Food|Urban|D5,13.035417174532466,mean
Reference,Expenditure deciles,Germany,Expenditure Share|Energy|Housing|Urban|D5,6.942393432529893,mean
Reference,Expenditure deciles,Germany,Expenditure Share|Energy|Transportation|Urban|D5,5.1438626985947895,mean
Reference,Expenditure deciles,Germany,Expenditure Share|Other|Urban|D5,-24.121673305657147,mean
Reference,Expenditure deciles,Germany,Expenditure Decile|Urban|D5,0.08457960244035372,mean
Reference,Expenditure deciles,Germany,Income Decile|Urban|D5,0.10228458983191628,mean
Reference,Expenditure deciles,Germany,Savings Rate|Rural|D6,1.9781424284692886,mean
Reference,Expenditure deciles,Germany,Household Size|Rural|D6,2.350106712817157,mean
Reference,Expenditure deciles,Germany,Equivalence Household Size|Rural|D6,1.605217920414865,mean
Reference,Expenditure deciles,Germany,Expenditure Share|Food|Rural|D6,11.980945092849094,mean
Reference,Expenditure deciles,Germany,Expenditure Share|Energy|Housing|Rural|D6,6.613166524060647,mean
Reference,Expenditure deciles,Germany,Expenditure Share|Energy|Transportation|Rural|D6,5.17142058513499,mean
Reference,Expenditure deciles,Germany,Expenditure Share|Other|Rural|D6,-22.76553220204473,mean
Reference,Expenditure deciles,Germany,Expenditure Decile|Rural|D6,0.09896457165284,mean
Reference,Expenditure deciles,Germany,Income Decile|Rural|D6,0.10593547900616496,mean
Reference,Expenditure deciles,Germany,Savings Rate|Urban|D6,-22.118154612248215,mean
Reference,Expenditure deciles,Germany,Household Size|Urban|D6,1.8465204708959575,mean
Reference,Expenditure deciles,Germany,Equivalence Household Size|Urban|D6,1.3830172789752961,mean
Reference,Expenditure deciles,Germany,Expenditure Share|Food|Urban|D6,12.447493745363357,mean
Reference,Expenditure deciles,Germany,Expenditure Share|Energy|Housing|Urban|D6,6.715867090669174,mean
Reference,Expenditure deciles,Germany,Expenditure Share|Energy|Transportation|Urban|D6,5.412436413163664,mean
Reference,Expenditure deciles,Germany,Expenditure Share|Other|Urban|D6,-23.575797249196192,mean
Reference,Expenditure deciles,Germany,Expenditure Decile|Urban|D6,0.09489026468988497,mean
Reference,Expenditure deciles,Germany,Income Decile|Urban|D6,0.09568361528144842,mean
Reference,Expenditure deciles,Germany,Savings Rate|Rural|D7,-22.839556434625283,mean
Reference,Expenditure deciles,Germany,Household Size|Rural|D7,2.097903466378461,mean
Reference,Expenditure deciles,Germany,Equivalence Household Size|Rural|D7,1.496368061413137,mean
Reference,Expenditure deciles,Germany,Expenditure Share|Food|Rural|D7,11.959088944373596,mean
Reference,Expenditure deciles,Germany,Expenditure Share|Energy|Housing|Rural|D7,6.381466943098522,mean
Reference,Expenditure deciles,Germany,Expenditure Share|Energy|Transportation|Rural|D7,5.370769720222269,mean
Reference,Expenditure deciles,Germany,Expenditure Share|Other|Rural|D7,-22.711325607694384,mean
Reference,Expenditure deciles,Germany,Expenditure Decile|Rural|D7,0.10864628957181391,mean
Reference,Expenditure deciles,Germany,Income Decile|Rural|D7,0.09697607982303313,mean
Reference,Expenditure deciles,Germany,Savings Rate|Urban|D7,-46.01673157872897,mean
Reference,Expenditure deciles,Germany,Household Size|Urban|D7,1.707570990095646,mean
Reference,Expenditure deciles,Germany,Equivalence Household Size|Urban|D7,1.3256065202017713,mean
Reference,Expenditure deciles,Germany,Expenditure Share|Food|Urban|D7,12.36047448301257,mean
Reference,Expenditure deciles,Germany,Expenditure Share|Energy|Housing|Urban|D7,6.759303757649405,mean
Reference,Expenditure deciles,Germany,Expenditure Share|Energy|Transportation|Urban|D7,5.263790288254224,mean
Reference,Expenditure deciles,Germany,Expenditure Share|Other|Urban|D7,-23.3835685289162,mean
Reference,Expenditure deciles,Germany,Expenditure Decile|Urban|D7,0.10753452853874026,mean
Reference,Expenditure deciles,Germany,Income Decile|Urban|D7,0.09389557224483022,mean
Reference,Expenditure deciles,Germany,Savings Rate|Rural|D8,-53.66760563960325,mean
Reference,Expenditure deciles,Germany,Household Size|Rural|D8,1.7976622369742796,mean
Reference,Expenditure deciles,Germany,Equivalence Household Size|Rural|D8,1.3765605038112876,mean
Reference,Expenditure deciles,Germany,Expenditure Share|Food|Rural|D8,12.323642478692673,mean
Reference,Expenditure deciles,Germany,Expenditure Share|Energy|Housing|Rural|D8,6.5075388696200704,mean
Reference,Expenditure deciles,Germany,Expenditure Share|Energy|Transportation|Rural|D8,5.514923404159684,mean
Reference,Expenditure deciles,Germany,Expenditure Share|Other|Rural|D8,-23.346104752472428,mean
Reference,Expenditure deciles,Germany,Expenditure Decile|Rural|D8,0.12037011639959741,mean
Reference,Expenditure deciles,Germany,Income Decile|Rural|D8,0.08350941636100123,mean
Reference,Expenditure deciles,Germany,Savings Rate|Urban|D8,-86.21428631739221,mean
Reference,Expenditure deciles,Germany,Household Size|Urban|D8,1.5207321967334777,mean
Reference,Expenditure deciles,Germany,Equivalence Household Size|Urban|D8,1.2406705903448687,mean
Reference,Expenditure deciles,Germany,Expenditure Share|Food|Urban|D8,11.900124840768814,mean
Reference,Expenditure deciles,Germany,Expenditure Share|Energy|Housing|Urban|D8,6.61957805833424,mean
Reference,Expenditure deciles,Germany,Expenditure Share|Energy|Transportation|Urban|D8,5.260833574551726,mean
Reference,Expenditure deciles,Germany,Expenditure Share|Other|Urban|D8,-22.780536473654784,mean
Reference,Expenditure deciles,Germany,Expenditure Decile|Urban|D8,0.12092840653027295,mean
Reference,Expenditure deciles,Germany,Income Decile|Urban|D8,0.08424336138157822,mean
Reference,Expenditure deciles,Germany,Savings Rate|Rural|D9,-104.55892940427766,mean
Reference,Expenditure deciles,Germany,Household Size|Rural|D9,1.6235360278069761,mean
Reference,Expenditure deciles,Germany,Equivalence Household Size|Rural|D9,1.2863354845039576,mean
Reference,Expenditure deciles,Germany,Expenditure Share|Food|Rural|D9,10.639730943816778,mean
Reference,Expenditure deciles,Germany,Expenditure Share|Energy|Housing|Rural|D9,6.333821376873888,mean
Reference,Expenditure deciles,Germany,Expenditure Share|Energy|Transportation|Rural|D9,4.961191637527506,mean
Reference,Expenditure deciles,Germany,Expenditure Share|Other|Rural|D9,-20.93474395821817,mean
Reference,Expenditure deciles,Germany,Expenditure Decile|Rural|D9,0.1413243989304348,mean
Reference,Expenditure deciles,Germany,Income Decile|Rural|D9,0.07677639516461247,mean
Reference,Expenditure deciles,Germany,Savings Rate|Urban|D9,-138.63463651320907,mean
Reference,Expenditure deciles,Germany,Household Size|Urban|D9,1.366795241150768,mean
Reference,Expenditure deciles,Germany,Equivalence Household Size|Urban|D9,1.168016082556498,mean
Reference,Expenditure deciles,Germany,Expenditure Share|Food|Urban|D9,11.354408697629562,mean
Reference,Expenditure deciles,Germany,Expenditure Share|Energy|Housing|Urban|D9,6.331254856641347,mean
Reference,Expenditure deciles,Germany,Expenditure Share|Energy|Transportation|Urban|D9,5.101938259480269,mean
Reference,Expenditure deciles,Germany,Expenditure Share|Other|Urban|D9,-21.787601813751177,mean
Reference,Expenditure deciles,Germany,Expenditure Decile|Urban|D9,0.14198772585317754,mean
Reference,Expenditure deciles,Germany,Income Decile|Urban|D9,0.07652765690823289,mean
Reference,Expenditure deciles,Germany,Savings Rate|Rural|D10,-220.5737618764857,mean
Reference,Expenditure deciles,Germany,Household Size|Rural|D10,1.458997990320435,mean
Reference,Expenditure deciles,Germany,Equivalence Household Size|Rural|D10,1.2099073269014051,mean
Reference,Expenditure deciles,Germany,Expenditure Share|Food|Rural|D10,9.33492601511994,mean
Reference,Expenditure deciles,Germany,Expenditure Share|Energy|Housing|Rural|D10,5.099592340824206,mean
Reference,Expenditure deciles,Germany,Expenditure Share|Energy|Transportation|Rural|D10,4.238072112789684,mean
Reference,Expenditure deciles,Germany,Expenditure Share|Other|Rural|D10,-17.67259046873383,mean
Reference,Expenditure deciles,Germany,Expenditure Decile|Rural|D10,0.21298320886044061,mean
Reference,Expenditure deciles,Germany,Income Decile|Rural|D10,0.0703598061454104,mean
Reference,Expenditure deciles,Germany,Savings Rate|Urban|D10,-290.1942695152848,mean
Reference,Expenditure deciles,Germany,Household Size|Urban|D10,1.2616193924796255,mean
Reference,Expenditure deciles,Germany,Equivalence Household Size|Urban|D10,1.1211720153154372,mean
Reference,Expenditure deciles,Germany,Expenditure Share|Food|Urban|D10,8.784304725005097,mean
Reference,Expenditure deciles,Germany,Expenditure Share|Energy|Housing|Urban|D10,4.8845623808602925,mean
Reference,Expenditure deciles,Germany,Expenditure Share|Energy|Transportation|Urban|D10,4.08553847073787,mean
Reference,Expenditure deciles,Germany,Expenditure Share|Other|Urban|D10,-16.754405576603258,mean
Reference,Expenditure deciles,Germany,Expenditure Decile|Urban|D10,0.22134670363073586,mean
Reference,Expenditure deciles,Germany,Income Decile|Urban|D10,0.07156730297607868,mean
Reference,Expenditure deciles,Greece,Savings Rate|Rural|D1,54.59368812550773,mean
Reference,Expenditure deciles,Greece,Household Size|Rural|D1,4.500145987793503,mean
Reference,Expenditure deciles,Greece,Equivalence Household Size|Rural|D1,2.6064442062543436,mean
Reference,Expenditure deciles,Greece,Expenditure Share|Food|Rural|D1,24.852635216437328,mean
Reference,Expenditure deciles,Greece,Expenditure Share|Energy|Housing|Rural|D1,10.50182529079838,mean
Reference,Expenditure deciles,Greece,Expenditure Share|Energy|Transportation|Rural|D1,1.522495311856111,mean
Reference,Expenditure deciles,Greece,Expenditure Share|Other|Rural|D1,-35.87695581909182,mean
Reference,Expenditure deciles,Greece,Expenditure Decile|Rural|D1,0.04186304955817345,mean
Reference,Expenditure deciles,Greece,Income Decile|Rural|D1,0.11812537578141546,mean
Reference,Expenditure deciles,Greece,Savings Rate|Urban|D1,53.38552442931287,mean
Reference,Expenditure deciles,Greece,Household Size|Urban|D1,3.6642654796504575,mean
Reference,Expenditure deciles,Greece,Equivalence Household Size|Urban|D1,2.2059522743001523,mean
Reference,Expenditure deciles,Greece,Expenditure Share|Food|Urban|D1,25.677350455733063,mean
Reference,Expenditure deciles,Greece,Expenditure Share|Energy|Housing|Urban|D1,11.103983652075534,mean
Reference,Expenditure deciles,Greece,Expenditure Share|Energy|Transportation|Urban|D1,1.316801318918143,mean
Reference,Expenditure deciles,Greece,Expenditure Share|Other|Urban|D1,-37.09813542672674,mean
Reference,Expenditure deciles,Greece,Expenditure Decile|Urban|D1,0.038095413460801246,mean
Reference,Expenditure deciles,Greece,Income Decile|Urban|D1,0.11295679215884731,mean
Reference,Expenditure deciles,Greece,Savings Rate|Rural|D2,29.911175123976545,mean
Reference,Expenditure deciles,Greece,Household Size|Rural|D2,3.501011061184422,mean
Reference,Expenditure deciles,Greece,Equivalence Household Size|Rural|D2,2.1471765843159356,mean
Reference,Expenditure deciles,Greece,Expenditure Share|Food|Rural|D2,22.873860105892835,mean
Reference,Expenditure deciles,Greece,Expenditure Share|Energy|Housing|Rural|D2,8.65807997823396,mean
Reference,Expenditure deciles,Greece,Expenditure Share|Energy|Transportation|Rural|D2,3.085556822565975,mean
Reference,Expenditure deciles,Greece,Expenditure Share|Other|Rural|D2,-33.61749690669277,mean
Reference,Expenditure deciles,Greece,Expenditure Decile|Rural|D2,0.05575218431888404,mean
Reference,Expenditure deciles,Greece,Income Decile|Rural|D2,0.10756366437275112,mean
Reference,Expenditure deciles,Greece,Savings Rate|Urban|D2,38.56798641689811,mean
Reference,Expenditure deciles,Greece,Household Size|Urban|D2,3.2539257482140176,mean
Reference,Expenditure deciles,Greece,Equivalence Household Size|Urban|D2,1.9984509395895147,mean
Reference,Expenditure deciles,Greece,Expenditure Share|Food|Urban|D2,24.189436769068198,mean
Reference,Expenditure deciles,Greece,Expenditure Share|Energy|Housing|Urban|D2,9.36600320734062,mean
Reference,Expenditure deciles,Greece,Expenditure Share|Energy|Transportation|Urban|D2,2.5621888770708563,mean
Reference,Expenditure deciles,Greece,Expenditure Share|Other|Urban|D2,-35.11762885347968,mean
Reference,Expenditure deciles,Greece,Expenditure Decile|Urban|D2,0.051551943839253836,mean
Reference,Expenditure deciles,Greece,Income Decile|Urban|D2,0.11935012416012633,mean
Reference,Expenditure deciles,Greece,Savings Rate|Rural|D3,32.287095597737306,mean
Reference,Expenditure deciles,Greece,Household Size|Rural|D3,3.257725083872038,mean
Reference,Expenditure deciles,Greece,Equivalence Household Size|Rural|D3,2.023517346909369,mean
Reference,Expenditure deciles,Greece,Expenditure Share|Food|Rural|D3,23.6545408073021,mean
Reference,Expenditure deciles,Greece,Expenditure Share|Energy|Housing|Rural|D3,9.668722795732622,mean
Reference,Expenditure deciles,Greece,Expenditure Share|Energy|Transportation|Rural|D3,3.774780422870697,mean
Reference,Expenditure deciles,Greece,Expenditure Share|Other|Rural|D3,-36.09804402590542,mean
Reference,Expenditure deciles,Greece,Expenditure Decile|Rural|D3,0.06430485271010251,mean
Reference,Expenditure deciles,Greece,Income Decile|Rural|D3,0.12201438231404498,mean
Reference,Expenditure deciles,Greece,Savings Rate|Urban|D3,15.043007068384904,mean
Reference,Expenditure deciles,Greece,Household Size|Urban|D3,3.071120576977582,mean
Reference,Expenditure deciles,Greece,Equivalence Household Size|Urban|D3,1.9258742318966813,mean
Reference,Expenditure deciles,Greece,Expenditure Share|Food|Urban|D3,23.148582927215816,mean
Reference,Expenditure deciles,Greece,Expenditure Share|Energy|Housing|Urban|D3,8.649078443921029,mean
Reference,Expenditure deciles,Greece,Expenditure Share|Energy|Transportation|Urban|D3,3.0212081581194883,mean
Reference,Expenditure deciles,Greece,Expenditure Share|Other|Urban|D3,-33.81886952925633,mean
Reference,Expenditure deciles,Greece,Expenditure Decile|Urban|D3,0.063242678512791,mean
Reference,Expenditure deciles,Greece,Income Decile|Urban|D3,0.10328910311236704,mean
Reference,Expenditure deciles,Greece,Savings Rate|Rural|D4,-0.8849615888816327,mean
Reference,Expenditure deciles,Greece,Household Size|Rural|D4,2.9963916455562027,mean
Reference,Expenditure deciles,Greece,Equivalence Household Size|Rural|D4,1.9222523936318612,mean
Reference,Expenditure deciles,Greece,Expenditure Share|Food|Rural|D4,21.698590048271004,mean
Reference,Expenditure deciles,Greece,Expenditure Share|Energy|Housing|Rural|D4,8.13647420010003,mean
Reference,Expenditure deciles,Greece,Expenditure Share|Energy|Transportation|Rural|D4,4.324840371388882,mean
Reference,Expenditure deciles,Greece,Expenditure Share|Other|Rural|D4,-33.159904619759914,mean
Reference,Expenditure deciles,Greece,Expenditure Decile|Rural|D4,0.07404012395503173,mean
Reference,Expenditure deciles,Greece,Income Decile|Rural|D4,0.09871363973678052,mean
Reference,Expenditure deciles,Greece,Savings Rate|Urban|D4,17.661859879366055,mean
Reference,Expenditure deciles,Greece,Household Size|Urban|D4,2.747478521558936,mean
Reference,Expenditure deciles,Greece,Equivalence Household Size|Urban|D4,1.7889540812834632,mean
Reference,Expenditure deciles,Greece,Expenditure Share|Food|Urban|D4,23.966631304773795,mean
Reference,Expenditure deciles,Greece,Expenditure Share|Energy|Housing|Urban|D4,8.369007528661752,mean
Reference,Expenditure deciles,Greece,Expenditure Share|Energy|Transportation|Urban|D4,3.7488118249342297,mean
Reference,Expenditure deciles,Greece,Expenditure Share|Other|Urban|D4,-35.084450658369775,mean
Reference,Expenditure deciles,Greece,Expenditure Decile|Urban|D4,0.06968653079469828,mean
Reference,Expenditure deciles,Greece,Income Decile|Urban|D4,0.11488875591569452,mean
Reference,Expenditure deciles,Greece,Savings Rate|Rural|D5,-0.7322304528194804,mean
Reference,Expenditure deciles,Greece,Household Size|Rural|D5,2.8800736994037845,mean
Reference,Expenditure deciles,Greece,Equivalence Household Size|Rural|D5,1.8537383532339367,mean
Reference,Expenditure deciles,Greece,Expenditure Share|Food|Rural|D5,21.359974300404897,mean
Reference,Expenditure deciles,Greece,Expenditure Share|Energy|Housing|Rural|D5,8.016230291425881,mean
Reference,Expenditure deciles,Greece,Expenditure Share|Energy|Transportation|Rural|D5,4.6836488378109005,mean
Reference,Expenditure deciles,Greece,Expenditure Share|Other|Rural|D5,-33.05985342964168,mean
Reference,Expenditure deciles,Greece,Expenditure Decile|Rural|D5,0.0845845475873141,mean
Reference,Expenditure deciles,Greece,Income Decile|Rural|D5,0.12836547305627205,mean
Reference,Expenditure deciles,Greece,Savings Rate|Urban|D5,-1.0625205260122024,mean
Reference,Expenditure deciles,Greece,Household Size|Urban|D5,2.5445033348235624,mean
Reference,Expenditure deciles,Greece,Equivalence Household Size|Urban|D5,1.6925713236263427,mean
Reference,Expenditure deciles,Greece,Expenditure Share|Food|Urban|D5,22.76646296735864,mean
Reference,Expenditure deciles,Greece,Expenditure Share|Energy|Housing|Urban|D5,7.938842092123895,mean
Reference,Expenditure deciles,Greece,Expenditure Share|Energy|Transportation|Urban|D5,4.316110800726458,mean
Reference,Expenditure deciles,Greece,Expenditure Share|Other|Urban|D5,-34.02141586020899,mean
Reference,Expenditure deciles,Greece,Expenditure Decile|Urban|D5,0.078981092612874,mean
Reference,Expenditure deciles,Greece,Income Decile|Urban|D5,0.10388016133230983,mean
Reference,Expenditure deciles,Greece,Savings Rate|Rural|D6,-25.34997806771941,mean
Reference,Expenditure deciles,Greece,Household Size|Rural|D6,2.3019074021174277,mean
Reference,Expenditure deciles,Greece,Equivalence Household Size|Rural|D6,1.599147037013852,mean
Reference,Expenditure deciles,Greece,Expenditure Share|Food|Rural|D6,22.734499951702848,mean
Reference,Expenditure deciles,Greece,Expenditure Share|Energy|Housing|Rural|D6,7.489992288380381,mean
Reference,Expenditure deciles,Greece,Expenditure Share|Energy|Transportation|Rural|D6,4.328673460574855,mean
Reference,Expenditure deciles,Greece,Expenditure Share|Other|Rural|D6,-33.553165700658084,mean
Reference,Expenditure deciles,Greece,Expenditure Decile|Rural|D6,0.08570402207662366,mean
Reference,Expenditure deciles,Greece,Income Decile|Rural|D6,0.08869181517035511,mean
Reference,Expenditure deciles,Greece,Savings Rate|Urban|D6,-25.54635798128418,mean
Reference,Expenditure deciles,Greece,Household Size|Urban|D6,2.4558052557121686,mean
Reference,Expenditure deciles,Greece,Equivalence Household Size|Urban|D6,1.6571708707576736,mean
Reference,Expenditure deciles,Greece,Expenditure Share|Food|Urban|D6,21.671165877106827,mean
Reference,Expenditure deciles,Greece,Expenditure Share|Energy|Housing|Urban|D6,6.923761759788592,mean
Reference,Expenditure deciles,Greece,Expenditure Share|Energy|Transportation|Urban|D6,4.435574377062813,mean
Reference,Expenditure deciles,Greece,Expenditure Share|Other|Urban|D6,-32.030502013958234,mean
Reference,Expenditure deciles,Greece,Expenditure Decile|Urban|D6,0.09173479327124977,mean
Reference,Expenditure deciles,Greece,Income Decile|Urban|D6,0.09843385141579974,mean
Reference,Expenditure deciles,Greece,Savings Rate|Rural|D7,-45.14533333151816,mean
Reference,Expenditure deciles,Greece,Household Size|Rural|D7,2.347625228651429,mean
Reference,Expenditure deciles,Greece,Equivalence Household Size|Rural|D7,1.6297599156697757,mean
Reference,Expenditure deciles,Greece,Expenditure Share|Food|Rural|D7,20.442113750704944,mean
Reference,Expenditure deciles,Greece,Expenditure Share|Energy|Housing|Rural|D7,6.738307640735427,mean
Reference,Expenditure deciles,Greece,Expenditure Share|Energy|Transportation|Rural|D7,5.121603092981259,mean
Reference,Expenditure deciles,Greece,Expenditure Share|Other|Rural|D7,-31.30202448442163,mean
Reference,Expenditure deciles,Greece,Expenditure Decile|Rural|D7,0.10171856636609894,mean
Reference,Expenditure deciles,Greece,Income Decile|Rural|D7,0.09747662948181486,mean
Reference,Expenditure deciles,Greece,Savings Rate|Urban|D7,-52.75734658030475,mean
Reference,Expenditure deciles,Greece,Household Size|Urban|D7,2.1803762377741576,mean
Reference,Expenditure deciles,Greece,Equivalence Household Size|Urban|D7,1.5245538235442506,mean
Reference,Expenditure deciles,Greece,Expenditure Share|Food|Urban|D7,21.126712239341522,mean
Reference,Expenditure deciles,Greece,Expenditure Share|Energy|Housing|Urban|D7,7.124419258439776,mean
Reference,Expenditure deciles,Greece,Expenditure Share|Energy|Transportation|Urban|D7,4.829836787232265,mean
Reference,Expenditure deciles,Greece,Expenditure Share|Other|Urban|D7,-32.08096828501356,mean
Reference,Expenditure deciles,Greece,Expenditure Decile|Urban|D7,0.10065908332033788,mean
Reference,Expenditure deciles,Greece,Income Decile|Urban|D7,0.0897957235468161,mean
Reference,Expenditure deciles,Greece,Savings Rate|Rural|D8,-98.61844812936195,mean
Reference,Expenditure deciles,Greece,Household Size|Rural|D8,2.159096103852828,mean
Reference,Expenditure deciles,Greece,Equivalence Household Size|Rural|D8,1.519233431269387,mean
Reference,Expenditure deciles,Greece,Expenditure Share|Food|Rural|D8,19.267724304884286,mean
Reference,Expenditure deciles,Greece,Expenditure Share|Energy|Housing|Rural|D8,6.105663176351412,mean
Reference,Expenditure deciles,Greece,Expenditure Share|Energy|Transportation|Rural|D8,5.05455284363227,mean
Reference,Expenditure deciles,Greece,Expenditure Share|Other|Rural|D8,-29.42794032486797,mean
Reference,Expenditure deciles,Greece,Expenditure Decile|Rural|D8,0.11745127073045858,mean
Reference,Expenditure deciles,Greece,Income Decile|Rural|D8,0.08127700803320365,mean
Reference,Expenditure deciles,Greece,Savings Rate|Urban|D8,-88.45690501544703,mean
Reference,Expenditure deciles,Greece,Household Size|Urban|D8,2.032757690483748,mean
Reference,Expenditure deciles,Greece,Equivalence Household Size|Urban|D8,1.4720530863593375,mean
Reference,Expenditure deciles,Greece,Expenditure Share|Food|Urban|D8,19.70280511650086,mean
Reference,Expenditure deciles,Greece,Expenditure Share|Energy|Housing|Urban|D8,6.254740185822597,mean
Reference,Expenditure deciles,Greece,Expenditure Share|Energy|Transportation|Urban|D8,5.387476036608215,mean
Reference,Expenditure deciles,Greece,Expenditure Share|Other|Urban|D8,-30.345021338931666,mean
Reference,Expenditure deciles,Greece,Expenditure Decile|Urban|D8,0.12106619179129414,mean
Reference,Expenditure deciles,Greece,Income Decile|Urban|D8,0.08842857865152548,mean
Reference,Expenditure deciles,Greece,Savings Rate|Rural|D9,-126.4797127357272,mean
Reference,Expenditure deciles,Greece,Household Size|Rural|D9,1.7591575197663722,mean
Reference,Expenditure deciles,Greece,Equivalence Household Size|Rural|D9,1.3588004703286438,mean
Reference,Expenditure deciles,Greece,Expenditure Share|Food|Rural|D9,18.644568992012136,mean
Reference,Expenditure deciles,Greece,Expenditure Share|Energy|Housing|Rural|D9,5.918963890621671,mean
Reference,Expenditure deciles,Greece,Expenditure Share|Energy|Transportation|Rural|D9,5.492998761042518,mean
Reference,Expenditure deciles,Greece,Expenditure Share|Other|Rural|D9,-29.056531643676326,mean
Reference,Expenditure deciles,Greece,Expenditure Decile|Rural|D9,0.1363213576587506,mean
Reference,Expenditure deciles,Greece,Income Decile|Rural|D9,0.07842996707726688,mean
Reference,Expenditure deciles,Greece,Savings Rate|Urban|D9,-113.84145948882811,mean
Reference,Expenditure deciles,Greece,Household Size|Urban|D9,1.7881004255536237,mean
Reference,Expenditure deciles,Greece,Equivalence Household Size|Urban|D9,1.3579060879442306,mean
Reference,Expenditure deciles,Greece,Expenditure Share|Food|Urban|D9,18.403224757252392,mean
Reference,Expenditure deciles,Greece,Expenditure Share|Energy|Housing|Urban|D9,5.589996976082604,mean
Reference,Expenditure deciles,Greece,Expenditure Share|Energy|Transportation|Urban|D9,5.0559210164691875,mean
Reference,Expenditure deciles,Greece,Expenditure Share|Other|Urban|D9,-28.049142749804183,mean
Reference,Expenditure deciles,Greece,Expenditure Decile|Urban|D9,0.14475148115135714,mean
Reference,Expenditure deciles,Greece,Income Decile|Urban|D9,0.08700437034101088,mean
Reference,Expenditure deciles,Greece,Savings Rate|Rural|D10,-329.7359344710074,mean
Reference,Expenditure deciles,Greece,Household Size|Rural|D10,1.6724262228295912,mean
Reference,Expenditure deciles,Greece,Equivalence Household Size|Rural|D10,1.3111908161039956,mean
Reference,Expenditure deciles,Greece,Expenditure Share|Food|Rural|D10,15.649929526158708,mean
Reference,Expenditure deciles,Greece,Expenditure Share|Energy|Housing|Rural|D10,4.2716184334727885,mean
Reference,Expenditure deciles,Greece,Expenditure Share|Energy|Transportation|Rural|D10,5.1557918029005085,mean
Reference,Expenditure deciles,Greece,Expenditure Share|Other|Rural|D10,-24.077339762532006,mean
Reference,Expenditure deciles,Greece,Expenditure Decile|Rural|D10,0.23826002503856233,mean
Reference,Expenditure deciles,Greece,Income Decile|Rural|D10,0.0793420449760954,mean
Reference,Expenditure deciles,Greece,Savings Rate|Urban|D10,-294.45800838267456,mean
Reference,Expenditure deciles,Greece,Household Size|Urban|D10,1.620569918841086,mean
Reference,Expenditure deciles,Greece,Equivalence Household Size|Urban|D10,1.2841077794885944,mean
Reference,Expenditure deciles,Greece,Expenditure Share|Food|Urban|D10,15.065211151918042,mean
Reference,Expenditure deciles,Greece,Expenditure Share|Energy|Housing|Urban|D10,4.177872513765547,mean
Reference,Expenditure deciles,Greece,Expenditure Share|Energy|Transportation|Urban|D10,4.863422806956743,mean
Reference,Expenditure deciles,Greece,Expenditure Share|Other|Urban|D10,-23.10650647264033,mean
Reference,Expenditure deciles,Greece,Expenditure Decile|Urban|D10,0.24023079124534272,mean
Reference,Expenditure deciles,Greece,Income Decile|Urban|D10,0.08197253936550274,mean
Reference,Expenditure deciles,Hungary,Savings Rate|Rural|D1,58.614428458899106,mean
Reference,Expenditure deciles,Hungary,Household Size|Rural|D1,4.070226349390598,mean
Reference,Expenditure deciles,Hungary,Equivalence Household Size|Rural|D1,2.366483426231124,mean
Reference,Expenditure deciles,Hungary,Expenditure Share|Food|Rural|D1,23.84282147821164,mean
Reference,Expenditure deciles,Hungary,Expenditure Share|Energy|Housing|Rural|D1,15.829069826284108,mean
Reference,Expenditure deciles,Hungary,Expenditure Share|Energy|Transportation|Rural|D1,0.8599378815084484,mean
Reference,Expenditure deciles,Hungary,Expenditure Share|Other|Rural|D1,-39.531829186004195,mean
Reference,Expenditure deciles,Hungary,Expenditure Decile|Rural|D1,0.048262141989350575,mean
Reference,Expenditure deciles,Hungary,Income Decile|Rural|D1,0.12890688507936593,mean
Reference,Expenditure deciles,Hungary,Savings Rate|Urban|D1,69.60347599563363,mean
Reference,Expenditure deciles,Hungary,Household Size|Urban|D1,3.797089330433351,mean
Reference,Expenditure deciles,Hungary,Equivalence Household Size|Urban|D1,2.2404707849882586,mean
Reference,Expenditure deciles,Hungary,Expenditure Share|Food|Urban|D1,23.57902470956752,mean
Reference,Expenditure deciles,Hungary,Expenditure Share|Energy|Housing|Urban|D1,15.585465831119214,mean
Reference,Expenditure deciles,Hungary,Expenditure Share|Energy|Transportation|Urban|D1,1.0556623495729915,mean
Reference,Expenditure deciles,Hungary,Expenditure Share|Other|Urban|D1,-39.220152890259726,mean
Reference,Expenditure deciles,Hungary,Expenditure Decile|Urban|D1,0.04621432677367605,mean
Reference,Expenditure deciles,Hungary,Income Decile|Urban|D1,0.13609131031158167,mean
Reference,Expenditure deciles,Hungary,Savings Rate|Rural|D2,45.25057190596619,mean
Reference,Expenditure deciles,Hungary,Household Size|Rural|D2,3.2851225386653793,mean
Reference,Expenditure deciles,Hungary,Equivalence Household Size|Rural|D2,2.035138723534995,mean
Reference,Expenditure deciles,Hungary,Expenditure Share|Food|Rural|D2,23.582929215055202,mean
Reference,Expenditure deciles,Hungary,Expenditure Share|Energy|Housing|Rural|D2,15.34922211449246,mean
Reference,Expenditure deciles,Hungary,Expenditure Share|Energy|Transportation|Rural|D2,1.5779024961206098,mean
Reference,Expenditure deciles,Hungary,Expenditure Share|Other|Rural|D2,-39.51005382566827,mean
Reference,Expenditure deciles,Hungary,Expenditure Decile|Rural|D2,0.06068104696013756,mean
Reference,Expenditure deciles,Hungary,Income Decile|Rural|D2,0.12107993247142261,mean
Reference,Expenditure deciles,Hungary,Savings Rate|Urban|D2,53.89731069620961,mean
Reference,Expenditure deciles,Hungary,Household Size|Urban|D2,2.9749623265723244,mean
Reference,Expenditure deciles,Hungary,Equivalence Household Size|Urban|D2,1.8847747388841736,mean
Reference,Expenditure deciles,Hungary,Expenditure Share|Food|Urban|D2,23.411278822065523,mean
Reference,Expenditure deciles,Hungary,Expenditure Share|Energy|Housing|Urban|D2,14.201914096327691,mean
Reference,Expenditure deciles,Hungary,Expenditure Share|Energy|Transportation|Urban|D2,1.581500010421198,mean
Reference,Expenditure deciles,Hungary,Expenditure Share|Other|Urban|D2,-38.194692928814405,mean
Reference,Expenditure deciles,Hungary,Expenditure Decile|Urban|D2,0.06010412382512146,mean
Reference,Expenditure deciles,Hungary,Income Decile|Urban|D2,0.12544278610396864,mean
Reference,Expenditure deciles,Hungary,Savings Rate|Rural|D3,30.89916732689706,mean
Reference,Expenditure deciles,Hungary,Household Size|Rural|D3,3.004751770347429,mean
Reference,Expenditure deciles,Hungary,Equivalence Household Size|Rural|D3,1.909648325450003,mean
Reference,Expenditure deciles,Hungary,Expenditure Share|Food|Rural|D3,24.491929529476806,mean
Reference,Expenditure deciles,Hungary,Expenditure Share|Energy|Housing|Rural|D3,13.518179401817722,mean
Reference,Expenditure deciles,Hungary,Expenditure Share|Energy|Transportation|Rural|D3,2.2371041770964957,mean
Reference,Expenditure deciles,Hungary,Expenditure Share|Other|Rural|D3,-39.24721310839102,mean
Reference,Expenditure deciles,Hungary,Expenditure Decile|Rural|D3,0.07202609360014552,mean
Reference,Expenditure deciles,Hungary,Income Decile|Rural|D3,0.11991610808466871,mean
Reference,Expenditure deciles,Hungary,Savings Rate|Urban|D3,42.83107378590702,mean
Reference,Expenditure deciles,Hungary,Household Size|Urban|D3,2.7467612128594423,mean
Reference,Expenditure deciles,Hungary,Equivalence Household Size|Urban|D3,1.7713951363814329,mean
Reference,Expenditure deciles,Hungary,Expenditure Share|Food|Urban|D3,23.24552970604399,mean
Reference,Expenditure deciles,Hungary,Expenditure Share|Energy|Housing|Urban|D3,14.401129664677653,mean
Reference,Expenditure deciles,Hungary,Expenditure Share|Energy|Transportation|Urban|D3,2.4357395996396716,mean
Reference,Expenditure deciles,Hungary,Expenditure Share|Other|Urban|D3,-39.08239897036131,mean
Reference,Expenditure deciles,Hungary,Expenditure Decile|Urban|D3,0.0714908937638636,mean
Reference,Expenditure deciles,Hungary,Income Decile|Urban|D3,0.11523381992582067,mean
Reference,Expenditure deciles,Hungary,Savings Rate|Rural|D4,20.4379852974433,mean
Reference,Expenditure deciles,Hungary,Household Size|Rural|D4,2.668724629265433,mean
Reference,Expenditure deciles,Hungary,Equivalence Household Size|Rural|D4,1.7504587960097073,mean
Reference,Expenditure deciles,Hungary,Expenditure Share|Food|Rural|D4,24.109442317320294,mean
Reference,Expenditure deciles,Hungary,Expenditure Share|Energy|Housing|Rural|D4,13.73296571589468,mean
Reference,Expenditure deciles,Hungary,Expenditure Share|Energy|Transportation|Rural|D4,2.467828168099726,mean
Reference,Expenditure deciles,Hungary,Expenditure Share|Other|Rural|D4,-39.3102362013147,mean
Reference,Expenditure deciles,Hungary,Expenditure Decile|Rural|D4,0.07836697441128057,mean
Reference,Expenditure deciles,Hungary,Income Decile|Rural|D4,0.10840076662179322,mean
Reference,Expenditure deciles,Hungary,Savings Rate|Urban|D4,29.497180153906783,mean
Reference,Expenditure deciles,Hungary,Household Size|Urban|D4,2.444774939859484,mean
Reference,Expenditure deciles,Hungary,Equivalence Household Size|Urban|D4,1.6675315032089417,mean
Reference,Expenditure deciles,Hungary,Expenditure Share|Food|Urban|D4,21.945259867625357,mean
Reference,Expenditure deciles,Hungary,Expenditure Share|Energy|Housing|Urban|D4,12.478800527589438,mean
Reference,Expenditure deciles,Hungary,Expenditure Share|Energy|Transportation|Urban|D4,3.0341628523210797,mean
Reference,Expenditure deciles,Hungary,Expenditure Share|Other|Urban|D4,-36.45822324753587,mean
Reference,Expenditure deciles,Hungary,Expenditure Decile|Urban|D4,0.08119242463518388,mean
Reference,Expenditure deciles,Hungary,Income Decile|Urban|D4,0.10560844834052706,mean
Reference,Expenditure deciles,Hungary,Savings Rate|Rural|D5,3.9787574887127937,mean
Reference,Expenditure deciles,Hungary,Household Size|Rural|D5,2.6022773042465412,mean
Reference,Expenditure deciles,Hungary,Equivalence Household Size|Rural|D5,1.7180083385040767,mean
Reference,Expenditure deciles,Hungary,Expenditure Share|Food|Rural|D5,23.190508494620655,mean
Reference,Expenditure deciles,Hungary,Expenditure Share|Energy|Housing|Rural|D5,13.097024030078034,mean
Reference,Expenditure deciles,Hungary,Expenditure Share|Energy|Transportation|Rural|D5,3.234725495818529,mean
Reference,Expenditure deciles,Hungary,Expenditure Share|Other|Rural|D5,-38.522258020517214,mean
Reference,Expenditure deciles,Hungary,Expenditure Decile|Rural|D5,0.0906756426019487,mean
Reference,Expenditure deciles,Hungary,Income Decile|Rural|D5,0.10926487449046597,mean
Reference,Expenditure deciles,Hungary,Savings Rate|Urban|D5,20.383270202392843,mean
Reference,Expenditure deciles,Hungary,Household Size|Urban|D5,2.1180943411856523,mean
Reference,Expenditure deciles,Hungary,Equivalence Household Size|Urban|D5,1.5113376845905329,mean
Reference,Expenditure deciles,Hungary,Expenditure Share|Food|Urban|D5,22.884924183181163,mean
Reference,Expenditure deciles,Hungary,Expenditure Share|Energy|Housing|Urban|D5,12.869127488044706,mean
Reference,Expenditure deciles,Hungary,Expenditure Share|Energy|Transportation|Urban|D5,3.1326337329006755,mean
Reference,Expenditure deciles,Hungary,Expenditure Share|Other|Urban|D5,-37.886685404126546,mean
Reference,Expenditure deciles,Hungary,Expenditure Decile|Urban|D5,0.0860269116061279,mean
Reference,Expenditure deciles,Hungary,Income Decile|Urban|D5,0.10042563578752112,mean
Reference,Expenditure deciles,Hungary,Savings Rate|Rural|D6,-13.305922778197559,mean
Reference,Expenditure deciles,Hungary,Household Size|Rural|D6,2.253044707233319,mean
Reference,Expenditure deciles,Hungary,Equivalence Household Size|Rural|D6,1.579278876411938,mean
Reference,Expenditure deciles,Hungary,Expenditure Share|Food|Rural|D6,21.489180053325207,mean
Reference,Expenditure deciles,Hungary,Expenditure Share|Energy|Housing|Rural|D6,12.141498803812308,mean
Reference,Expenditure deciles,Hungary,Expenditure Share|Energy|Transportation|Rural|D6,3.753035960236445,mean
Reference,Expenditure deciles,Hungary,Expenditure Share|Other|Rural|D6,-36.38371481737396,mean
Reference,Expenditure deciles,Hungary,Expenditure Decile|Rural|D6,0.09595118270501593,mean
Reference,Expenditure deciles,Hungary,Income Decile|Rural|D6,0.092383111625427,mean
Reference,Expenditure deciles,Hungary,Savings Rate|Urban|D6,11.935209159161746,mean
Reference,Expenditure deciles,Hungary,Household Size|Urban|D6,2.050345158487614,mean
Reference,Expenditure deciles,Hungary,Equivalence Household Size|Urban|D6,1.4838719995850318,mean
Reference,Expenditure deciles,Hungary,Expenditure Share|Food|Urban|D6,22.774744688779023,mean
Reference,Expenditure deciles,Hungary,Expenditure Share|Energy|Housing|Urban|D6,11.547002363103509,mean
Reference,Expenditure deciles,Hungary,Expenditure Share|Energy|Transportation|Urban|D6,3.3998169135044654,mean
Reference,Expenditure deciles,Hungary,Expenditure Share|Other|Urban|D6,-36.721563965387,mean
Reference,Expenditure deciles,Hungary,Expenditure Decile|Urban|D6,0.09766662203700631,mean
Reference,Expenditure deciles,Hungary,Income Decile|Urban|D6,0.10193038357192752,mean
Reference,Expenditure deciles,Hungary,Savings Rate|Rural|D7,-27.098330329959555,mean
Reference,Expenditure deciles,Hungary,Household Size|Rural|D7,2.071510705897099,mean
Reference,Expenditure deciles,Hungary,Equivalence Household Size|Rural|D7,1.4936206041515667,mean
Reference,Expenditure deciles,Hungary,Expenditure Share|Food|Rural|D7,22.091027788085082,mean
Reference,Expenditure deciles,Hungary,Expenditure Share|Energy|Housing|Rural|D7,11.400533790089643,mean
Reference,Expenditure deciles,Hungary,Expenditure Share|Energy|Transportation|Rural|D7,4.348562324536028,mean
Reference,Expenditure deciles,Hungary,Expenditure Share|Other|Rural|D7,-36.84012390271075,mean
Reference,Expenditure deciles,Hungary,Expenditure Decile|Rural|D7,0.10832246627249306,mean
Reference,Expenditure deciles,Hungary,Income Decile|Rural|D7,0.09425415316264053,mean
Reference,Expenditure deciles,Hungary,Savings Rate|Urban|D7,-9.493468472505272,mean
Reference,Expenditure deciles,Hungary,Household Size|Urban|D7,1.8722545344879582,mean
Reference,Expenditure deciles,Hungary,Equivalence Household Size|Urban|D7,1.3864120460126663,mean
Reference,Expenditure deciles,Hungary,Expenditure Share|Food|Urban|D7,21.768732270657726,mean
Reference,Expenditure deciles,Hungary,Expenditure Share|Energy|Housing|Urban|D7,11.44950275000181,mean
Reference,Expenditure deciles,Hungary,Expenditure Share|Energy|Transportation|Urban|D7,4.913097037397863,mean
Reference,Expenditure deciles,Hungary,Expenditure Share|Other|Urban|D7,-37.1313320580574,mean
Reference,Expenditure deciles,Hungary,Expenditure Decile|Urban|D7,0.10696138872919364,mean
Reference,Expenditure deciles,Hungary,Income Decile|Urban|D7,0.08867595714335036,mean
Reference,Expenditure deciles,Hungary,Savings Rate|Rural|D8,-54.95282712331699,mean
Reference,Expenditure deciles,Hungary,Household Size|Rural|D8,1.7717832287005377,mean
Reference,Expenditure deciles,Hungary,Equivalence Household Size|Rural|D8,1.3547579519092279,mean
Reference,Expenditure deciles,Hungary,Expenditure Share|Food|Rural|D8,21.777062679893067,mean
Reference,Expenditure deciles,Hungary,Expenditure Share|Energy|Housing|Rural|D8,11.364284016087757,mean
Reference,Expenditure deciles,Hungary,Expenditure Share|Energy|Transportation|Rural|D8,4.772655282670348,mean
Reference,Expenditure deciles,Hungary,Expenditure Share|Other|Rural|D8,-36.914001978651164,mean
Reference,Expenditure deciles,Hungary,Expenditure Decile|Rural|D8,0.11574252133955423,mean
Reference,Expenditure deciles,Hungary,Income Decile|Rural|D8,0.07710916359304644,mean
Reference,Expenditure deciles,Hungary,Savings Rate|Urban|D8,-35.98601317871843,mean
Reference,Expenditure deciles,Hungary,Household Size|Urban|D8,1.6779082158517198,mean
Reference,Expenditure deciles,Hungary,Equivalence Household Size|Urban|D8,1.3145057037541708,mean
Reference,Expenditure deciles,Hungary,Expenditure Share|Food|Urban|D8,21.63162224741651,mean
Reference,Expenditure deciles,Hungary,Expenditure Share|Energy|Housing|Urban|D8,11.462897178708362,mean
Reference,Expenditure deciles,Hungary,Expenditure Share|Energy|Transportation|Urban|D8,5.846394551138039,mean
Reference,Expenditure deciles,Hungary,Expenditure Share|Other|Urban|D8,-37.9409139772629,mean
Reference,Expenditure deciles,Hungary,Expenditure Decile|Urban|D8,0.11931421224345475,mean
Reference,Expenditure deciles,Hungary,Income Decile|Urban|D8,0.08330109397338609,mean
Reference,Expenditure deciles,Hungary,Savings Rate|Rural|D9,-94.92257876398216,mean
Reference,Expenditure deciles,Hungary,Household Size|Rural|D9,1.6162175377594263,mean
Reference,Expenditure deciles,Hungary,Equivalence Household Size|Rural|D9,1.2880196674997284,mean
Reference,Expenditure deciles,Hungary,Expenditure Share|Food|Rural|D9,21.034832547152455,mean
Reference,Expenditure deciles,Hungary,Expenditure Share|Energy|Housing|Rural|D9,10.334684937112714,mean
Reference,Expenditure deciles,Hungary,Expenditure Share|Energy|Transportation|Rural|D9,5.997939129397056,mean
Reference,Expenditure deciles,Hungary,Expenditure Share|Other|Rural|D9,-36.36745661366223,mean
Reference,Expenditure deciles,Hungary,Expenditure Decile|Rural|D9,0.13853519000909892,mean
Reference,Expenditure deciles,Hungary,Income Decile|Rural|D9,0.07969715654833823,mean
Reference,Expenditure deciles,Hungary,Savings Rate|Urban|D9,-64.21197308909393,mean
Reference,Expenditure deciles,Hungary,Household Size|Urban|D9,1.4417782464754034,mean
Reference,Expenditure deciles,Hungary,Equivalence Household Size|Urban|D9,1.2014392282624669,mean
Reference,Expenditure deciles,Hungary,Expenditure Share|Food|Urban|D9,20.908287377796007,mean
Reference,Expenditure deciles,Hungary,Expenditure Share|Energy|Housing|Urban|D9,10.27082157683665,mean
Reference,Expenditure deciles,Hungary,Expenditure Share|Energy|Transportation|Urban|D9,5.78849202396867,mean
Reference,Expenditure deciles,Hungary,Expenditure Share|Other|Urban|D9,-35.967600978601325,mean
Reference,Expenditure deciles,Hungary,Expenditure Decile|Urban|D9,0.1381948776000306,mean
Reference,Expenditure deciles,Hungary,Income Decile|Urban|D9,0.07622829791217556,mean
Reference,Expenditure deciles,Hungary,Savings Rate|Rural|D10,-206.94513357452539,mean
Reference,Expenditure deciles,Hungary,Household Size|Rural|D10,1.3244907158012775,mean
Reference,Expenditure deciles,Hungary,Equivalence Household Size|Rural|D10,1.152261958421741,mean
Reference,Expenditure deciles,Hungary,Expenditure Share|Food|Rural|D10,19.02510637807123,mean
Reference,Expenditure deciles,Hungary,Expenditure Share|Energy|Housing|Rural|D10,8.956579771306103,mean
Reference,Expenditure deciles,Hungary,Expenditure Share|Energy|Transportation|Rural|D10,6.859208488591937,mean
Reference,Expenditure deciles,Hungary,Expenditure Share|Other|Rural|D10,-33.84089463796927,mean
Reference,Expenditure deciles,Hungary,Expenditure Decile|Rural|D10,0.1914367401109749,mean
Reference,Expenditure deciles,Hungary,Income Decile|Rural|D10,0.06898784832283134,mean
Reference,Expenditure deciles,Hungary,Savings Rate|Urban|D10,-168.2974734609255,mean
Reference,Expenditure deciles,Hungary,Household Size|Urban|D10,1.2088364960705387,mean
Reference,Expenditure deciles,Hungary,Equivalence Household Size|Urban|D10,1.0987558157770925,mean
Reference,Expenditure deciles,Hungary,Expenditure Share|Food|Urban|D10,19.359897919028334,mean
Reference,Expenditure deciles,Hungary,Expenditure Share|Energy|Housing|Urban|D10,8.475616327571307,mean
Reference,Expenditure deciles,Hungary,Expenditure Share|Energy|Transportation|Urban|D10,7.21040232253089,mean
Reference,Expenditure deciles,Hungary,Expenditure Share|Other|Urban|D10,-34.04591656913053,mean
Reference,Expenditure deciles,Hungary,Expenditure Decile|Urban|D10,0.19283421878634183,mean
Reference,Expenditure deciles,Hungary,Income Decile|Urban|D10,0.06706226692974133,mean
Reference,Expenditure deciles,Ireland,Savings Rate|Rural|D1,77.48017321889068,mean
Reference,Expenditure deciles,Ireland,Household Size|Rural|D1,4.083435806709077,mean
Reference,Expenditure deciles,Ireland,Equivalence Household Size|Rural|D1,2.333064141028532,mean
Reference,Expenditure deciles,Ireland,Expenditure Share|Food|Rural|D1,17.565967838936384,mean
Reference,Expenditure deciles,Ireland,Expenditure Share|Energy|Housing|Rural|D1,10.249050103810626,mean
Reference,Expenditure deciles,Ireland,Expenditure Share|Energy|Transportation|Rural|D1,2.9054030197113048,mean
Reference,Expenditure deciles,Ireland,Expenditure Share|Other|Rural|D1,-29.720420962458316,mean
Reference,Expenditure deciles,Ireland,Expenditure Decile|Rural|D1,0.03131265740068603,mean
Reference,Expenditure deciles,Ireland,Income Decile|Rural|D1,0.12775908869206598,mean
Reference,Expenditure deciles,Ireland,Savings Rate|Urban|D1,73.30925098647016,mean
Reference,Expenditure deciles,Ireland,Household Size|Urban|D1,3.8033497536303336,mean
Reference,Expenditure deciles,Ireland,Equivalence Household Size|Urban|D1,2.2071853057365143,mean
Reference,Expenditure deciles,Ireland,Expenditure Share|Food|Urban|D1,17.27593283911858,mean
Reference,Expenditure deciles,Ireland,Expenditure Share|Energy|Housing|Urban|D1,10.000951920689493,mean
Reference,Expenditure deciles,Ireland,Expenditure Share|Energy|Transportation|Urban|D1,2.903759798247976,mean
Reference,Expenditure deciles,Ireland,Expenditure Share|Other|Urban|D1,-29.180644558056045,mean
Reference,Expenditure deciles,Ireland,Expenditure Decile|Urban|D1,0.03166702586375005,mean
Reference,Expenditure deciles,Ireland,Income Decile|Urban|D1,0.11522580650203626,mean
Reference,Expenditure deciles,Ireland,Savings Rate|Rural|D2,60.5553309545701,mean
Reference,Expenditure deciles,Ireland,Household Size|Rural|D2,3.540420850775731,mean
Reference,Expenditure deciles,Ireland,Equivalence Household Size|Rural|D2,2.1046165647008945,mean
Reference,Expenditure deciles,Ireland,Expenditure Share|Food|Rural|D2,15.470763719573894,mean
Reference,Expenditure deciles,Ireland,Expenditure Share|Energy|Housing|Rural|D2,7.720007828669669,mean
Reference,Expenditure deciles,Ireland,Expenditure Share|Energy|Transportation|Rural|D2,3.771007405908046,mean
Reference,Expenditure deciles,Ireland,Expenditure Share|Other|Rural|D2,-25.961778954151605,mean
Reference,Expenditure deciles,Ireland,Expenditure Decile|Rural|D2,0.04990788072426129,mean
Reference,Expenditure deciles,Ireland,Income Decile|Rural|D2,0.11566121163758039,mean
Reference,Expenditure deciles,Ireland,Savings Rate|Urban|D2,56.56908076226009,mean
Reference,Expenditure deciles,Ireland,Household Size|Urban|D2,3.510693765139358,mean
Reference,Expenditure deciles,Ireland,Equivalence Household Size|Urban|D2,2.0788241271558214,mean
Reference,Expenditure deciles,Ireland,Expenditure Share|Food|Urban|D2,14.664043773449439,mean
Reference,Expenditure deciles,Ireland,Expenditure Share|Energy|Housing|Urban|D2,7.991350173699957,mean
Reference,Expenditure deciles,Ireland,Expenditure Share|Energy|Transportation|Urban|D2,4.277302933491071,mean
Reference,Expenditure deciles,Ireland,Expenditure Share|Other|Urban|D2,-25.932696880640467,mean
Reference,Expenditure deciles,Ireland,Expenditure Decile|Urban|D2,0.05206727813367006,mean
Reference,Expenditure deciles,Ireland,Income Decile|Urban|D2,0.11774668272656852,mean
Reference,Expenditure deciles,Ireland,Savings Rate|Rural|D3,46.936027636262274,mean
Reference,Expenditure deciles,Ireland,Household Size|Rural|D3,3.2533765298155166,mean
Reference,Expenditure deciles,Ireland,Equivalence Household Size|Rural|D3,2.003004445299028,mean
Reference,Expenditure deciles,Ireland,Expenditure Share|Food|Rural|D3,14.559302632478689,mean
Reference,Expenditure deciles,Ireland,Expenditure Share|Energy|Housing|Rural|D3,6.66040890459779,mean
Reference,Expenditure deciles,Ireland,Expenditure Share|Energy|Transportation|Rural|D3,4.8437520735627135,mean
Reference,Expenditure deciles,Ireland,Expenditure Share|Other|Rural|D3,-25.06346361063919,mean
Reference,Expenditure deciles,Ireland,Expenditure Decile|Rural|D3,0.06214653054965799,mean
Reference,Expenditure deciles,Ireland,Income Decile|Rural|D3,0.11573977781593216,mean
Reference,Expenditure deciles,Ireland,Savings Rate|Urban|D3,42.84234217728165,mean
Reference,Expenditure deciles,Ireland,Household Size|Urban|D3,3.3226883030594316,mean
Reference,Expenditure deciles,Ireland,Equivalence Household Size|Urban|D3,1.9932846651399563,mean
Reference,Expenditure deciles,Ireland,Expenditure Share|Food|Urban|D3,13.780530637371882,mean
Reference,Expenditure deciles,Ireland,Expenditure Share|Energy|Housing|Urban|D3,6.868903702244214,mean
Reference,Expenditure deciles,Ireland,Expenditure Share|Energy|Transportation|Urban|D3,4.821430090923383,mean
Reference,Expenditure deciles,Ireland,Expenditure Share|Other|Urban|D3,-24.470864430539482,mean
Reference,Expenditure deciles,Ireland,Expenditure Decile|Urban|D3,0.06568134874237863,mean
Reference,Expenditure deciles,Ireland,Income Decile|Urban|D3,0.11490481369781581,mean
Reference,Expenditure deciles,Ireland,Savings Rate|Rural|D4,31.466447684088227,mean
Reference,Expenditure deciles,Ireland,Household Size|Rural|D4,3.1555373128512967,mean
Reference,Expenditure deciles,Ireland,Equivalence Household Size|Rural|D4,1.926217240320619,mean
Reference,Expenditure deciles,Ireland,Expenditure Share|Food|Rural|D4,14.219724849318663,mean
Reference,Expenditure deciles,Ireland,Expenditure Share|Energy|Housing|Rural|D4,6.486000719982517,mean
Reference,Expenditure deciles,Ireland,Expenditure Share|Energy|Transportation|Rural|D4,4.169561646004913,mean
Reference,Expenditure deciles,Ireland,Expenditure Share|Other|Rural|D4,-23.87528721530609,mean
Reference,Expenditure deciles,Ireland,Expenditure Decile|Rural|D4,0.07560798625197893,mean
Reference,Expenditure deciles,Ireland,Income Decile|Rural|D4,0.11104303263008403,mean
Reference,Expenditure deciles,Ireland,Savings Rate|Urban|D4,24.999822859275156,mean
Reference,Expenditure deciles,Ireland,Household Size|Urban|D4,3.1223829991024075,mean
Reference,Expenditure deciles,Ireland,Equivalence Household Size|Urban|D4,1.9185120440040686,mean
Reference,Expenditure deciles,Ireland,Expenditure Share|Food|Urban|D4,13.360793224215515,mean
Reference,Expenditure deciles,Ireland,Expenditure Share|Energy|Housing|Urban|D4,6.009001183885947,mean
Reference,Expenditure deciles,Ireland,Expenditure Share|Energy|Transportation|Urban|D4,4.554389945352178,mean
Reference,Expenditure deciles,Ireland,Expenditure Share|Other|Urban|D4,-22.92418435345364,mean
Reference,Expenditure deciles,Ireland,Expenditure Decile|Urban|D4,0.07834654454843147,mean
Reference,Expenditure deciles,Ireland,Income Decile|Urban|D4,0.11166633041621656,mean
Reference,Expenditure deciles,Ireland,Savings Rate|Rural|D5,18.290170022980433,mean
Reference,Expenditure deciles,Ireland,Household Size|Rural|D5,2.994397371842653,mean
Reference,Expenditure deciles,Ireland,Equivalence Household Size|Rural|D5,1.865742012362799,mean
Reference,Expenditure deciles,Ireland,Expenditure Share|Food|Rural|D5,12.232678683232532,mean
Reference,Expenditure deciles,Ireland,Expenditure Share|Energy|Housing|Rural|D5,6.507219674167411,mean
Reference,Expenditure deciles,Ireland,Expenditure Share|Energy|Transportation|Rural|D5,5.1282529753853,mean
Reference,Expenditure deciles,Ireland,Expenditure Share|Other|Rural|D5,-22.868151332785242,mean
Reference,Expenditure deciles,Ireland,Expenditure Decile|Rural|D5,0.08866351909979778,mean
Reference,Expenditure deciles,Ireland,Income Decile|Rural|D5,0.10478816207496974,mean
Reference,Expenditure deciles,Ireland,Savings Rate|Urban|D5,19.025947735307017,mean
Reference,Expenditure deciles,Ireland,Household Size|Urban|D5,2.8449367963728576,mean
Reference,Expenditure deciles,Ireland,Equivalence Household Size|Urban|D5,1.7959570350522083,mean
Reference,Expenditure deciles,Ireland,Expenditure Share|Food|Urban|D5,12.790832678174286,mean
Reference,Expenditure deciles,Ireland,Expenditure Share|Energy|Housing|Urban|D5,5.848494684474143,mean
Reference,Expenditure deciles,Ireland,Expenditure Share|Energy|Transportation|Urban|D5,4.538986798844644,mean
Reference,Expenditure deciles,Ireland,Expenditure Share|Other|Urban|D5,-22.178314161493073,mean
Reference,Expenditure deciles,Ireland,Expenditure Decile|Urban|D5,0.0885694514875241,mean
Reference,Expenditure deciles,Ireland,Income Decile|Urban|D5,0.10773960166775423,mean
Reference,Expenditure deciles,Ireland,Savings Rate|Rural|D6,7.34111100834652,mean
Reference,Expenditure deciles,Ireland,Household Size|Rural|D6,2.7589403224536544,mean
Reference,Expenditure deciles,Ireland,Equivalence Household Size|Rural|D6,1.7791087045559841,mean
Reference,Expenditure deciles,Ireland,Expenditure Share|Food|Rural|D6,12.894732816196562,mean
Reference,Expenditure deciles,Ireland,Expenditure Share|Energy|Housing|Rural|D6,5.229018998203218,mean
Reference,Expenditure deciles,Ireland,Expenditure Share|Energy|Transportation|Rural|D6,4.602721078755193,mean
Reference,Expenditure deciles,Ireland,Expenditure Share|Other|Rural|D6,-21.72647289315497,mean
Reference,Expenditure deciles,Ireland,Expenditure Decile|Rural|D6,0.1021221462361566,mean
Reference,Expenditure deciles,Ireland,Income Decile|Rural|D6,0.10783035583220191,mean
Reference,Expenditure deciles,Ireland,Savings Rate|Urban|D6,-1.5021597565312168,mean
Reference,Expenditure deciles,Ireland,Household Size|Urban|D6,2.6160878225213287,mean
Reference,Expenditure deciles,Ireland,Equivalence Household Size|Urban|D6,1.7058237190478973,mean
Reference,Expenditure deciles,Ireland,Expenditure Share|Food|Urban|D6,12.660005260980201,mean
Reference,Expenditure deciles,Ireland,Expenditure Share|Energy|Housing|Urban|D6,5.493634780311951,mean
Reference,Expenditure deciles,Ireland,Expenditure Share|Energy|Transportation|Urban|D6,4.632709298016365,mean
Reference,Expenditure deciles,Ireland,Expenditure Share|Other|Urban|D6,-21.78634933930852,mean
Reference,Expenditure deciles,Ireland,Expenditure Decile|Urban|D6,0.09976932297353094,mean
Reference,Expenditure deciles,Ireland,Income Decile|Urban|D6,0.09829335041569885,mean
Reference,Expenditure deciles,Ireland,Savings Rate|Rural|D7,-21.45389380685098,mean
Reference,Expenditure deciles,Ireland,Household Size|Rural|D7,2.41246995134525,mean
Reference,Expenditure deciles,Ireland,Equivalence Household Size|Rural|D7,1.618158285633143,mean
Reference,Expenditure deciles,Ireland,Expenditure Share|Food|Rural|D7,12.148962457025316,mean
Reference,Expenditure deciles,Ireland,Expenditure Share|Energy|Housing|Rural|D7,4.860097432551748,mean
Reference,Expenditure deciles,Ireland,Expenditure Share|Energy|Transportation|Rural|D7,4.850713757585732,mean
Reference,Expenditure deciles,Ireland,Expenditure Share|Other|Rural|D7,-20.859773647162797,mean
Reference,Expenditure deciles,Ireland,Expenditure Decile|Rural|D7,0.10971353432318842,mean
Reference,Expenditure deciles,Ireland,Income Decile|Rural|D7,0.0904876787647671,mean
Reference,Expenditure deciles,Ireland,Savings Rate|Urban|D7,-23.10201952670876,mean
Reference,Expenditure deciles,Ireland,Household Size|Urban|D7,2.333770885993153,mean
Reference,Expenditure deciles,Ireland,Equivalence Household Size|Urban|D7,1.5809204939389325,mean
Reference,Expenditure deciles,Ireland,Expenditure Share|Food|Urban|D7,11.994275435625521,mean
Reference,Expenditure deciles,Ireland,Expenditure Share|Energy|Housing|Urban|D7,5.080641255444085,mean
Reference,Expenditure deciles,Ireland,Expenditure Share|Energy|Transportation|Urban|D7,4.534746435995517,mean
Reference,Expenditure deciles,Ireland,Expenditure Share|Other|Urban|D7,-20.609663127065122,mean
Reference,Expenditure deciles,Ireland,Expenditure Decile|Urban|D7,0.11132121218901078,mean
Reference,Expenditure deciles,Ireland,Income Decile|Urban|D7,0.09498559608799936,mean
Reference,Expenditure deciles,Ireland,Savings Rate|Rural|D8,-48.91726266712995,mean
Reference,Expenditure deciles,Ireland,Household Size|Rural|D8,2.2939390744516035,mean
Reference,Expenditure deciles,Ireland,Equivalence Household Size|Rural|D8,1.5659481913357753,mean
Reference,Expenditure deciles,Ireland,Expenditure Share|Food|Rural|D8,11.608735273933279,mean
Reference,Expenditure deciles,Ireland,Expenditure Share|Energy|Housing|Rural|D8,4.774940847155954,mean
Reference,Expenditure deciles,Ireland,Expenditure Share|Energy|Transportation|Rural|D8,4.365305920479875,mean
Reference,Expenditure deciles,Ireland,Expenditure Share|Other|Rural|D8,-19.748982041569107,mean
Reference,Expenditure deciles,Ireland,Expenditure Decile|Rural|D8,0.13075118802687355,mean
Reference,Expenditure deciles,Ireland,Income Decile|Rural|D8,0.0884746742296938,mean
Reference,Expenditure deciles,Ireland,Savings Rate|Urban|D8,-54.33519077402704,mean
Reference,Expenditure deciles,Ireland,Household Size|Urban|D8,2.147789463072453,mean
Reference,Expenditure deciles,Ireland,Equivalence Household Size|Urban|D8,1.498934671277449,mean
Reference,Expenditure deciles,Ireland,Expenditure Share|Food|Urban|D8,11.25210907420577,mean
Reference,Expenditure deciles,Ireland,Expenditure Share|Energy|Housing|Urban|D8,4.552383116935227,mean
Reference,Expenditure deciles,Ireland,Expenditure Share|Energy|Transportation|Urban|D8,4.598446509117537,mean
Reference,Expenditure deciles,Ireland,Expenditure Share|Other|Urban|D8,-19.40293870025853,mean
Reference,Expenditure deciles,Ireland,Expenditure Decile|Urban|D8,0.1276412086745537,mean
Reference,Expenditure deciles,Ireland,Income Decile|Urban|D8,0.0860486743043546,mean
Reference,Expenditure deciles,Ireland,Savings Rate|Rural|D9,-111.1146281765627,mean
Reference,Expenditure deciles,Ireland,Household Size|Rural|D9,1.9038990455281823,mean
Reference,Expenditure deciles,Ireland,Equivalence Household Size|Rural|D9,1.4161226809841947,mean
Reference,Expenditure deciles,Ireland,Expenditure Share|Food|Rural|D9,10.215240648641082,mean
Reference,Expenditure deciles,Ireland,Expenditure Share|Energy|Housing|Rural|D9,4.116624110329836,mean
Reference,Expenditure deciles,Ireland,Expenditure Share|Energy|Transportation|Rural|D9,3.8926978312483094,mean
Reference,Expenditure deciles,Ireland,Expenditure Share|Other|Rural|D9,-17.224562590219225,mean
Reference,Expenditure deciles,Ireland,Expenditure Decile|Rural|D9,0.15052868894333676,mean
Reference,Expenditure deciles,Ireland,Income Decile|Rural|D9,0.07404382362731482,mean
Reference,Expenditure deciles,Ireland,Savings Rate|Urban|D9,-88.52816414636145,mean
Reference,Expenditure deciles,Ireland,Household Size|Urban|D9,1.8433682231857114,mean
Reference,Expenditure deciles,Ireland,Equivalence Household Size|Urban|D9,1.3817446555033424,mean
Reference,Expenditure deciles,Ireland,Expenditure Share|Food|Urban|D9,10.384227803328624,mean
Reference,Expenditure deciles,Ireland,Expenditure Share|Energy|Housing|Urban|D9,4.1153890276017036,mean
Reference,Expenditure deciles,Ireland,Expenditure Share|Energy|Transportation|Urban|D9,4.4722046561624875,mean
Reference,Expenditure deciles,Ireland,Expenditure Share|Other|Urban|D9,-17.971821487092818,mean
Reference,Expenditure deciles,Ireland,Expenditure Decile|Urban|D9,0.14821412038937615,mean
Reference,Expenditure deciles,Ireland,Income Decile|Urban|D9,0.08369913324858833,mean
Reference,Expenditure deciles,Ireland,Savings Rate|Rural|D10,-227.17005481294962,mean
Reference,Expenditure deciles,Ireland,Household Size|Rural|D10,1.4464470229912392,mean
Reference,Expenditure deciles,Ireland,Equivalence Household Size|Rural|D10,1.2057038116369962,mean
Reference,Expenditure deciles,Ireland,Expenditure Share|Food|Rural|D10,9.41250336745863,mean
Reference,Expenditure deciles,Ireland,Expenditure Share|Energy|Housing|Rural|D10,3.3611950081986834,mean
Reference,Expenditure deciles,Ireland,Expenditure Share|Energy|Transportation|Rural|D10,4.266750388678642,mean
Reference,Expenditure deciles,Ireland,Expenditure Share|Other|Rural|D10,-16.040448764335956,mean
Reference,Expenditure deciles,Ireland,Expenditure Decile|Rural|D10,0.1992458684440627,mean
Reference,Expenditure deciles,Ireland,Income Decile|Rural|D10,0.0641721946953901,mean
Reference,Expenditure deciles,Ireland,Savings Rate|Urban|D10,-204.77772326734163,mean
Reference,Expenditure deciles,Ireland,Household Size|Urban|D10,1.4167861910926252,mean
Reference,Expenditure deciles,Ireland,Equivalence Household Size|Urban|D10,1.1893828344213222,mean
Reference,Expenditure deciles,Ireland,Expenditure Share|Food|Urban|D10,9.598189931379295,mean
Reference,Expenditure deciles,Ireland,Expenditure Share|Energy|Housing|Urban|D10,3.718995573089304,mean
Reference,Expenditure deciles,Ireland,Expenditure Share|Energy|Transportation|Urban|D10,4.166330885255541,mean
Reference,Expenditure deciles,Ireland,Expenditure Share|Other|Urban|D10,-16.48351638972414,mean
Reference,Expenditure deciles,Ireland,Expenditure Decile|Urban|D10,0.19672248699777417,mean
Reference,Expenditure deciles,Ireland,Income Decile|Urban|D10,0.06969001093296742,mean
Reference,Expenditure deciles,Latvia,Savings Rate|Rural|D1,66.68346994172055,mean
Reference,Expenditure deciles,Latvia,Household Size|Rural|D1,3.9575924544344367,mean
Reference,Expenditure deciles,Latvia,Equivalence Household Size|Rural|D1,2.3261827457289446,mean
Reference,Expenditure deciles,Latvia,Expenditure Share|Food|Rural|D1,34.62338133616594,mean
Reference,Expenditure deciles,Latvia,Expenditure Share|Energy|Housing|Rural|D1,17.018434761281654,mean
Reference,Expenditure deciles,Latvia,Expenditure Share|Energy|Transportation|Rural|D1,0.4910644128758195,mean
Reference,Expenditure deciles,Latvia,Expenditure Share|Other|Rural|D1,-51.13288051032342,mean
Reference,Expenditure deciles,Latvia,Expenditure Decile|Rural|D1,0.02140387413966676,mean
Reference,Expenditure deciles,Latvia,Income Decile|Rural|D1,0.13093156476381737,mean
Reference,Expenditure deciles,Latvia,Savings Rate|Urban|D1,71.81006147124054,mean
Reference,Expenditure deciles,Latvia,Household Size|Urban|D1,3.2021402732520707,mean
Reference,Expenditure deciles,Latvia,Equivalence Household Size|Urban|D1,1.9801135672553418,mean
Reference,Expenditure deciles,Latvia,Expenditure Share|Food|Urban|D1,33.95056903331104,mean
Reference,Expenditure deciles,Latvia,Expenditure Share|Energy|Housing|Urban|D1,17.13642279461903,mean
Reference,Expenditure deciles,Latvia,Expenditure Share|Energy|Transportation|Urban|D1,0.3050409494598414,mean
Reference,Expenditure deciles,Latvia,Expenditure Share|Other|Urban|D1,-50.392032777389915,mean
Reference,Expenditure deciles,Latvia,Expenditure Decile|Urban|D1,0.02040156215458069,mean
Reference,Expenditure deciles,Latvia,Income Decile|Urban|D1,0.13455390706011416,mean
Reference,Expenditure deciles,Latvia,Savings Rate|Rural|D2,48.0072528405441,mean
Reference,Expenditure deciles,Latvia,Household Size|Rural|D2,3.0857900710412376,mean
Reference,Expenditure deciles,Latvia,Equivalence Household Size|Rural|D2,1.913450726526266,mean
Reference,Expenditure deciles,Latvia,Expenditure Share|Food|Rural|D2,32.50037640863773,mean
Reference,Expenditure deciles,Latvia,Expenditure Share|Energy|Housing|Rural|D2,14.885745525015983,mean
Reference,Expenditure deciles,Latvia,Expenditure Share|Energy|Transportation|Rural|D2,2.195519398492599,mean
Reference,Expenditure deciles,Latvia,Expenditure Share|Other|Rural|D2,-48.581641332146305,mean
Reference,Expenditure deciles,Latvia,Expenditure Decile|Rural|D2,0.027789218198656974,mean
Reference,Expenditure deciles,Latvia,Income Decile|Rural|D2,0.1049760638839156,mean
Reference,Expenditure deciles,Latvia,Savings Rate|Urban|D2,53.89779068880682,mean
Reference,Expenditure deciles,Latvia,Household Size|Urban|D2,2.7675625646049298,mean
Reference,Expenditure deciles,Latvia,Equivalence Household Size|Urban|D2,1.7879027389272137,mean
Reference,Expenditure deciles,Latvia,Expenditure Share|Food|Urban|D2,30.241340307454962,mean
Reference,Expenditure deciles,Latvia,Expenditure Share|Energy|Housing|Urban|D2,16.28354824835915,mean
Reference,Expenditure deciles,Latvia,Expenditure Share|Energy|Transportation|Urban|D2,1.4196579542370735,mean
Reference,Expenditure deciles,Latvia,Expenditure Share|Other|Urban|D2,-46.94454651005118,mean
Reference,Expenditure deciles,Latvia,Expenditure Decile|Urban|D2,0.028703507659926936,mean
Reference,Expenditure deciles,Latvia,Income Decile|Urban|D2,0.1160612580670278,mean
Reference,Expenditure deciles,Latvia,Savings Rate|Rural|D3,34.62336314078851,mean
Reference,Expenditure deciles,Latvia,Household Size|Rural|D3,2.594129499372696,mean
Reference,Expenditure deciles,Latvia,Equivalence Household Size|Rural|D3,1.7410544471339575,mean
Reference,Expenditure deciles,Latvia,Expenditure Share|Food|Rural|D3,30.004780097479387,mean
Reference,Expenditure deciles,Latvia,Expenditure Share|Energy|Housing|Rural|D3,13.804856916565061,mean
Reference,Expenditure deciles,Latvia,Expenditure Share|Energy|Transportation|Rural|D3,1.7146045420116998,mean
Reference,Expenditure deciles,Latvia,Expenditure Share|Other|Rural|D3,-44.52424155605615,mean
Reference,Expenditure deciles,Latvia,Expenditure Decile|Rural|D3,0.03347727679484651,mean
Reference,Expenditure deciles,Latvia,Income Decile|Rural|D3,0.10741484524134771,mean
Reference,Expenditure deciles,Latvia,Savings Rate|Urban|D3,39.029712755969754,mean
Reference,Expenditure deciles,Latvia,Household Size|Urban|D3,2.479808733008107,mean
Reference,Expenditure deciles,Latvia,Equivalence Household Size|Urban|D3,1.6791585228121366,mean
Reference,Expenditure deciles,Latvia,Expenditure Share|Food|Urban|D3,31.1902361879179,mean
Reference,Expenditure deciles,Latvia,Expenditure Share|Energy|Housing|Urban|D3,14.491032981058366,mean
Reference,Expenditure deciles,Latvia,Expenditure Share|Energy|Transportation|Urban|D3,1.790778271724367,mean
Reference,Expenditure deciles,Latvia,Expenditure Share|Other|Urban|D3,-46.472047440700635,mean
Reference,Expenditure deciles,Latvia,Expenditure Decile|Urban|D3,0.034064186728751666,mean
Reference,Expenditure deciles,Latvia,Income Decile|Urban|D3,0.11330275847413745,mean
Reference,Expenditure deciles,Latvia,Savings Rate|Rural|D4,19.25008716590194,mean
Reference,Expenditure deciles,Latvia,Household Size|Rural|D4,2.588526207315677,mean
Reference,Expenditure deciles,Latvia,Equivalence Household Size|Rural|D4,1.7074149836617138,mean
Reference,Expenditure deciles,Latvia,Expenditure Share|Food|Rural|D4,30.270030982581577,mean
Reference,Expenditure deciles,Latvia,Expenditure Share|Energy|Housing|Rural|D4,12.747778216611543,mean
Reference,Expenditure deciles,Latvia,Expenditure Share|Energy|Transportation|Rural|D4,4.290758807745354,mean
Reference,Expenditure deciles,Latvia,Expenditure Share|Other|Rural|D4,-46.30856800693847,mean
Reference,Expenditure deciles,Latvia,Expenditure Decile|Rural|D4,0.04040504702429293,mean
Reference,Expenditure deciles,Latvia,Income Decile|Rural|D4,0.11256040219265595,mean
Reference,Expenditure deciles,Latvia,Savings Rate|Urban|D4,35.12378107776066,mean
Reference,Expenditure deciles,Latvia,Household Size|Urban|D4,2.313740883073199,mean
Reference,Expenditure deciles,Latvia,Equivalence Household Size|Urban|D4,1.595810083194198,mean
Reference,Expenditure deciles,Latvia,Expenditure Share|Food|Urban|D4,31.446785951522223,mean
Reference,Expenditure deciles,Latvia,Expenditure Share|Energy|Housing|Urban|D4,13.671593740845877,mean
Reference,Expenditure deciles,Latvia,Expenditure Share|Energy|Transportation|Urban|D4,3.152651039879871,mean
Reference,Expenditure deciles,Latvia,Expenditure Share|Other|Urban|D4,-47.27103073224797,mean
Reference,Expenditure deciles,Latvia,Expenditure Decile|Urban|D4,0.04021039625837802,mean
Reference,Expenditure deciles,Latvia,Income Decile|Urban|D4,0.11393258934115286,mean
Reference,Expenditure deciles,Latvia,Savings Rate|Rural|D5,-4.588500313788542,mean
Reference,Expenditure deciles,Latvia,Household Size|Rural|D5,2.4730300439112387,mean
Reference,Expenditure deciles,Latvia,Equivalence Household Size|Rural|D5,1.6559380391703298,mean
Reference,Expenditure deciles,Latvia,Expenditure Share|Food|Rural|D5,29.015803171913113,mean
Reference,Expenditure deciles,Latvia,Expenditure Share|Energy|Housing|Rural|D5,11.393778882093317,mean
Reference,Expenditure deciles,Latvia,Expenditure Share|Energy|Transportation|Rural|D5,3.405035241553053,mean
Reference,Expenditure deciles,Latvia,Expenditure Share|Other|Rural|D5,-42.81461729555948,mean
Reference,Expenditure deciles,Latvia,Expenditure Decile|Rural|D5,0.04679335206199641,mean
Reference,Expenditure deciles,Latvia,Income Decile|Rural|D5,0.0958297492286284,mean
Reference,Expenditure deciles,Latvia,Savings Rate|Urban|D5,7.296118420680967,mean
Reference,Expenditure deciles,Latvia,Household Size|Urban|D5,2.2284132568074475,mean
Reference,Expenditure deciles,Latvia,Equivalence Household Size|Urban|D5,1.5502331781082397,mean
Reference,Expenditure deciles,Latvia,Expenditure Share|Food|Urban|D5,29.60906269684482,mean
Reference,Expenditure deciles,Latvia,Expenditure Share|Energy|Housing|Urban|D5,11.425389681729667,mean
Reference,Expenditure deciles,Latvia,Expenditure Share|Energy|Transportation|Urban|D5,4.176700443555459,mean
Reference,Expenditure deciles,Latvia,Expenditure Share|Other|Urban|D5,-44.21115282212995,mean
Reference,Expenditure deciles,Latvia,Expenditure Decile|Urban|D5,0.04887911254207929,mean
Reference,Expenditure deciles,Latvia,Income Decile|Urban|D5,0.09507498799617772,mean
Reference,Expenditure deciles,Latvia,Savings Rate|Rural|D6,-35.76683016914008,mean
Reference,Expenditure deciles,Latvia,Household Size|Rural|D6,2.273666196643582,mean
Reference,Expenditure deciles,Latvia,Equivalence Household Size|Rural|D6,1.5753669026731618,mean
Reference,Expenditure deciles,Latvia,Expenditure Share|Food|Rural|D6,28.678993010055954,mean
Reference,Expenditure deciles,Latvia,Expenditure Share|Energy|Housing|Rural|D6,10.681232751300053,mean
Reference,Expenditure deciles,Latvia,Expenditure Share|Energy|Transportation|Rural|D6,5.3783999282038195,mean
Reference,Expenditure deciles,Latvia,Expenditure Share|Other|Rural|D6,-43.738625689559825,mean
Reference,Expenditure deciles,Latvia,Expenditure Decile|Rural|D6,0.05745367099713978,mean
Reference,Expenditure deciles,Latvia,Income Decile|Rural|D6,0.09345585380332122,mean
Reference,Expenditure deciles,Latvia,Savings Rate|Urban|D6,-9.610168246964497,mean
Reference,Expenditure deciles,Latvia,Household Size|Urban|D6,2.23445919233181,mean
Reference,Expenditure deciles,Latvia,Equivalence Household Size|Urban|D6,1.535034059106904,mean
Reference,Expenditure deciles,Latvia,Expenditure Share|Food|Urban|D6,27.033696022059633,mean
Reference,Expenditure deciles,Latvia,Expenditure Share|Energy|Housing|Urban|D6,10.531574626696939,mean
Reference,Expenditure deciles,Latvia,Expenditure Share|Energy|Transportation|Urban|D6,4.357874708594553,mean
Reference,Expenditure deciles,Latvia,Expenditure Share|Other|Urban|D6,-40.923145357351125,mean
Reference,Expenditure deciles,Latvia,Expenditure Decile|Urban|D6,0.05972867235806105,mean
Reference,Expenditure deciles,Latvia,Income Decile|Urban|D6,0.09892183228017003,mean
Reference,Expenditure deciles,Latvia,Savings Rate|Rural|D7,-65.49718942620069,mean
Reference,Expenditure deciles,Latvia,Household Size|Rural|D7,2.08180837821106,mean
Reference,Expenditure deciles,Latvia,Equivalence Household Size|Rural|D7,1.505723823915113,mean
Reference,Expenditure deciles,Latvia,Expenditure Share|Food|Rural|D7,27.294867810072724,mean
Reference,Expenditure deciles,Latvia,Expenditure Share|Energy|Housing|Rural|D7,10.295481077996412,mean
Reference,Expenditure deciles,Latvia,Expenditure Share|Energy|Transportation|Rural|D7,5.370601255786797,mean
Reference,Expenditure deciles,Latvia,Expenditure Share|Other|Rural|D7,-41.96095014385593,mean
Reference,Expenditure deciles,Latvia,Expenditure Decile|Rural|D7,0.07109195787907353,mean
Reference,Expenditure deciles,Latvia,Income Decile|Rural|D7,0.0931726005888705,mean
Reference,Expenditure deciles,Latvia,Savings Rate|Urban|D7,-52.135335273608575,mean
Reference,Expenditure deciles,Latvia,Household Size|Urban|D7,1.8808310541370472,mean
Reference,Expenditure deciles,Latvia,Equivalence Household Size|Urban|D7,1.4001977974614097,mean
Reference,Expenditure deciles,Latvia,Expenditure Share|Food|Urban|D7,27.103169390965064,mean
Reference,Expenditure deciles,Latvia,Expenditure Share|Energy|Housing|Urban|D7,9.573075407365245,mean
Reference,Expenditure deciles,Latvia,Expenditure Share|Energy|Transportation|Urban|D7,4.8599340722753155,mean
Reference,Expenditure deciles,Latvia,Expenditure Share|Other|Urban|D7,-40.536178870605625,mean
Reference,Expenditure deciles,Latvia,Expenditure Decile|Urban|D7,0.06849625768315283,mean
Reference,Expenditure deciles,Latvia,Income Decile|Urban|D7,0.08133398162005329,mean
Reference,Expenditure deciles,Latvia,Savings Rate|Rural|D8,-131.9151186883151,mean
Reference,Expenditure deciles,Latvia,Household Size|Rural|D8,1.9323643251140834,mean
Reference,Expenditure deciles,Latvia,Equivalence Household Size|Rural|D8,1.425928223924148,mean
Reference,Expenditure deciles,Latvia,Expenditure Share|Food|Rural|D8,24.94036815868919,mean
Reference,Expenditure deciles,Latvia,Expenditure Share|Energy|Housing|Rural|D8,7.413269852697686,mean
Reference,Expenditure deciles,Latvia,Expenditure Share|Energy|Transportation|Rural|D8,6.326555524366748,mean
Reference,Expenditure deciles,Latvia,Expenditure Share|Other|Rural|D8,-37.680193535753624,mean
Reference,Expenditure deciles,Latvia,Expenditure Decile|Rural|D8,0.09135339629483678,mean
Reference,Expenditure deciles,Latvia,Income Decile|Rural|D8,0.08157691074461954,mean
Reference,Expenditure deciles,Latvia,Savings Rate|Urban|D8,-108.13510106423142,mean
Reference,Expenditure deciles,Latvia,Household Size|Urban|D8,1.731965183832621,mean
Reference,Expenditure deciles,Latvia,Equivalence Household Size|Urban|D8,1.3422594130633512,mean
Reference,Expenditure deciles,Latvia,Expenditure Share|Food|Urban|D8,25.587716583857954,mean
Reference,Expenditure deciles,Latvia,Expenditure Share|Energy|Housing|Urban|D8,8.196464524348679,mean
Reference,Expenditure deciles,Latvia,Expenditure Share|Energy|Transportation|Urban|D8,6.248321379070222,mean
Reference,Expenditure deciles,Latvia,Expenditure Share|Other|Urban|D8,-39.03250248727685,mean
Reference,Expenditure deciles,Latvia,Expenditure Decile|Urban|D8,0.08868088069839879,mean
Reference,Expenditure deciles,Latvia,Income Decile|Urban|D8,0.07348526159988886,mean
Reference,Expenditure deciles,Latvia,Savings Rate|Rural|D9,-255.51031362987197,mean
Reference,Expenditure deciles,Latvia,Household Size|Rural|D9,2.018397123076817,mean
Reference,Expenditure deciles,Latvia,Equivalence Household Size|Rural|D9,1.473966357668919,mean
Reference,Expenditure deciles,Latvia,Expenditure Share|Food|Rural|D9,18.059795926497447,mean
Reference,Expenditure deciles,Latvia,Expenditure Share|Energy|Housing|Rural|D9,5.975701704644046,mean
Reference,Expenditure deciles,Latvia,Expenditure Share|Energy|Transportation|Rural|D9,6.548336905405548,mean
Reference,Expenditure deciles,Latvia,Expenditure Share|Other|Rural|D9,-29.58383453654704,mean
Reference,Expenditure deciles,Latvia,Expenditure Decile|Rural|D9,0.1576975584304051,mean
Reference,Expenditure deciles,Latvia,Income Decile|Rural|D9,0.09655180660318938,mean
Reference,Expenditure deciles,Latvia,Savings Rate|Urban|D9,-196.2936516453002,mean
Reference,Expenditure deciles,Latvia,Household Size|Urban|D9,1.8378714046947247,mean
Reference,Expenditure deciles,Latvia,Equivalence Household Size|Urban|D9,1.3753370551894175,mean
Reference,Expenditure deciles,Latvia,Expenditure Share|Food|Urban|D9,18.268134525492275,mean
Reference,Expenditure deciles,Latvia,Expenditure Share|Energy|Housing|Urban|D9,6.566423484892136,mean
Reference,Expenditure deciles,Latvia,Expenditure Share|Energy|Transportation|Urban|D9,6.324974681842385,mean
Reference,Expenditure deciles,Latvia,Expenditure Share|Other|Urban|D9,-30.159532692226794,mean
Reference,Expenditure deciles,Latvia,Expenditure Decile|Urban|D9,0.14465020532836512,mean
Reference,Expenditure deciles,Latvia,Income Decile|Urban|D9,0.08975181120741849,mean
Reference,Expenditure deciles,Latvia,Savings Rate|Rural|D10,-1044.4126125108078,mean
Reference,Expenditure deciles,Latvia,Household Size|Rural|D10,2.1717315690590002,mean
Reference,Expenditure deciles,Latvia,Equivalence Household Size|Rural|D10,1.5337087303478179,mean
Reference,Expenditure deciles,Latvia,Expenditure Share|Food|Rural|D10,10.651427771888155,mean
Reference,Expenditure deciles,Latvia,Expenditure Share|Energy|Housing|Rural|D10,4.172061084883441,mean
Reference,Expenditure deciles,Latvia,Expenditure Share|Energy|Transportation|Rural|D10,2.574340943830321,mean
Reference,Expenditure deciles,Latvia,Expenditure Share|Other|Rural|D10,-16.39782980060192,mean
Reference,Expenditure deciles,Latvia,Expenditure Decile|Rural|D10,0.4525346481790853,mean
Reference,Expenditure deciles,Latvia,Income Decile|Rural|D10,0.08353020294963429,mean
Reference,Expenditure deciles,Latvia,Savings Rate|Urban|D10,-1055.251520824985,mean
Reference,Expenditure deciles,Latvia,Household Size|Urban|D10,1.8547159740950672,mean
Reference,Expenditure deciles,Latvia,Equivalence Household Size|Urban|D10,1.3894113095036829,mean
Reference,Expenditure deciles,Latvia,Expenditure Share|Food|Urban|D10,10.690061122622383,mean
Reference,Expenditure deciles,Latvia,Expenditure Share|Energy|Housing|Urban|D10,3.5209803880801545,mean
Reference,Expenditure deciles,Latvia,Expenditure Share|Energy|Transportation|Urban|D10,2.727172088988125,mean
Reference,Expenditure deciles,Latvia,Expenditure Share|Other|Urban|D10,-15.938213599690663,mean
Reference,Expenditure deciles,Latvia,Expenditure Decile|Urban|D10,0.4661852185883056,mean
Reference,Expenditure deciles,Latvia,Income Decile|Urban|D10,0.08358161235385937,mean
Reference,Expenditure deciles,Lithuania,Savings Rate|Rural|D1,57.30333907021995,mean
Reference,Expenditure deciles,Lithuania,Household Size|Rural|D1,3.327591102820722,mean
Reference,Expenditure deciles,Lithuania,Equivalence Household Size|Rural|D1,2.0516911467593957,mean
Reference,Expenditure deciles,Lithuania,Expenditure Share|Food|Rural|D1,34.95679716598578,mean
Reference,Expenditure deciles,Lithuania,Expenditure Share|Energy|Housing|Rural|D1,11.233627210330715,mean
Reference,Expenditure deciles,Lithuania,Expenditure Share|Energy|Transportation|Rural|D1,1.1127160358894914,mean
Reference,Expenditure deciles,Lithuania,Expenditure Share|Other|Rural|D1,-46.303140412206,mean
Reference,Expenditure deciles,Lithuania,Expenditure Decile|Rural|D1,0.032151891904415975,mean
Reference,Expenditure deciles,Lithuania,Income Decile|Rural|D1,0.12816101435177368,mean
Reference,Expenditure deciles,Lithuania,Savings Rate|Urban|D1,70.45001784165123,mean
Reference,Expenditure deciles,Lithuania,Household Size|Urban|D1,3.158186191565909,mean
Reference,Expenditure deciles,Lithuania,Equivalence Household Size|Urban|D1,1.9588664894186303,mean
Reference,Expenditure deciles,Lithuania,Expenditure Share|Food|Urban|D1,35.654301831842744,mean
Reference,Expenditure deciles,Lithuania,Expenditure Share|Energy|Housing|Urban|D1,11.352106524058334,mean
Reference,Expenditure deciles,Lithuania,Expenditure Share|Energy|Transportation|Urban|D1,0.8612548335816098,mean
Reference,Expenditure deciles,Lithuania,Expenditure Share|Other|Urban|D1,-46.867663189482684,mean
Reference,Expenditure deciles,Lithuania,Expenditure Decile|Urban|D1,0.03434350255706999,mean
Reference,Expenditure deciles,Lithuania,Income Decile|Urban|D1,0.12836388395504156,mean
Reference,Expenditure deciles,Lithuania,Savings Rate|Rural|D2,31.22351217265375,mean
Reference,Expenditure deciles,Lithuania,Household Size|Rural|D2,2.9019301311607877,mean
Reference,Expenditure deciles,Lithuania,Equivalence Household Size|Rural|D2,1.8734771165595898,mean
Reference,Expenditure deciles,Lithuania,Expenditure Share|Food|Rural|D2,32.567890386604724,mean
Reference,Expenditure deciles,Lithuania,Expenditure Share|Energy|Housing|Rural|D2,10.895224314870537,mean
Reference,Expenditure deciles,Lithuania,Expenditure Share|Energy|Transportation|Rural|D2,2.079603214669777,mean
Reference,Expenditure deciles,Lithuania,Expenditure Share|Other|Rural|D2,-44.54271791614504,mean
Reference,Expenditure deciles,Lithuania,Expenditure Decile|Rural|D2,0.04779702064513399,mean
Reference,Expenditure deciles,Lithuania,Income Decile|Rural|D2,0.1287078152892281,mean
Reference,Expenditure deciles,Lithuania,Savings Rate|Urban|D2,45.57284068678493,mean
Reference,Expenditure deciles,Lithuania,Household Size|Urban|D2,2.723843012271827,mean
Reference,Expenditure deciles,Lithuania,Equivalence Household Size|Urban|D2,1.7708668663502454,mean
Reference,Expenditure deciles,Lithuania,Expenditure Share|Food|Urban|D2,33.76597431562266,mean
Reference,Expenditure deciles,Lithuania,Expenditure Share|Energy|Housing|Urban|D2,10.550098533570269,mean
Reference,Expenditure deciles,Lithuania,Expenditure Share|Energy|Transportation|Urban|D2,2.2793902339380065,mean
Reference,Expenditure deciles,Lithuania,Expenditure Share|Other|Urban|D2,-45.59546308313094,mean
Reference,Expenditure deciles,Lithuania,Expenditure Decile|Urban|D2,0.0489710019169199,mean
Reference,Expenditure deciles,Lithuania,Income Decile|Urban|D2,0.10941421028684843,mean
Reference,Expenditure deciles,Lithuania,Savings Rate|Rural|D3,5.847355605823241,mean
Reference,Expenditure deciles,Lithuania,Household Size|Rural|D3,2.730551950437872,mean
Reference,Expenditure deciles,Lithuania,Equivalence Household Size|Rural|D3,1.7576163118062704,mean
Reference,Expenditure deciles,Lithuania,Expenditure Share|Food|Rural|D3,30.552181051036595,mean
Reference,Expenditure deciles,Lithuania,Expenditure Share|Energy|Housing|Rural|D3,10.962182839360874,mean
Reference,Expenditure deciles,Lithuania,Expenditure Share|Energy|Transportation|Rural|D3,2.489047040861503,mean
Reference,Expenditure deciles,Lithuania,Expenditure Share|Other|Rural|D3,-43.00341093125897,mean
Reference,Expenditure deciles,Lithuania,Expenditure Decile|Rural|D3,0.05888702980869895,mean
Reference,Expenditure deciles,Lithuania,Income Decile|Rural|D3,0.10955571131164758,mean
Reference,Expenditure deciles,Lithuania,Savings Rate|Urban|D3,38.758847941306826,mean
Reference,Expenditure deciles,Lithuania,Household Size|Urban|D3,2.1945469686788357,mean
Reference,Expenditure deciles,Lithuania,Equivalence Household Size|Urban|D3,1.5511217227136151,mean
Reference,Expenditure deciles,Lithuania,Expenditure Share|Food|Urban|D3,28.982527553037063,mean
Reference,Expenditure deciles,Lithuania,Expenditure Share|Energy|Housing|Urban|D3,11.803534435730512,mean
Reference,Expenditure deciles,Lithuania,Expenditure Share|Energy|Transportation|Urban|D3,3.968846109495684,mean
Reference,Expenditure deciles,Lithuania,Expenditure Share|Other|Urban|D3,-43.75490809826326,mean
Reference,Expenditure deciles,Lithuania,Expenditure Decile|Urban|D3,0.05607362634654635,mean
Reference,Expenditure deciles,Lithuania,Income Decile|Urban|D3,0.10001008312324704,mean
Reference,Expenditure deciles,Lithuania,Savings Rate|Rural|D4,-19.24507645723866,mean
Reference,Expenditure deciles,Lithuania,Household Size|Rural|D4,2.4761203108056784,mean
Reference,Expenditure deciles,Lithuania,Equivalence Household Size|Rural|D4,1.6558710946420536,mean
Reference,Expenditure deciles,Lithuania,Expenditure Share|Food|Rural|D4,27.30537164551445,mean
Reference,Expenditure deciles,Lithuania,Expenditure Share|Energy|Housing|Rural|D4,10.024373415285524,mean
Reference,Expenditure deciles,Lithuania,Expenditure Share|Energy|Transportation|Rural|D4,5.310634133165241,mean
Reference,Expenditure deciles,Lithuania,Expenditure Share|Other|Rural|D4,-41.64037919396522,mean
Reference,Expenditure deciles,Lithuania,Expenditure Decile|Rural|D4,0.0699848476164541,mean
Reference,Expenditure deciles,Lithuania,Income Decile|Rural|D4,0.1077478691800009,mean
Reference,Expenditure deciles,Lithuania,Savings Rate|Urban|D4,28.78535441385648,mean
Reference,Expenditure deciles,Lithuania,Household Size|Urban|D4,2.147191483727055,mean
Reference,Expenditure deciles,Lithuania,Equivalence Household Size|Urban|D4,1.5200860500690017,mean
Reference,Expenditure deciles,Lithuania,Expenditure Share|Food|Urban|D4,28.971249580820377,mean
Reference,Expenditure deciles,Lithuania,Expenditure Share|Energy|Housing|Urban|D4,11.245935547981347,mean
Reference,Expenditure deciles,Lithuania,Expenditure Share|Energy|Transportation|Urban|D4,3.4785157909523163,mean
Reference,Expenditure deciles,Lithuania,Expenditure Share|Other|Urban|D4,-42.69570091975404,mean
Reference,Expenditure deciles,Lithuania,Expenditure Decile|Urban|D4,0.06670323914601038,mean
Reference,Expenditure deciles,Lithuania,Income Decile|Urban|D4,0.10419309214668766,mean
Reference,Expenditure deciles,Lithuania,Savings Rate|Rural|D5,-44.5022706753184,mean
Reference,Expenditure deciles,Lithuania,Household Size|Rural|D5,2.215995971268671,mean
Reference,Expenditure deciles,Lithuania,Equivalence Household Size|Rural|D5,1.5266589042787675,mean
Reference,Expenditure deciles,Lithuania,Expenditure Share|Food|Rural|D5,27.38488633565227,mean
Reference,Expenditure deciles,Lithuania,Expenditure Share|Energy|Housing|Rural|D5,9.970633947628805,mean
Reference,Expenditure deciles,Lithuania,Expenditure Share|Energy|Transportation|Rural|D5,3.843292952738818,mean
Reference,Expenditure deciles,Lithuania,Expenditure Share|Other|Rural|D5,-40.198813236019895,mean
Reference,Expenditure deciles,Lithuania,Expenditure Decile|Rural|D5,0.07659635749814221,mean
Reference,Expenditure deciles,Lithuania,Income Decile|Rural|D5,0.09400640728035174,mean
Reference,Expenditure deciles,Lithuania,Savings Rate|Urban|D5,17.154533032150976,mean
Reference,Expenditure deciles,Lithuania,Household Size|Urban|D5,1.966022410775777,mean
Reference,Expenditure deciles,Lithuania,Equivalence Household Size|Urban|D5,1.4244584108721525,mean
Reference,Expenditure deciles,Lithuania,Expenditure Share|Food|Urban|D5,26.85462829390478,mean
Reference,Expenditure deciles,Lithuania,Expenditure Share|Energy|Housing|Urban|D5,9.191473174756698,mean
Reference,Expenditure deciles,Lithuania,Expenditure Share|Energy|Transportation|Urban|D5,4.967362531271344,mean
Reference,Expenditure deciles,Lithuania,Expenditure Share|Other|Urban|D5,-40.013463999932824,mean
Reference,Expenditure deciles,Lithuania,Expenditure Decile|Urban|D5,0.07480011537617125,mean
Reference,Expenditure deciles,Lithuania,Income Decile|Urban|D5,0.10015712555594622,mean
Reference,Expenditure deciles,Lithuania,Savings Rate|Rural|D6,-57.3014942624348,mean
Reference,Expenditure deciles,Lithuania,Household Size|Rural|D6,1.8837676728850719,mean
Reference,Expenditure deciles,Lithuania,Equivalence Household Size|Rural|D6,1.4068006711990164,mean
Reference,Expenditure deciles,Lithuania,Expenditure Share|Food|Rural|D6,28.69398354950376,mean
Reference,Expenditure deciles,Lithuania,Expenditure Share|Energy|Housing|Rural|D6,9.127256176664664,mean
Reference,Expenditure deciles,Lithuania,Expenditure Share|Energy|Transportation|Rural|D6,5.252848955101663,mean
Reference,Expenditure deciles,Lithuania,Expenditure Share|Other|Rural|D6,-42.07408868127009,mean
Reference,Expenditure deciles,Lithuania,Expenditure Decile|Rural|D6,0.08310054145697937,mean
Reference,Expenditure deciles,Lithuania,Income Decile|Rural|D6,0.09243344034362216,mean
Reference,Expenditure deciles,Lithuania,Savings Rate|Urban|D6,0.2836537717998352,mean
Reference,Expenditure deciles,Lithuania,Household Size|Urban|D6,1.9553801405715525,mean
Reference,Expenditure deciles,Lithuania,Equivalence Household Size|Urban|D6,1.4358991802871395,mean
Reference,Expenditure deciles,Lithuania,Expenditure Share|Food|Urban|D6,27.149484697076712,mean
Reference,Expenditure deciles,Lithuania,Expenditure Share|Energy|Housing|Urban|D6,9.538043788019353,mean
Reference,Expenditure deciles,Lithuania,Expenditure Share|Energy|Transportation|Urban|D6,4.394572851716879,mean
Reference,Expenditure deciles,Lithuania,Expenditure Share|Other|Urban|D6,-40.08210133681295,mean
Reference,Expenditure deciles,Lithuania,Expenditure Decile|Urban|D6,0.08911007348137356,mean
Reference,Expenditure deciles,Lithuania,Income Decile|Urban|D6,0.10013737014775935,mean
Reference,Expenditure deciles,Lithuania,Savings Rate|Rural|D7,-111.77235276268858,mean
Reference,Expenditure deciles,Lithuania,Household Size|Rural|D7,1.9603038338874834,mean
Reference,Expenditure deciles,Lithuania,Equivalence Household Size|Rural|D7,1.4318518743849724,mean
Reference,Expenditure deciles,Lithuania,Expenditure Share|Food|Rural|D7,25.19202608320154,mean
Reference,Expenditure deciles,Lithuania,Expenditure Share|Energy|Housing|Rural|D7,8.410315844749883,mean
Reference,Expenditure deciles,Lithuania,Expenditure Share|Energy|Transportation|Rural|D7,7.451794837660373,mean
Reference,Expenditure deciles,Lithuania,Expenditure Share|Other|Rural|D7,-40.054136765611794,mean
Reference,Expenditure deciles,Lithuania,Expenditure Decile|Rural|D7,0.10230262848260897,mean
Reference,Expenditure deciles,Lithuania,Income Decile|Rural|D7,0.08950442695997304,mean
Reference,Expenditure deciles,Lithuania,Savings Rate|Urban|D7,-15.704374301838957,mean
Reference,Expenditure deciles,Lithuania,Household Size|Urban|D7,1.9009465119075535,mean
Reference,Expenditure deciles,Lithuania,Equivalence Household Size|Urban|D7,1.385033274767718,mean
Reference,Expenditure deciles,Lithuania,Expenditure Share|Food|Urban|D7,27.129274767597643,mean
Reference,Expenditure deciles,Lithuania,Expenditure Share|Energy|Housing|Urban|D7,8.187177903783825,mean
Reference,Expenditure deciles,Lithuania,Expenditure Share|Energy|Transportation|Urban|D7,5.1339631882157715,mean
Reference,Expenditure deciles,Lithuania,Expenditure Share|Other|Urban|D7,-39.45041585959724,mean
Reference,Expenditure deciles,Lithuania,Expenditure Decile|Urban|D7,0.10217926178860136,mean
Reference,Expenditure deciles,Lithuania,Income Decile|Urban|D7,0.09613441837042955,mean
Reference,Expenditure deciles,Lithuania,Savings Rate|Rural|D8,-139.4750087974856,mean
Reference,Expenditure deciles,Lithuania,Household Size|Rural|D8,1.615259642043677,mean
Reference,Expenditure deciles,Lithuania,Equivalence Household Size|Rural|D8,1.2811521980400367,mean
Reference,Expenditure deciles,Lithuania,Expenditure Share|Food|Rural|D8,22.667381670237884,mean
Reference,Expenditure deciles,Lithuania,Expenditure Share|Energy|Housing|Rural|D8,8.479340641733176,mean
Reference,Expenditure deciles,Lithuania,Expenditure Share|Energy|Transportation|Rural|D8,4.676567368468817,mean
Reference,Expenditure deciles,Lithuania,Expenditure Share|Other|Rural|D8,-34.82328968043987,mean
Reference,Expenditure deciles,Lithuania,Expenditure Decile|Rural|D8,0.11538948034926712,mean
Reference,Expenditure deciles,Lithuania,Income Decile|Rural|D8,0.08864177080957797,mean
Reference,Expenditure deciles,Lithuania,Savings Rate|Urban|D8,-52.237017304918986,mean
Reference,Expenditure deciles,Lithuania,Household Size|Urban|D8,1.5809628546944756,mean
Reference,Expenditure deciles,Lithuania,Equivalence Household Size|Urban|D8,1.2725529597231895,mean
Reference,Expenditure deciles,Lithuania,Expenditure Share|Food|Urban|D8,23.427272156473965,mean
Reference,Expenditure deciles,Lithuania,Expenditure Share|Energy|Housing|Urban|D8,7.9712490900219475,mean
Reference,Expenditure deciles,Lithuania,Expenditure Share|Energy|Transportation|Urban|D8,5.169072906203438,mean
Reference,Expenditure deciles,Lithuania,Expenditure Share|Other|Urban|D8,-35.56759415269935,mean
Reference,Expenditure deciles,Lithuania,Expenditure Decile|Urban|D8,0.11289947342403775,mean
Reference,Expenditure deciles,Lithuania,Income Decile|Urban|D8,0.08756092314661391,mean
Reference,Expenditure deciles,Lithuania,Savings Rate|Rural|D9,-215.5136478112589,mean
Reference,Expenditure deciles,Lithuania,Household Size|Rural|D9,1.5861922036496154,mean
Reference,Expenditure deciles,Lithuania,Equivalence Household Size|Rural|D9,1.2663959906705806,mean
Reference,Expenditure deciles,Lithuania,Expenditure Share|Food|Rural|D9,22.507305750910284,mean
Reference,Expenditure deciles,Lithuania,Expenditure Share|Energy|Housing|Rural|D9,6.384108046911476,mean
Reference,Expenditure deciles,Lithuania,Expenditure Share|Energy|Transportation|Rural|D9,6.976926274144085,mean
Reference,Expenditure deciles,Lithuania,Expenditure Share|Other|Rural|D9,-34.86834007196585,mean
Reference,Expenditure deciles,Lithuania,Expenditure Decile|Rural|D9,0.1480069571848641,mean
Reference,Expenditure deciles,Lithuania,Income Decile|Rural|D9,0.08427094738000715,mean
Reference,Expenditure deciles,Lithuania,Savings Rate|Urban|D9,-92.9059620372402,mean
Reference,Expenditure deciles,Lithuania,Household Size|Urban|D9,1.6730825503810207,mean
Reference,Expenditure deciles,Lithuania,Equivalence Household Size|Urban|D9,1.298461894899615,mean
Reference,Expenditure deciles,Lithuania,Expenditure Share|Food|Urban|D9,22.178687182480186,mean
Reference,Expenditure deciles,Lithuania,Expenditure Share|Energy|Housing|Urban|D9,7.09425655666665,mean
Reference,Expenditure deciles,Lithuania,Expenditure Share|Energy|Transportation|Urban|D9,5.691493031506764,mean
Reference,Expenditure deciles,Lithuania,Expenditure Share|Other|Urban|D9,-33.9644367706536,mean
Reference,Expenditure deciles,Lithuania,Expenditure Decile|Urban|D9,0.15241214789006133,mean
Reference,Expenditure deciles,Lithuania,Income Decile|Urban|D9,0.09269652440027222,mean
Reference,Expenditure deciles,Lithuania,Savings Rate|Rural|D10,-528.4119446071359,mean
Reference,Expenditure deciles,Lithuania,Household Size|Rural|D10,1.456868920912032,mean
Reference,Expenditure deciles,Lithuania,Equivalence Household Size|Rural|D10,1.205879120377368,mean
Reference,Expenditure deciles,Lithuania,Expenditure Share|Food|Rural|D10,18.173297343595742,mean
Reference,Expenditure deciles,Lithuania,Expenditure Share|Energy|Housing|Rural|D10,4.430499889530061,mean
Reference,Expenditure deciles,Lithuania,Expenditure Share|Energy|Transportation|Rural|D10,5.9935276507986766,mean
Reference,Expenditure deciles,Lithuania,Expenditure Share|Other|Rural|D10,-27.59732488392448,mean
Reference,Expenditure deciles,Lithuania,Expenditure Decile|Rural|D10,0.2657832450534353,mean
Reference,Expenditure deciles,Lithuania,Income Decile|Rural|D10,0.0769705970938176,mean
Reference,Expenditure deciles,Lithuania,Savings Rate|Urban|D10,-254.89153278731945,mean
Reference,Expenditure deciles,Lithuania,Household Size|Urban|D10,1.4315057546513619,mean
Reference,Expenditure deciles,Lithuania,Equivalence Household Size|Urban|D10,1.2010555344599465,mean
Reference,Expenditure deciles,Lithuania,Expenditure Share|Food|Urban|D10,18.203428904685993,mean
Reference,Expenditure deciles,Lithuania,Expenditure Share|Energy|Housing|Urban|D10,4.740601097552812,mean
Reference,Expenditure deciles,Lithuania,Expenditure Share|Energy|Transportation|Urban|D10,6.498972913533914,mean
Reference,Expenditure deciles,Lithuania,Expenditure Share|Other|Urban|D10,-28.443002915772716,mean
Reference,Expenditure deciles,Lithuania,Expenditure Decile|Urban|D10,0.26250755807320814,mean
Reference,Expenditure deciles,Lithuania,Income Decile|Urban|D10,0.08133236886715406,mean
Reference,Expenditure deciles,Luxembourg,Savings Rate|Rural|D1,90.59734274790783,mean
Reference,Expenditure deciles,Luxembourg,Household Size|Rural|D1,3.053474192502061,mean
Reference,Expenditure deciles,Luxembourg,Equivalence Household Size|Rural|D1,1.9321265499874944,mean
Reference,Expenditure deciles,Luxembourg,Expenditure Share|Food|Rural|D1,30.77152057047398,mean
Reference,Expenditure deciles,Luxembourg,Expenditure Share|Energy|Housing|Rural|D1,10.432027424508403,mean
Reference,Expenditure deciles,Luxembourg,Expenditure Share|Energy|Transportation|Rural|D1,1.8228367173452784,mean
Reference,Expenditure deciles,Luxembourg,Expenditure Share|Other|Rural|D1,-42.02638471232766,mean
Reference,Expenditure deciles,Luxembourg,Expenditure Decile|Rural|D1,0.011625102828401738,mean
Reference,Expenditure deciles,Luxembourg,Income Decile|Rural|D1,0.10998726409163855,mean
Reference,Expenditure deciles,Luxembourg,Savings Rate|Urban|D1,86.12199950762582,mean
Reference,Expenditure deciles,Luxembourg,Household Size|Urban|D1,2.939203848340128,mean
Reference,Expenditure deciles,Luxembourg,Equivalence Household Size|Urban|D1,1.8706401953619616,mean
Reference,Expenditure deciles,Luxembourg,Expenditure Share|Food|Urban|D1,28.291369908481983,mean
Reference,Expenditure deciles,Luxembourg,Expenditure Share|Energy|Housing|Urban|D1,10.00415553442202,mean
Reference,Expenditure deciles,Luxembourg,Expenditure Share|Energy|Transportation|Urban|D1,3.868774290621865,mean
Reference,Expenditure deciles,Luxembourg,Expenditure Share|Other|Urban|D1,-41.164299733525866,mean
Reference,Expenditure deciles,Luxembourg,Expenditure Decile|Urban|D1,0.015829133207071328,mean
Reference,Expenditure deciles,Luxembourg,Income Decile|Urban|D1,0.11344407121748874,mean
Reference,Expenditure deciles,Luxembourg,Savings Rate|Rural|D2,71.55496455721716,mean
Reference,Expenditure deciles,Luxembourg,Household Size|Rural|D2,3.1215099893424063,mean
Reference,Expenditure deciles,Luxembourg,Equivalence Household Size|Rural|D2,1.9851220529282272,mean
Reference,Expenditure deciles,Luxembourg,Expenditure Share|Food|Rural|D2,16.85959879625596,mean
Reference,Expenditure deciles,Luxembourg,Expenditure Share|Energy|Housing|Rural|D2,6.8454296483574115,mean
Reference,Expenditure deciles,Luxembourg,Expenditure Share|Energy|Transportation|Rural|D2,4.975197395957189,mean
Reference,Expenditure deciles,Luxembourg,Expenditure Share|Other|Rural|D2,-27.68022584057056,mean
Reference,Expenditure deciles,Luxembourg,Expenditure Decile|Rural|D2,0.03380006085155028,mean
Reference,Expenditure deciles,Luxembourg,Income Decile|Rural|D2,0.1142926000427448,mean
Reference,Expenditure deciles,Luxembourg,Savings Rate|Urban|D2,65.5413112214247,mean
Reference,Expenditure deciles,Luxembourg,Household Size|Urban|D2,2.9661065689957957,mean
Reference,Expenditure deciles,Luxembourg,Equivalence Household Size|Urban|D2,1.8775256848519895,mean
Reference,Expenditure deciles,Luxembourg,Expenditure Share|Food|Urban|D2,15.988354164714954,mean
Reference,Expenditure deciles,Luxembourg,Expenditure Share|Energy|Housing|Urban|D2,5.906369366967146,mean
Reference,Expenditure deciles,Luxembourg,Expenditure Share|Energy|Transportation|Urban|D2,3.6363678588755435,mean
Reference,Expenditure deciles,Luxembourg,Expenditure Share|Other|Urban|D2,-24.531091390557645,mean
Reference,Expenditure deciles,Luxembourg,Expenditure Decile|Urban|D2,0.03974581057398216,mean
Reference,Expenditure deciles,Luxembourg,Income Decile|Urban|D2,0.10749508813479439,mean
Reference,Expenditure deciles,Luxembourg,Savings Rate|Rural|D3,43.72466909644059,mean
Reference,Expenditure deciles,Luxembourg,Household Size|Rural|D3,3.332122738378993,mean
Reference,Expenditure deciles,Luxembourg,Equivalence Household Size|Rural|D3,2.043735500648915,mean
Reference,Expenditure deciles,Luxembourg,Expenditure Share|Food|Rural|D3,12.026310455609057,mean
Reference,Expenditure deciles,Luxembourg,Expenditure Share|Energy|Housing|Rural|D3,6.121312276316213,mean
Reference,Expenditure deciles,Luxembourg,Expenditure Share|Energy|Transportation|Rural|D3,3.2961776918104886,mean
Reference,Expenditure deciles,Luxembourg,Expenditure Share|Other|Rural|D3,-20.443800423735762,mean
Reference,Expenditure deciles,Luxembourg,Expenditure Decile|Rural|D3,0.05180081214919705,mean
Reference,Expenditure deciles,Luxembourg,Income Decile|Rural|D3,0.09163199916509762,mean
Reference,Expenditure deciles,Luxembourg,Savings Rate|Urban|D3,46.093237757886925,mean
Reference,Expenditure deciles,Luxembourg,Household Size|Urban|D3,2.9175135249585105,mean
Reference,Expenditure deciles,Luxembourg,Equivalence Household Size|Urban|D3,1.8594182241699369,mean
Reference,Expenditure deciles,Luxembourg,Expenditure Share|Food|Urban|D3,12.370172618373115,mean
Reference,Expenditure deciles,Luxembourg,Expenditure Share|Energy|Housing|Urban|D3,5.197841634333233,mean
Reference,Expenditure deciles,Luxembourg,Expenditure Share|Energy|Transportation|Urban|D3,2.3623250836047855,mean
Reference,Expenditure deciles,Luxembourg,Expenditure Share|Other|Urban|D3,-18.930339336311135,mean
Reference,Expenditure deciles,Luxembourg,Expenditure Decile|Urban|D3,0.05976758245588823,mean
Reference,Expenditure deciles,Luxembourg,Income Decile|Urban|D3,0.10720400078974612,mean
Reference,Expenditure deciles,Luxembourg,Savings Rate|Rural|D4,40.05310762106607,mean
Reference,Expenditure deciles,Luxembourg,Household Size|Rural|D4,3.1514214036016064,mean
Reference,Expenditure deciles,Luxembourg,Equivalence Household Size|Rural|D4,1.9903679535194199,mean
Reference,Expenditure deciles,Luxembourg,Expenditure Share|Food|Rural|D4,11.207107063989588,mean
Reference,Expenditure deciles,Luxembourg,Expenditure Share|Energy|Housing|Rural|D4,4.420736847713709,mean
Reference,Expenditure deciles,Luxembourg,Expenditure Share|Energy|Transportation|Rural|D4,2.2600527238737618,mean
Reference,Expenditure deciles,Luxembourg,Expenditure Share|Other|Rural|D4,-16.887896635577057,mean
Reference,Expenditure deciles,Luxembourg,Expenditure Decile|Rural|D4,0.07200667498904537,mean
Reference,Expenditure deciles,Luxembourg,Income Decile|Rural|D4,0.11065986948048691,mean
Reference,Expenditure deciles,Luxembourg,Savings Rate|Urban|D4,28.319946137024523,mean
Reference,Expenditure deciles,Luxembourg,Household Size|Urban|D4,2.846142093256849,mean
Reference,Expenditure deciles,Luxembourg,Equivalence Household Size|Urban|D4,1.8092992540860464,mean
Reference,Expenditure deciles,Luxembourg,Expenditure Share|Food|Urban|D4,11.788932169839933,mean
Reference,Expenditure deciles,Luxembourg,Expenditure Share|Energy|Housing|Urban|D4,5.023092916275578,mean
Reference,Expenditure deciles,Luxembourg,Expenditure Share|Energy|Transportation|Urban|D4,2.622882980432366,mean
Reference,Expenditure deciles,Luxembourg,Expenditure Share|Other|Urban|D4,-18.43490806654788,mean
Reference,Expenditure deciles,Luxembourg,Expenditure Decile|Urban|D4,0.07502236965663792,mean
Reference,Expenditure deciles,Luxembourg,Income Decile|Urban|D4,0.12233200661185034,mean
Reference,Expenditure deciles,Luxembourg,Savings Rate|Rural|D5,28.70416658286919,mean
Reference,Expenditure deciles,Luxembourg,Household Size|Rural|D5,3.118584718272336,mean
Reference,Expenditure deciles,Luxembourg,Equivalence Household Size|Rural|D5,1.9322285683313443,mean
Reference,Expenditure deciles,Luxembourg,Expenditure Share|Food|Rural|D5,10.94591687740172,mean
Reference,Expenditure deciles,Luxembourg,Expenditure Share|Energy|Housing|Rural|D5,4.484486745535514,mean
Reference,Expenditure deciles,Luxembourg,Expenditure Share|Energy|Transportation|Rural|D5,2.3794006176407887,mean
Reference,Expenditure deciles,Luxembourg,Expenditure Share|Other|Rural|D5,-16.80980424057802,mean
Reference,Expenditure deciles,Luxembourg,Expenditure Decile|Rural|D5,0.08640970503205611,mean
Reference,Expenditure deciles,Luxembourg,Income Decile|Rural|D5,0.1125447046634792,mean
Reference,Expenditure deciles,Luxembourg,Savings Rate|Urban|D5,12.62426296796883,mean
Reference,Expenditure deciles,Luxembourg,Household Size|Urban|D5,2.5597673568357098,mean
Reference,Expenditure deciles,Luxembourg,Equivalence Household Size|Urban|D5,1.6818392667395332,mean
Reference,Expenditure deciles,Luxembourg,Expenditure Share|Food|Urban|D5,10.249507235280554,mean
Reference,Expenditure deciles,Luxembourg,Expenditure Share|Energy|Housing|Urban|D5,4.411165361516627,mean
Reference,Expenditure deciles,Luxembourg,Expenditure Share|Energy|Transportation|Urban|D5,2.939395195295737,mean
Reference,Expenditure deciles,Luxembourg,Expenditure Share|Other|Urban|D5,-16.60006779209292,mean
Reference,Expenditure deciles,Luxembourg,Expenditure Decile|Urban|D5,0.08847267806177267,mean
Reference,Expenditure deciles,Luxembourg,Income Decile|Urban|D5,0.09978632446049757,mean
Reference,Expenditure deciles,Luxembourg,Savings Rate|Rural|D6,11.75678505028024,mean
Reference,Expenditure deciles,Luxembourg,Household Size|Rural|D6,2.9184029458376894,mean
Reference,Expenditure deciles,Luxembourg,Equivalence Household Size|Rural|D6,1.8539383390352722,mean
Reference,Expenditure deciles,Luxembourg,Expenditure Share|Food|Rural|D6,11.480791280237153,mean
Reference,Expenditure deciles,Luxembourg,Expenditure Share|Energy|Housing|Rural|D6,4.2595220484937135,mean
Reference,Expenditure deciles,Luxembourg,Expenditure Share|Energy|Transportation|Rural|D6,2.2305998748659674,mean
Reference,Expenditure deciles,Luxembourg,Expenditure Share|Other|Rural|D6,-16.97091320359683,mean
Reference,Expenditure deciles,Luxembourg,Expenditure Decile|Rural|D6,0.10350481592262173,mean
Reference,Expenditure deciles,Luxembourg,Income Decile|Rural|D6,0.10712690764126691,mean
Reference,Expenditure deciles,Luxembourg,Savings Rate|Urban|D6,0.0036135602371892912,mean
Reference,Expenditure deciles,Luxembourg,Household Size|Urban|D6,2.1796870113196034,mean
Reference,Expenditure deciles,Luxembourg,Equivalence Household Size|Urban|D6,1.5335443405604587,mean
Reference,Expenditure deciles,Luxembourg,Expenditure Share|Food|Urban|D6,9.51008651934608,mean
Reference,Expenditure deciles,Luxembourg,Expenditure Share|Energy|Housing|Urban|D6,4.230899708755743,mean
Reference,Expenditure deciles,Luxembourg,Expenditure Share|Energy|Transportation|Urban|D6,2.3529153082678675,mean
Reference,Expenditure deciles,Luxembourg,Expenditure Share|Other|Urban|D6,-15.093901536369689,mean
Reference,Expenditure deciles,Luxembourg,Expenditure Decile|Urban|D6,0.09713145530093065,mean
Reference,Expenditure deciles,Luxembourg,Income Decile|Urban|D6,0.10834459845823351,mean
Reference,Expenditure deciles,Luxembourg,Savings Rate|Rural|D7,-19.186719874693942,mean
Reference,Expenditure deciles,Luxembourg,Household Size|Rural|D7,2.7853502540545385,mean
Reference,Expenditure deciles,Luxembourg,Equivalence Household Size|Rural|D7,1.7657317062405282,mean
Reference,Expenditure deciles,Luxembourg,Expenditure Share|Food|Rural|D7,9.021629374014147,mean
Reference,Expenditure deciles,Luxembourg,Expenditure Share|Energy|Housing|Rural|D7,3.7683511754561585,mean
Reference,Expenditure deciles,Luxembourg,Expenditure Share|Energy|Transportation|Rural|D7,2.028067197321872,mean
Reference,Expenditure deciles,Luxembourg,Expenditure Share|Other|Rural|D7,-13.818047746792178,mean
Reference,Expenditure deciles,Luxembourg,Expenditure Decile|Rural|D7,0.12678067446571828,mean
Reference,Expenditure deciles,Luxembourg,Income Decile|Rural|D7,0.09894994873251638,mean
Reference,Expenditure deciles,Luxembourg,Savings Rate|Urban|D7,-24.376760260478267,mean
Reference,Expenditure deciles,Luxembourg,Household Size|Urban|D7,2.334284277698621,mean
Reference,Expenditure deciles,Luxembourg,Equivalence Household Size|Urban|D7,1.59340802054839,mean
Reference,Expenditure deciles,Luxembourg,Expenditure Share|Food|Urban|D7,9.900783601150634,mean
Reference,Expenditure deciles,Luxembourg,Expenditure Share|Energy|Housing|Urban|D7,3.4725520999372965,mean
Reference,Expenditure deciles,Luxembourg,Expenditure Share|Energy|Transportation|Urban|D7,2.3790032188067953,mean
Reference,Expenditure deciles,Luxembourg,Expenditure Share|Other|Urban|D7,-14.752338919894726,mean
Reference,Expenditure deciles,Luxembourg,Expenditure Decile|Urban|D7,0.12218779110284152,mean
Reference,Expenditure deciles,Luxembourg,Income Decile|Urban|D7,0.09451020606588278,mean
Reference,Expenditure deciles,Luxembourg,Savings Rate|Rural|D8,-52.88814902554906,mean
Reference,Expenditure deciles,Luxembourg,Household Size|Rural|D8,2.275487098400777,mean
Reference,Expenditure deciles,Luxembourg,Equivalence Household Size|Rural|D8,1.5583592730597893,mean
Reference,Expenditure deciles,Luxembourg,Expenditure Share|Food|Rural|D8,9.215316664322511,mean
Reference,Expenditure deciles,Luxembourg,Expenditure Share|Energy|Housing|Rural|D8,2.7805337398751897,mean
Reference,Expenditure deciles,Luxembourg,Expenditure Share|Energy|Transportation|Rural|D8,1.9389323461020804,mean
Reference,Expenditure deciles,Luxembourg,Expenditure Share|Other|Rural|D8,-12.934782750299783,mean
Reference,Expenditure deciles,Luxembourg,Expenditure Decile|Rural|D8,0.14977745886665308,mean
Reference,Expenditure deciles,Luxembourg,Income Decile|Rural|D8,0.10771596446203928,mean
Reference,Expenditure deciles,Luxembourg,Savings Rate|Urban|D8,-59.94398045809186,mean
Reference,Expenditure deciles,Luxembourg,Household Size|Urban|D8,1.9717010600028904,mean
Reference,Expenditure deciles,Luxembourg,Equivalence Household Size|Urban|D8,1.4366056059916017,mean
Reference,Expenditure deciles,Luxembourg,Expenditure Share|Food|Urban|D8,8.837496439895778,mean
Reference,Expenditure deciles,Luxembourg,Expenditure Share|Energy|Housing|Urban|D8,3.7300583242092342,mean
Reference,Expenditure deciles,Luxembourg,Expenditure Share|Energy|Transportation|Urban|D8,2.2963586097196003,mean
Reference,Expenditure deciles,Luxembourg,Expenditure Share|Other|Urban|D8,-13.86391337382461,mean
Reference,Expenditure deciles,Luxembourg,Expenditure Decile|Urban|D8,0.13304846288517808,mean
Reference,Expenditure deciles,Luxembourg,Income Decile|Urban|D8,0.08779059815585029,mean
Reference,Expenditure deciles,Luxembourg,Savings Rate|Rural|D9,-96.69549230454884,mean
Reference,Expenditure deciles,Luxembourg,Household Size|Rural|D9,1.4389696278405226,mean
Reference,Expenditure deciles,Luxembourg,Equivalence Household Size|Rural|D9,1.197017471078101,mean
Reference,Expenditure deciles,Luxembourg,Expenditure Share|Food|Rural|D9,7.117531798788982,mean
Reference,Expenditure deciles,Luxembourg,Expenditure Share|Energy|Housing|Rural|D9,2.756832511599155,mean
Reference,Expenditure deciles,Luxembourg,Expenditure Share|Energy|Transportation|Rural|D9,1.4287852584861502,mean
Reference,Expenditure deciles,Luxembourg,Expenditure Share|Other|Rural|D9,-10.303149568874288,mean
Reference,Expenditure deciles,Luxembourg,Expenditure Decile|Rural|D9,0.16134227203727908,mean
Reference,Expenditure deciles,Luxembourg,Income Decile|Rural|D9,0.09018601367703562,mean
Reference,Expenditure deciles,Luxembourg,Savings Rate|Urban|D9,-97.06467344401347,mean
Reference,Expenditure deciles,Luxembourg,Household Size|Urban|D9,1.664045662565464,mean
Reference,Expenditure deciles,Luxembourg,Equivalence Household Size|Urban|D9,1.2980466056816198,mean
Reference,Expenditure deciles,Luxembourg,Expenditure Share|Food|Urban|D9,9.314213979523531,mean
Reference,Expenditure deciles,Luxembourg,Expenditure Share|Energy|Housing|Urban|D9,3.2915283673141786,mean
Reference,Expenditure deciles,Luxembourg,Expenditure Share|Energy|Transportation|Urban|D9,2.2202877018599434,mean
Reference,Expenditure deciles,Luxembourg,Expenditure Share|Other|Urban|D9,-13.826030048697653,mean
Reference,Expenditure deciles,Luxembourg,Expenditure Decile|Urban|D9,0.15462108749495326,mean
Reference,Expenditure deciles,Luxembourg,Income Decile|Urban|D9,0.08478677209823805,mean
Reference,Expenditure deciles,Luxembourg,Savings Rate|Rural|D10,-236.2398843196102,mean
Reference,Expenditure deciles,Luxembourg,Household Size|Rural|D10,1.1848399127326579,mean
Reference,Expenditure deciles,Luxembourg,Equivalence Household Size|Rural|D10,1.0815134062003529,mean
Reference,Expenditure deciles,Luxembourg,Expenditure Share|Food|Rural|D10,7.1383514070530145,mean
Reference,Expenditure deciles,Luxembourg,Expenditure Share|Energy|Housing|Rural|D10,3.4176160697243008,mean
Reference,Expenditure deciles,Luxembourg,Expenditure Share|Energy|Transportation|Rural|D10,1.9203091833883512,mean
Reference,Expenditure deciles,Luxembourg,Expenditure Share|Other|Rural|D10,-11.476276660165666,mean
Reference,Expenditure deciles,Luxembourg,Expenditure Decile|Rural|D10,0.20295242285747736,mean
Reference,Expenditure deciles,Luxembourg,Income Decile|Rural|D10,0.056904728043694765,mean
Reference,Expenditure deciles,Luxembourg,Savings Rate|Urban|D10,-183.97045770512844,mean
Reference,Expenditure deciles,Luxembourg,Household Size|Urban|D10,1.3054443570462073,mean
Reference,Expenditure deciles,Luxembourg,Equivalence Household Size|Urban|D10,1.13891620210975,mean
Reference,Expenditure deciles,Luxembourg,Expenditure Share|Food|Urban|D10,7.318174699730127,mean
Reference,Expenditure deciles,Luxembourg,Expenditure Share|Energy|Housing|Urban|D10,2.4729595878165,mean
Reference,Expenditure deciles,Luxembourg,Expenditure Share|Energy|Transportation|Urban|D10,1.630444425836343,mean
Reference,Expenditure deciles,Luxembourg,Expenditure Share|Other|Urban|D10,-10.421578713382969,mean
Reference,Expenditure deciles,Luxembourg,Expenditure Decile|Urban|D10,0.2141736292607441,mean
Reference,Expenditure deciles,Luxembourg,Income Decile|Urban|D10,0.07430633400741815,mean
Reference,Expenditure deciles,Netherlands,Savings Rate|Rural|D1,67.50724261684519,mean
Reference,Expenditure deciles,Netherlands,Household Size|Rural|D1,3.5855862474996276,mean
Reference,Expenditure deciles,Netherlands,Equivalence Household Size|Rural|D1,2.1349016371952048,mean
Reference,Expenditure deciles,Netherlands,Expenditure Share|Food|Rural|D1,14.18451542307905,mean
Reference,Expenditure deciles,Netherlands,Expenditure Share|Energy|Housing|Rural|D1,7.532476887881037,mean
Reference,Expenditure deciles,Netherlands,Expenditure Share|Energy|Transportation|Rural|D1,2.976997554236875,mean
Reference,Expenditure deciles,Netherlands,Expenditure Share|Other|Rural|D1,-23.69398986519696,mean
Reference,Expenditure deciles,Netherlands,Expenditure Decile|Rural|D1,0.03846003876670857,mean
Reference,Expenditure deciles,Netherlands,Income Decile|Rural|D1,0.13994244503237668,mean
Reference,Expenditure deciles,Netherlands,Savings Rate|Urban|D1,60.16152914797489,mean
Reference,Expenditure deciles,Netherlands,Household Size|Urban|D1,3.2478765101298155,mean
Reference,Expenditure deciles,Netherlands,Equivalence Household Size|Urban|D1,1.9721835825608973,mean
Reference,Expenditure deciles,Netherlands,Expenditure Share|Food|Urban|D1,15.994226999192753,mean
Reference,Expenditure deciles,Netherlands,Expenditure Share|Energy|Housing|Urban|D1,8.02586084465981,mean
Reference,Expenditure deciles,Netherlands,Expenditure Share|Energy|Transportation|Urban|D1,3.258660478663523,mean
Reference,Expenditure deciles,Netherlands,Expenditure Share|Other|Urban|D1,-26.278748322516087,mean
Reference,Expenditure deciles,Netherlands,Expenditure Decile|Urban|D1,0.03921327050781693,mean
Reference,Expenditure deciles,Netherlands,Income Decile|Urban|D1,0.13683228902482944,mean
Reference,Expenditure deciles,Netherlands,Savings Rate|Rural|D2,40.30267468388265,mean
Reference,Expenditure deciles,Netherlands,Household Size|Rural|D2,3.451190186583153,mean
Reference,Expenditure deciles,Netherlands,Equivalence Household Size|Rural|D2,2.06226509780867,mean
Reference,Expenditure deciles,Netherlands,Expenditure Share|Food|Rural|D2,11.673383302234548,mean
Reference,Expenditure deciles,Netherlands,Expenditure Share|Energy|Housing|Rural|D2,5.52187604703247,mean
Reference,Expenditure deciles,Netherlands,Expenditure Share|Energy|Transportation|Rural|D2,2.981494112804325,mean
Reference,Expenditure deciles,Netherlands,Expenditure Share|Other|Rural|D2,-19.176753462071343,mean
Reference,Expenditure deciles,Netherlands,Expenditure Decile|Rural|D2,0.06182724245655873,mean
Reference,Expenditure deciles,Netherlands,Income Decile|Rural|D2,0.1163488185572924,mean
Reference,Expenditure deciles,Netherlands,Savings Rate|Urban|D2,23.285170182590775,mean
Reference,Expenditure deciles,Netherlands,Household Size|Urban|D2,3.0645257098111935,mean
Reference,Expenditure deciles,Netherlands,Equivalence Household Size|Urban|D2,1.9064619647554213,mean
Reference,Expenditure deciles,Netherlands,Expenditure Share|Food|Urban|D2,11.00166251927545,mean
Reference,Expenditure deciles,Netherlands,Expenditure Share|Energy|Housing|Urban|D2,5.753553270055368,mean
Reference,Expenditure deciles,Netherlands,Expenditure Share|Energy|Transportation|Urban|D2,3.557006457765667,mean
Reference,Expenditure deciles,Netherlands,Expenditure Share|Other|Urban|D2,-19.312222247096486,mean
Reference,Expenditure deciles,Netherlands,Expenditure Decile|Urban|D2,0.06266702621579157,mean
Reference,Expenditure deciles,Netherlands,Income Decile|Urban|D2,0.1288742847454329,mean
Reference,Expenditure deciles,Netherlands,Savings Rate|Rural|D3,21.397549362244195,mean
Reference,Expenditure deciles,Netherlands,Household Size|Rural|D3,3.058103697739467,mean
Reference,Expenditure deciles,Netherlands,Equivalence Household Size|Rural|D3,1.9054442446971405,mean
Reference,Expenditure deciles,Netherlands,Expenditure Share|Food|Rural|D3,10.729176159962398,mean
Reference,Expenditure deciles,Netherlands,Expenditure Share|Energy|Housing|Rural|D3,5.569434976327526,mean
Reference,Expenditure deciles,Netherlands,Expenditure Share|Energy|Transportation|Rural|D3,3.73743574882177,mean
Reference,Expenditure deciles,Netherlands,Expenditure Share|Other|Rural|D3,-19.03604688511169,mean
Reference,Expenditure deciles,Netherlands,Expenditure Decile|Rural|D3,0.07286294493883246,mean
Reference,Expenditure deciles,Netherlands,Income Decile|Rural|D3,0.1119998535032742,mean
Reference,Expenditure deciles,Netherlands,Savings Rate|Urban|D3,9.921350194161453,mean
Reference,Expenditure deciles,Netherlands,Household Size|Urban|D3,2.7240088240006073,mean
Reference,Expenditure deciles,Netherlands,Equivalence Household Size|Urban|D3,1.7423532678652127,mean
Reference,Expenditure deciles,Netherlands,Expenditure Share|Food|Urban|D3,11.724228011511013,mean
Reference,Expenditure deciles,Netherlands,Expenditure Share|Energy|Housing|Urban|D3,5.3398849083651365,mean
Reference,Expenditure deciles,Netherlands,Expenditure Share|Energy|Transportation|Urban|D3,3.6119794284428783,mean
Reference,Expenditure deciles,Netherlands,Expenditure Share|Other|Urban|D3,-19.676092348319028,mean
Reference,Expenditure deciles,Netherlands,Expenditure Decile|Urban|D3,0.07293427370873241,mean
Reference,Expenditure deciles,Netherlands,Income Decile|Urban|D3,0.11182828901341721,mean
Reference,Expenditure deciles,Netherlands,Savings Rate|Rural|D4,2.2029377122030165,mean
Reference,Expenditure deciles,Netherlands,Household Size|Rural|D4,2.449001437062108,mean
Reference,Expenditure deciles,Netherlands,Equivalence Household Size|Rural|D4,1.6401516894356818,mean
Reference,Expenditure deciles,Netherlands,Expenditure Share|Food|Rural|D4,11.833057708373886,mean
Reference,Expenditure deciles,Netherlands,Expenditure Share|Energy|Housing|Rural|D4,5.419505066357698,mean
Reference,Expenditure deciles,Netherlands,Expenditure Share|Energy|Transportation|Rural|D4,3.8269072997666407,mean
Reference,Expenditure deciles,Netherlands,Expenditure Share|Other|Rural|D4,-20.079470074498225,mean
Reference,Expenditure deciles,Netherlands,Expenditure Decile|Rural|D4,0.07992688211590455,mean
Reference,Expenditure deciles,Netherlands,Income Decile|Rural|D4,0.11042533458893816,mean
Reference,Expenditure deciles,Netherlands,Savings Rate|Urban|D4,-17.057695078539954,mean
Reference,Expenditure deciles,Netherlands,Household Size|Urban|D4,2.4542145280060357,mean
Reference,Expenditure deciles,Netherlands,Equivalence Household Size|Urban|D4,1.646795333045266,mean
Reference,Expenditure deciles,Netherlands,Expenditure Share|Food|Urban|D4,11.09741092060153,mean
Reference,Expenditure deciles,Netherlands,Expenditure Share|Energy|Housing|Urban|D4,5.198841233420893,mean
Reference,Expenditure deciles,Netherlands,Expenditure Share|Energy|Transportation|Urban|D4,3.860862284224711,mean
Reference,Expenditure deciles,Netherlands,Expenditure Share|Other|Urban|D4,-19.15711443824713,mean
Reference,Expenditure deciles,Netherlands,Expenditure Decile|Urban|D4,0.08270302502205358,mean
Reference,Expenditure deciles,Netherlands,Income Decile|Urban|D4,0.10887728103276133,mean
Reference,Expenditure deciles,Netherlands,Savings Rate|Rural|D5,-4.481806258954092,mean
Reference,Expenditure deciles,Netherlands,Household Size|Rural|D5,2.5153601217826664,mean
Reference,Expenditure deciles,Netherlands,Equivalence Household Size|Rural|D5,1.6793015729263243,mean
Reference,Expenditure deciles,Netherlands,Expenditure Share|Food|Rural|D5,11.21114049820835,mean
Reference,Expenditure deciles,Netherlands,Expenditure Share|Energy|Housing|Rural|D5,4.921511081281925,mean
Reference,Expenditure deciles,Netherlands,Expenditure Share|Energy|Transportation|Rural|D5,4.479257294319197,mean
Reference,Expenditure deciles,Netherlands,Expenditure Share|Other|Rural|D5,-19.611908873809472,mean
Reference,Expenditure deciles,Netherlands,Expenditure Decile|Rural|D5,0.09566588545649003,mean
Reference,Expenditure deciles,Netherlands,Income Decile|Rural|D5,0.1054316892328243,mean
Reference,Expenditure deciles,Netherlands,Savings Rate|Urban|D5,-22.540233833067962,mean
Reference,Expenditure deciles,Netherlands,Household Size|Urban|D5,2.2354314493297074,mean
Reference,Expenditure deciles,Netherlands,Equivalence Household Size|Urban|D5,1.5508838441138841,mean
Reference,Expenditure deciles,Netherlands,Expenditure Share|Food|Urban|D5,11.291109005301674,mean
Reference,Expenditure deciles,Netherlands,Expenditure Share|Energy|Housing|Urban|D5,4.8219572810428195,mean
Reference,Expenditure deciles,Netherlands,Expenditure Share|Energy|Transportation|Urban|D5,4.104016136777812,mean
Reference,Expenditure deciles,Netherlands,Expenditure Share|Other|Urban|D5,-19.217082423122307,mean
Reference,Expenditure deciles,Netherlands,Expenditure Decile|Urban|D5,0.09153338413399552,mean
Reference,Expenditure deciles,Netherlands,Income Decile|Urban|D5,0.10556597907986565,mean
Reference,Expenditure deciles,Netherlands,Savings Rate|Rural|D6,-19.99554871973174,mean
Reference,Expenditure deciles,Netherlands,Household Size|Rural|D6,2.1509018028545714,mean
Reference,Expenditure deciles,Netherlands,Equivalence Household Size|Rural|D6,1.5278392883447562,mean
Reference,Expenditure deciles,Netherlands,Expenditure Share|Food|Rural|D6,11.282015244689143,mean
Reference,Expenditure deciles,Netherlands,Expenditure Share|Energy|Housing|Rural|D6,4.891861190522914,mean
Reference,Expenditure deciles,Netherlands,Expenditure Share|Energy|Transportation|Rural|D6,4.400475281212928,mean
Reference,Expenditure deciles,Netherlands,Expenditure Share|Other|Rural|D6,-19.574351716424985,mean
Reference,Expenditure deciles,Netherlands,Expenditure Decile|Rural|D6,0.1008265418131729,mean
Reference,Expenditure deciles,Netherlands,Income Decile|Rural|D6,0.1027437037406831,mean
Reference,Expenditure deciles,Netherlands,Savings Rate|Urban|D6,-51.47462288916446,mean
Reference,Expenditure deciles,Netherlands,Household Size|Urban|D6,2.008167464974104,mean
Reference,Expenditure deciles,Netherlands,Equivalence Household Size|Urban|D6,1.4497783913136606,mean
Reference,Expenditure deciles,Netherlands,Expenditure Share|Food|Urban|D6,11.68967843149524,mean
Reference,Expenditure deciles,Netherlands,Expenditure Share|Energy|Housing|Urban|D6,4.733055085510778,mean
Reference,Expenditure deciles,Netherlands,Expenditure Share|Energy|Transportation|Urban|D6,4.223190204592345,mean
Reference,Expenditure deciles,Netherlands,Expenditure Share|Other|Urban|D6,-19.645923721598365,mean
Reference,Expenditure deciles,Netherlands,Expenditure Decile|Urban|D6,0.0997705259713845,mean
Reference,Expenditure deciles,Netherlands,Income Decile|Urban|D6,0.09672191086123831,mean
Reference,Expenditure deciles,Netherlands,Savings Rate|Rural|D7,-43.13181761655245,mean
Reference,Expenditure deciles,Netherlands,Household Size|Rural|D7,2.029725922201149,mean
Reference,Expenditure deciles,Netherlands,Equivalence Household Size|Rural|D7,1.4720951005416512,mean
Reference,Expenditure deciles,Netherlands,Expenditure Share|Food|Rural|D7,10.053243129781636,mean
Reference,Expenditure deciles,Netherlands,Expenditure Share|Energy|Housing|Rural|D7,4.205221847557557,mean
Reference,Expenditure deciles,Netherlands,Expenditure Share|Energy|Transportation|Rural|D7,4.500241355687612,mean
Reference,Expenditure deciles,Netherlands,Expenditure Share|Other|Rural|D7,-17.758706333026808,mean
Reference,Expenditure deciles,Netherlands,Expenditure Decile|Rural|D7,0.11640308671192232,mean
Reference,Expenditure deciles,Netherlands,Income Decile|Rural|D7,0.09375985675078569,mean
Reference,Expenditure deciles,Netherlands,Savings Rate|Urban|D7,-89.27514935242232,mean
Reference,Expenditure deciles,Netherlands,Household Size|Urban|D7,1.7628277817130453,mean
Reference,Expenditure deciles,Netherlands,Equivalence Household Size|Urban|D7,1.3488340315853975,mean
Reference,Expenditure deciles,Netherlands,Expenditure Share|Food|Urban|D7,11.219991114552876,mean
Reference,Expenditure deciles,Netherlands,Expenditure Share|Energy|Housing|Urban|D7,4.395457809525929,mean
Reference,Expenditure deciles,Netherlands,Expenditure Share|Energy|Transportation|Urban|D7,4.1923190935797106,mean
Reference,Expenditure deciles,Netherlands,Expenditure Share|Other|Urban|D7,-18.807768017658514,mean
Reference,Expenditure deciles,Netherlands,Expenditure Decile|Urban|D7,0.10809885239434362,mean
Reference,Expenditure deciles,Netherlands,Income Decile|Urban|D7,0.0886297452660284,mean
Reference,Expenditure deciles,Netherlands,Savings Rate|Rural|D8,-90.9386328113785,mean
Reference,Expenditure deciles,Netherlands,Household Size|Rural|D8,1.6197796980213441,mean
Reference,Expenditure deciles,Netherlands,Equivalence Household Size|Rural|D8,1.274522255933978,mean
Reference,Expenditure deciles,Netherlands,Expenditure Share|Food|Rural|D8,11.299119536469592,mean
Reference,Expenditure deciles,Netherlands,Expenditure Share|Energy|Housing|Rural|D8,4.519279442283732,mean
Reference,Expenditure deciles,Netherlands,Expenditure Share|Energy|Transportation|Rural|D8,4.455262947996016,mean
Reference,Expenditure deciles,Netherlands,Expenditure Share|Other|Rural|D8,-19.27366192674934,mean
Reference,Expenditure deciles,Netherlands,Expenditure Decile|Rural|D8,0.11603283324074865,mean
Reference,Expenditure deciles,Netherlands,Income Decile|Rural|D8,0.0749518211237717,mean
Reference,Expenditure deciles,Netherlands,Savings Rate|Urban|D8,-122.6452853207853,mean
Reference,Expenditure deciles,Netherlands,Household Size|Urban|D8,1.6165300404449703,mean
Reference,Expenditure deciles,Netherlands,Equivalence Household Size|Urban|D8,1.2778105513347842,mean
Reference,Expenditure deciles,Netherlands,Expenditure Share|Food|Urban|D8,11.193712508651235,mean
Reference,Expenditure deciles,Netherlands,Expenditure Share|Energy|Housing|Urban|D8,4.231891385020271,mean
Reference,Expenditure deciles,Netherlands,Expenditure Share|Energy|Transportation|Urban|D8,4.124844189358789,mean
Reference,Expenditure deciles,Netherlands,Expenditure Share|Other|Urban|D8,-18.550448083030293,mean
Reference,Expenditure deciles,Netherlands,Expenditure Decile|Urban|D8,0.12037435190263351,mean
Reference,Expenditure deciles,Netherlands,Income Decile|Urban|D8,0.08174947773960693,mean
Reference,Expenditure deciles,Netherlands,Savings Rate|Rural|D9,-116.48275425369766,mean
Reference,Expenditure deciles,Netherlands,Household Size|Rural|D9,1.6813909043156916,mean
Reference,Expenditure deciles,Netherlands,Equivalence Household Size|Rural|D9,1.3057832327135177,mean
Reference,Expenditure deciles,Netherlands,Expenditure Share|Food|Rural|D9,11.132027930224533,mean
Reference,Expenditure deciles,Netherlands,Expenditure Share|Energy|Housing|Rural|D9,3.8340754251364713,mean
Reference,Expenditure deciles,Netherlands,Expenditure Share|Energy|Transportation|Rural|D9,4.09773403924583,mean
Reference,Expenditure deciles,Netherlands,Expenditure Share|Other|Rural|D9,-18.063837394606832,mean
Reference,Expenditure deciles,Netherlands,Expenditure Decile|Rural|D9,0.14155379326491513,mean
Reference,Expenditure deciles,Netherlands,Income Decile|Rural|D9,0.07589945521545198,mean
Reference,Expenditure deciles,Netherlands,Savings Rate|Urban|D9,-175.0524200005923,mean
Reference,Expenditure deciles,Netherlands,Household Size|Urban|D9,1.372680601798749,mean
Reference,Expenditure deciles,Netherlands,Equivalence Household Size|Urban|D9,1.1695792553958793,mean
Reference,Expenditure deciles,Netherlands,Expenditure Share|Food|Urban|D9,10.858113260062819,mean
Reference,Expenditure deciles,Netherlands,Expenditure Share|Energy|Housing|Urban|D9,3.8920091093369606,mean
Reference,Expenditure deciles,Netherlands,Expenditure Share|Energy|Transportation|Urban|D9,4.296059447200384,mean
Reference,Expenditure deciles,Netherlands,Expenditure Share|Other|Urban|D9,-18.04618181660016,mean
Reference,Expenditure deciles,Netherlands,Expenditure Decile|Urban|D9,0.13405445176046019,mean
Reference,Expenditure deciles,Netherlands,Income Decile|Urban|D9,0.07518468709235403,mean
Reference,Expenditure deciles,Netherlands,Savings Rate|Rural|D10,-230.79311106536574,mean
Reference,Expenditure deciles,Netherlands,Household Size|Rural|D10,1.2600735176293119,mean
Reference,Expenditure deciles,Netherlands,Equivalence Household Size|Rural|D10,1.1259989529056178,mean
Reference,Expenditure deciles,Netherlands,Expenditure Share|Food|Rural|D10,8.895342811266403,mean
Reference,Expenditure deciles,Netherlands,Expenditure Share|Energy|Housing|Rural|D10,3.4828460361792053,mean
Reference,Expenditure deciles,Netherlands,Expenditure Share|Energy|Transportation|Rural|D10,4.62780193357527,mean
Reference,Expenditure deciles,Netherlands,Expenditure Share|Other|Rural|D10,-16.005990781020877,mean
Reference,Expenditure deciles,Netherlands,Expenditure Decile|Rural|D10,0.17644075123474667,mean
Reference,Expenditure deciles,Netherlands,Income Decile|Rural|D10,0.0684970222546018,mean
Reference,Expenditure deciles,Netherlands,Savings Rate|Urban|D10,-321.50774298862615,mean
Reference,Expenditure deciles,Netherlands,Household Size|Urban|D10,1.1957373565658398,mean
Reference,Expenditure deciles,Netherlands,Equivalence Household Size|Urban|D10,1.0905625843106512,mean
Reference,Expenditure deciles,Netherlands,Expenditure Share|Food|Urban|D10,9.835701973902035,mean
Reference,Expenditure deciles,Netherlands,Expenditure Share|Energy|Housing|Urban|D10,3.1668052747585587,mean
Reference,Expenditure deciles,Netherlands,Expenditure Share|Energy|Transportation|Urban|D10,3.6837491096169046,mean
Reference,Expenditure deciles,Netherlands,Expenditure Share|Other|Urban|D10,-15.6862563582775,mean
Reference,Expenditure deciles,Netherlands,Expenditure Decile|Urban|D10,0.1886508383827881,mean
Reference,Expenditure deciles,Netherlands,Income Decile|Urban|D10,0.06573605614446576,mean
Reference,Expenditure deciles,Poland,Savings Rate|Rural|D1,60.656461098631226,mean
Reference,Expenditure deciles,Poland,Household Size|Rural|D1,5.141739118339936,mean
Reference,Expenditure deciles,Poland,Equivalence Household Size|Rural|D1,2.8437820005264842,mean
Reference,Expenditure deciles,Poland,Expenditure Share|Food|Rural|D1,26.88170013860939,mean
Reference,Expenditure deciles,Poland,Expenditure Share|Energy|Housing|Rural|D1,11.12102152495794,mean
Reference,Expenditure deciles,Poland,Expenditure Share|Energy|Transportation|Rural|D1,1.6939597481376694,mean
Reference,Expenditure deciles,Poland,Expenditure Share|Other|Rural|D1,-38.696681411704994,mean
Reference,Expenditure deciles,Poland,Expenditure Decile|Rural|D1,0.04382734704470425,mean
Reference,Expenditure deciles,Poland,Income Decile|Rural|D1,0.12811999857381973,mean
Reference,Expenditure deciles,Poland,Savings Rate|Urban|D1,65.20240035709847,mean
Reference,Expenditure deciles,Poland,Household Size|Urban|D1,4.026677592854019,mean
Reference,Expenditure deciles,Poland,Equivalence Household Size|Urban|D1,2.330743043456488,mean
Reference,Expenditure deciles,Poland,Expenditure Share|Food|Urban|D1,27.036122667651014,mean
Reference,Expenditure deciles,Poland,Expenditure Share|Energy|Housing|Urban|D1,10.784663114890455,mean
Reference,Expenditure deciles,Poland,Expenditure Share|Energy|Transportation|Urban|D1,1.6772088701733898,mean
Reference,Expenditure deciles,Poland,Expenditure Share|Other|Urban|D1,-38.49799465271486,mean
Reference,Expenditure deciles,Poland,Expenditure Decile|Urban|D1,0.043096808934128684,mean
Reference,Expenditure deciles,Poland,Income Decile|Urban|D1,0.12408266606641762,mean
Reference,Expenditure deciles,Poland,Savings Rate|Rural|D2,46.24819704040202,mean
Reference,Expenditure deciles,Poland,Household Size|Rural|D2,4.38346496127418,mean
Reference,Expenditure deciles,Poland,Equivalence Household Size|Rural|D2,2.504521172450464,mean
Reference,Expenditure deciles,Poland,Expenditure Share|Food|Rural|D2,25.897037476911905,mean
Reference,Expenditure deciles,Poland,Expenditure Share|Energy|Housing|Rural|D2,11.01541724693848,mean
Reference,Expenditure deciles,Poland,Expenditure Share|Energy|Transportation|Rural|D2,2.8262805148560655,mean
Reference,Expenditure deciles,Poland,Expenditure Share|Other|Rural|D2,-38.738735238706454,mean
Reference,Expenditure deciles,Poland,Expenditure Decile|Rural|D2,0.058988940302492104,mean
Reference,Expenditure deciles,Poland,Income Decile|Rural|D2,0.12051928528149206,mean
Reference,Expenditure deciles,Poland,Savings Rate|Urban|D2,49.7403022686952,mean
Reference,Expenditure deciles,Poland,Household Size|Urban|D2,3.418181697156357,mean
Reference,Expenditure deciles,Poland,Equivalence Household Size|Urban|D2,2.061903655260973,mean
Reference,Expenditure deciles,Poland,Expenditure Share|Food|Urban|D2,26.11365400803048,mean
Reference,Expenditure deciles,Poland,Expenditure Share|Energy|Housing|Urban|D2,11.258215745407412,mean
Reference,Expenditure deciles,Poland,Expenditure Share|Energy|Transportation|Urban|D2,2.7921223201289,mean
Reference,Expenditure deciles,Poland,Expenditure Share|Other|Urban|D2,-39.163992073566796,mean
Reference,Expenditure deciles,Poland,Expenditure Decile|Urban|D2,0.057647574148706665,mean
Reference,Expenditure deciles,Poland,Income Decile|Urban|D2,0.11604920696825118,mean
Reference,Expenditure deciles,Poland,Savings Rate|Rural|D3,33.7109043997778,mean
Reference,Expenditure deciles,Poland,Household Size|Rural|D3,4.054771667543122,mean
Reference,Expenditure deciles,Poland,Equivalence Household Size|Rural|D3,2.3547450391005458,mean
Reference,Expenditure deciles,Poland,Expenditure Share|Food|Rural|D3,25.76156790258124,mean
Reference,Expenditure deciles,Poland,Expenditure Share|Energy|Housing|Rural|D3,10.932473534566574,mean
Reference,Expenditure deciles,Poland,Expenditure Share|Energy|Transportation|Rural|D3,3.485916634081271,mean
Reference,Expenditure deciles,Poland,Expenditure Share|Other|Rural|D3,-39.17995807122909,mean
Reference,Expenditure deciles,Poland,Expenditure Decile|Rural|D3,0.06981480690398734,mean
Reference,Expenditure deciles,Poland,Income Decile|Rural|D3,0.11271533895189398,mean
Reference,Expenditure deciles,Poland,Savings Rate|Urban|D3,41.63534272530064,mean
Reference,Expenditure deciles,Poland,Household Size|Urban|D3,3.0432683989572693,mean
Reference,Expenditure deciles,Poland,Equivalence Household Size|Urban|D3,1.9052324878266127,mean
Reference,Expenditure deciles,Poland,Expenditure Share|Food|Urban|D3,25.604072514166678,mean
Reference,Expenditure deciles,Poland,Expenditure Share|Energy|Housing|Urban|D3,11.211506234950276,mean
Reference,Expenditure deciles,Poland,Expenditure Share|Energy|Transportation|Urban|D3,3.348792263962482,mean
Reference,Expenditure deciles,Poland,Expenditure Share|Other|Urban|D3,-39.16437101307944,mean
Reference,Expenditure deciles,Poland,Expenditure Decile|Urban|D3,0.06641843421984456,mean
Reference,Expenditure deciles,Poland,Income Decile|Urban|D3,0.11176387504662268,mean
Reference,Expenditure deciles,Poland,Savings Rate|Rural|D4,22.009454279439662,mean
Reference,Expenditure deciles,Poland,Household Size|Rural|D4,3.555916320044192,mean
Reference,Expenditure deciles,Poland,Equivalence Household Size|Rural|D4,2.142638429130304,mean
Reference,Expenditure deciles,Poland,Expenditure Share|Food|Rural|D4,24.91998649852951,mean
Reference,Expenditure deciles,Poland,Expenditure Share|Energy|Housing|Rural|D4,11.464523042756388,mean
Reference,Expenditure deciles,Poland,Expenditure Share|Energy|Transportation|Rural|D4,3.750219008828878,mean
Reference,Expenditure deciles,Poland,Expenditure Share|Other|Rural|D4,-39.13472855011478,mean
Reference,Expenditure deciles,Poland,Expenditure Decile|Rural|D4,0.07642807405607964,mean
Reference,Expenditure deciles,Poland,Income Decile|Rural|D4,0.10724803167384017,mean
Reference,Expenditure deciles,Poland,Savings Rate|Urban|D4,31.16452005465341,mean
Reference,Expenditure deciles,Poland,Household Size|Urban|D4,2.811821428364714,mean
Reference,Expenditure deciles,Poland,Equivalence Household Size|Urban|D4,1.8009402040851763,mean
Reference,Expenditure deciles,Poland,Expenditure Share|Food|Urban|D4,24.926871841885067,mean
Reference,Expenditure deciles,Poland,Expenditure Share|Energy|Housing|Urban|D4,11.292710261549194,mean
Reference,Expenditure deciles,Poland,Expenditure Share|Energy|Transportation|Urban|D4,3.7931638596792165,mean
Reference,Expenditure deciles,Poland,Expenditure Share|Other|Urban|D4,-39.01274596311348,mean
Reference,Expenditure deciles,Poland,Expenditure Decile|Urban|D4,0.07508098172845402,mean
Reference,Expenditure deciles,Poland,Income Decile|Urban|D4,0.10871245183876735,mean
Reference,Expenditure deciles,Poland,Savings Rate|Rural|D5,12.182999695356271,mean
Reference,Expenditure deciles,Poland,Household Size|Rural|D5,3.2372109464693164,mean
Reference,Expenditure deciles,Poland,Equivalence Household Size|Rural|D5,2.0038569670686637,mean
Reference,Expenditure deciles,Poland,Expenditure Share|Food|Rural|D5,24.524948011833654,mean
Reference,Expenditure deciles,Poland,Expenditure Share|Energy|Housing|Rural|D5,11.120965976563118,mean
Reference,Expenditure deciles,Poland,Expenditure Share|Energy|Transportation|Rural|D5,4.151317541854744,mean
Reference,Expenditure deciles,Poland,Expenditure Share|Other|Rural|D5,-38.797231530251516,mean
Reference,Expenditure deciles,Poland,Expenditure Decile|Rural|D5,0.08499418935986111,mean
Reference,Expenditure deciles,Poland,Income Decile|Rural|D5,0.10543163320455146,mean
Reference,Expenditure deciles,Poland,Savings Rate|Urban|D5,19.294039773093203,mean
Reference,Expenditure deciles,Poland,Household Size|Urban|D5,2.587852451253385,mean
Reference,Expenditure deciles,Poland,Equivalence Household Size|Urban|D5,1.700334924933513,mean
Reference,Expenditure deciles,Poland,Expenditure Share|Food|Urban|D5,24.60060940779724,mean
Reference,Expenditure deciles,Poland,Expenditure Share|Energy|Housing|Urban|D5,11.31715326620726,mean
Reference,Expenditure deciles,Poland,Expenditure Share|Energy|Transportation|Urban|D5,4.452913798706192,mean
Reference,Expenditure deciles,Poland,Expenditure Share|Other|Urban|D5,-39.370676472710684,mean
Reference,Expenditure deciles,Poland,Expenditure Decile|Urban|D5,0.08294657415535406,mean
Reference,Expenditure deciles,Poland,Income Decile|Urban|D5,0.10381633299004922,mean
Reference,Expenditure deciles,Poland,Savings Rate|Rural|D6,-3.235214820587767,mean
Reference,Expenditure deciles,Poland,Household Size|Rural|D6,2.9207539588506197,mean
Reference,Expenditure deciles,Poland,Equivalence Household Size|Rural|D6,1.865592977612017,mean
Reference,Expenditure deciles,Poland,Expenditure Share|Food|Rural|D6,23.583569523222437,mean
Reference,Expenditure deciles,Poland,Expenditure Share|Energy|Housing|Rural|D6,11.093974735764126,mean
Reference,Expenditure deciles,Poland,Expenditure Share|Energy|Transportation|Rural|D6,4.554115643254158,mean
Reference,Expenditure deciles,Poland,Expenditure Share|Other|Rural|D6,-38.23165990224072,mean
Reference,Expenditure deciles,Poland,Expenditure Decile|Rural|D6,0.0938894376402873,mean
Reference,Expenditure deciles,Poland,Income Decile|Rural|D6,0.09792944153665603,mean
Reference,Expenditure deciles,Poland,Savings Rate|Urban|D6,7.617402994777622,mean
Reference,Expenditure deciles,Poland,Household Size|Urban|D6,2.435620515786083,mean
Reference,Expenditure deciles,Poland,Equivalence Household Size|Urban|D6,1.6349302192711685,mean
Reference,Expenditure deciles,Poland,Expenditure Share|Food|Urban|D6,23.420769712623002,mean
Reference,Expenditure deciles,Poland,Expenditure Share|Energy|Housing|Urban|D6,11.028746123306398,mean
Reference,Expenditure deciles,Poland,Expenditure Share|Energy|Transportation|Urban|D6,4.4600209105490745,mean
Reference,Expenditure deciles,Poland,Expenditure Share|Other|Urban|D6,-37.90953674647847,mean
Reference,Expenditure deciles,Poland,Expenditure Decile|Urban|D6,0.09332797082028291,mean
Reference,Expenditure deciles,Poland,Income Decile|Urban|D6,0.10179882367586328,mean
Reference,Expenditure deciles,Poland,Savings Rate|Rural|D7,-22.864696681949596,mean
Reference,Expenditure deciles,Poland,Household Size|Rural|D7,2.675982400883872,mean
Reference,Expenditure deciles,Poland,Equivalence Household Size|Rural|D7,1.7506705823909896,mean
Reference,Expenditure deciles,Poland,Expenditure Share|Food|Rural|D7,22.84949927903796,mean
Reference,Expenditure deciles,Poland,Expenditure Share|Energy|Housing|Rural|D7,11.071309520399165,mean
Reference,Expenditure deciles,Poland,Expenditure Share|Energy|Transportation|Rural|D7,4.79157187134003,mean
Reference,Expenditure deciles,Poland,Expenditure Share|Other|Rural|D7,-37.71238067077715,mean
Reference,Expenditure deciles,Poland,Expenditure Decile|Rural|D7,0.10412761037413341,mean
Reference,Expenditure deciles,Poland,Income Decile|Rural|D7,0.09145702325829834,mean
Reference,Expenditure deciles,Poland,Savings Rate|Urban|D7,-9.289534801069832,mean
Reference,Expenditure deciles,Poland,Household Size|Urban|D7,2.1985441398764847,mean
Reference,Expenditure deciles,Poland,Equivalence Household Size|Urban|D7,1.5341924250935597,mean
Reference,Expenditure deciles,Poland,Expenditure Share|Food|Urban|D7,22.750282471473163,mean
Reference,Expenditure deciles,Poland,Expenditure Share|Energy|Housing|Urban|D7,10.507974439090635,mean
Reference,Expenditure deciles,Poland,Expenditure Share|Energy|Transportation|Urban|D7,4.832087362353554,mean
Reference,Expenditure deciles,Poland,Expenditure Share|Other|Urban|D7,-37.090344272917356,mean
Reference,Expenditure deciles,Poland,Expenditure Decile|Urban|D7,0.10323932458727919,mean
Reference,Expenditure deciles,Poland,Income Decile|Urban|D7,0.09277341858922279,mean
Reference,Expenditure deciles,Poland,Savings Rate|Rural|D8,-43.351735070216044,mean
Reference,Expenditure deciles,Poland,Household Size|Rural|D8,2.387667784241322,mean
Reference,Expenditure deciles,Poland,Equivalence Household Size|Rural|D8,1.624762938059313,mean
Reference,Expenditure deciles,Poland,Expenditure Share|Food|Rural|D8,21.96583189798605,mean
Reference,Expenditure deciles,Poland,Expenditure Share|Energy|Housing|Rural|D8,10.43610283465245,mean
Reference,Expenditure deciles,Poland,Expenditure Share|Energy|Transportation|Rural|D8,4.914494692571123,mean
Reference,Expenditure deciles,Poland,Expenditure Share|Other|Rural|D8,-36.31642942520963,mean
Reference,Expenditure deciles,Poland,Expenditure Decile|Rural|D8,0.11739453322470324,mean
Reference,Expenditure deciles,Poland,Income Decile|Rural|D8,0.08652581677132756,mean
Reference,Expenditure deciles,Poland,Savings Rate|Urban|D8,-31.10793579532183,mean
Reference,Expenditure deciles,Poland,Household Size|Urban|D8,1.938224359363834,mean
Reference,Expenditure deciles,Poland,Equivalence Household Size|Urban|D8,1.4222873105287979,mean
Reference,Expenditure deciles,Poland,Expenditure Share|Food|Urban|D8,22.101044636221285,mean
Reference,Expenditure deciles,Poland,Expenditure Share|Energy|Housing|Urban|D8,10.401139558003827,mean
Reference,Expenditure deciles,Poland,Expenditure Share|Energy|Transportation|Urban|D8,5.135851256996364,mean
Reference,Expenditure deciles,Poland,Expenditure Share|Other|Urban|D8,-36.63803545122148,mean
Reference,Expenditure deciles,Poland,Expenditure Decile|Urban|D8,0.1149917752720523,mean
Reference,Expenditure deciles,Poland,Income Decile|Urban|D8,0.0861853693321618,mean
Reference,Expenditure deciles,Poland,Savings Rate|Rural|D9,-84.68826557659538,mean
Reference,Expenditure deciles,Poland,Household Size|Rural|D9,1.9762401017603972,mean
Reference,Expenditure deciles,Poland,Equivalence Household Size|Rural|D9,1.448323097507324,mean
Reference,Expenditure deciles,Poland,Expenditure Share|Food|Rural|D9,20.578575819095082,mean
Reference,Expenditure deciles,Poland,Expenditure Share|Energy|Housing|Rural|D9,10.419100049109044,mean
Reference,Expenditure deciles,Poland,Expenditure Share|Energy|Transportation|Rural|D9,5.142233517038182,mean
Reference,Expenditure deciles,Poland,Expenditure Share|Other|Rural|D9,-35.139909385242305,mean
Reference,Expenditure deciles,Poland,Expenditure Decile|Rural|D9,0.1339933058460934,mean
Reference,Expenditure deciles,Poland,Income Decile|Rural|D9,0.0803851734373861,mean
Reference,Expenditure deciles,Poland,Savings Rate|Urban|D9,-67.80661481946179,mean
Reference,Expenditure deciles,Poland,Household Size|Urban|D9,1.7145696318737866,mean
Reference,Expenditure deciles,Poland,Equivalence Household Size|Urban|D9,1.3234822998655948,mean
Reference,Expenditure deciles,Poland,Expenditure Share|Food|Urban|D9,20.752604993110833,mean
Reference,Expenditure deciles,Poland,Expenditure Share|Energy|Housing|Urban|D9,10.152462411948788,mean
Reference,Expenditure deciles,Poland,Expenditure Share|Energy|Transportation|Urban|D9,5.23373556592235,mean
Reference,Expenditure deciles,Poland,Expenditure Share|Other|Urban|D9,-35.13880297098197,mean
Reference,Expenditure deciles,Poland,Expenditure Decile|Urban|D9,0.13626738337536728,mean
Reference,Expenditure deciles,Poland,Income Decile|Urban|D9,0.08013890636443435,mean
Reference,Expenditure deciles,Poland,Savings Rate|Rural|D10,-238.8884158343823,mean
Reference,Expenditure deciles,Poland,Household Size|Rural|D10,1.7212871715699714,mean
Reference,Expenditure deciles,Poland,Equivalence Household Size|Rural|D10,1.3301334744583624,mean
Reference,Expenditure deciles,Poland,Expenditure Share|Food|Rural|D10,16.390368592838392,mean
Reference,Expenditure deciles,Poland,Expenditure Share|Energy|Housing|Rural|D10,8.736781111123308,mean
Reference,Expenditure deciles,Poland,Expenditure Share|Energy|Transportation|Rural|D10,4.981754173671019,mean
Reference,Expenditure deciles,Poland,Expenditure Share|Other|Rural|D10,-29.10890387763272,mean
Reference,Expenditure deciles,Poland,Expenditure Decile|Rural|D10,0.21654175524765817,mean
Reference,Expenditure deciles,Poland,Income Decile|Rural|D10,0.06966825731073456,mean
Reference,Expenditure deciles,Poland,Savings Rate|Urban|D10,-199.9284220564701,mean
Reference,Expenditure deciles,Poland,Household Size|Urban|D10,1.5488797795777014,mean
Reference,Expenditure deciles,Poland,Equivalence Household Size|Urban|D10,1.2492547835222925,mean
Reference,Expenditure deciles,Poland,Expenditure Share|Food|Urban|D10,16.233003830689633,mean
Reference,Expenditure deciles,Poland,Expenditure Share|Energy|Housing|Urban|D10,8.558488894105329,mean
Reference,Expenditure deciles,Poland,Expenditure Share|Energy|Transportation|Urban|D10,5.095551503554407,mean
Reference,Expenditure deciles,Poland,Expenditure Share|Other|Urban|D10,-28.887044228349367,mean
Reference,Expenditure deciles,Poland,Expenditure Decile|Urban|D10,0.22698317275853028,mean
Reference,Expenditure deciles,Poland,Income Decile|Urban|D10,0.07467894912820974,mean
Reference,Expenditure deciles,Portugal,Savings Rate|Rural|D1,69.25243850785992,mean
Reference,Expenditure deciles,Portugal,Household Size|Rural|D1,3.3751668069164102,mean
Reference,Expenditure deciles,Portugal,Equivalence Household Size|Rural|D1,2.085823200255276,mean
Reference,Expenditure deciles,Portugal,Expenditure Share|Food|Rural|D1,20.44590300543288,mean
Reference,Expenditure deciles,Portugal,Expenditure Share|Energy|Housing|Rural|D1,11.836204277196579,mean
Reference,Expenditure deciles,Portugal,Expenditure Share|Energy|Transportation|Rural|D1,1.6268433978270465,mean
Reference,Expenditure deciles,Portugal,Expenditure Share|Other|Rural|D1,-32.908950680456506,mean
Reference,Expenditure deciles,Portugal,Expenditure Decile|Rural|D1,0.031203519942821764,mean
Reference,Expenditure deciles,Portugal,Income Decile|Rural|D1,0.12562791806911489,mean
Reference,Expenditure deciles,Portugal,Savings Rate|Urban|D1,70.04339470438838,mean
Reference,Expenditure deciles,Portugal,Household Size|Urban|D1,3.4609562413368224,mean
Reference,Expenditure deciles,Portugal,Equivalence Household Size|Urban|D1,2.1161787689128393,mean
Reference,Expenditure deciles,Portugal,Expenditure Share|Food|Urban|D1,20.6934752202888,mean
Reference,Expenditure deciles,Portugal,Expenditure Share|Energy|Housing|Urban|D1,11.38958613054938,mean
Reference,Expenditure deciles,Portugal,Expenditure Share|Energy|Transportation|Urban|D1,2.0577702833957785,mean
Reference,Expenditure deciles,Portugal,Expenditure Share|Other|Urban|D1,-33.14083163423396,mean
Reference,Expenditure deciles,Portugal,Expenditure Decile|Urban|D1,0.03308123625425483,mean
Reference,Expenditure deciles,Portugal,Income Decile|Urban|D1,0.11883097741627044,mean
Reference,Expenditure deciles,Portugal,Savings Rate|Rural|D2,45.69859793577692,mean
Reference,Expenditure deciles,Portugal,Household Size|Rural|D2,2.9973013398247836,mean
Reference,Expenditure deciles,Portugal,Equivalence Household Size|Rural|D2,1.9171560472950075,mean
Reference,Expenditure deciles,Portugal,Expenditure Share|Food|Rural|D2,17.27787156278553,mean
Reference,Expenditure deciles,Portugal,Expenditure Share|Energy|Housing|Rural|D2,10.261663813766,mean
Reference,Expenditure deciles,Portugal,Expenditure Share|Energy|Transportation|Rural|D2,3.980961088157079,mean
Reference,Expenditure deciles,Portugal,Expenditure Share|Other|Rural|D2,-30.520496464708614,mean
Reference,Expenditure deciles,Portugal,Expenditure Decile|Rural|D2,0.049033758988364144,mean
Reference,Expenditure deciles,Portugal,Income Decile|Rural|D2,0.11214602062441496,mean
Reference,Expenditure deciles,Portugal,Savings Rate|Urban|D2,54.89114392077532,mean
Reference,Expenditure deciles,Portugal,Household Size|Urban|D2,3.202614778622558,mean
Reference,Expenditure deciles,Portugal,Equivalence Household Size|Urban|D2,1.9910636901519605,mean
Reference,Expenditure deciles,Portugal,Expenditure Share|Food|Urban|D2,18.99956695234372,mean
Reference,Expenditure deciles,Portugal,Expenditure Share|Energy|Housing|Urban|D2,10.057454846747692,mean
Reference,Expenditure deciles,Portugal,Expenditure Share|Energy|Transportation|Urban|D2,3.9093819450678864,mean
Reference,Expenditure deciles,Portugal,Expenditure Share|Other|Urban|D2,-31.9664037441593,mean
Reference,Expenditure deciles,Portugal,Expenditure Decile|Urban|D2,0.04990430489305941,mean
Reference,Expenditure deciles,Portugal,Income Decile|Urban|D2,0.11256585899867128,mean
Reference,Expenditure deciles,Portugal,Savings Rate|Rural|D3,30.11429891975772,mean
Reference,Expenditure deciles,Portugal,Household Size|Rural|D3,2.7720273477326667,mean
Reference,Expenditure deciles,Portugal,Equivalence Household Size|Rural|D3,1.7974593481799468,mean
Reference,Expenditure deciles,Portugal,Expenditure Share|Food|Rural|D3,18.345854069236722,mean
Reference,Expenditure deciles,Portugal,Expenditure Share|Energy|Housing|Rural|D3,9.249440682463982,mean
Reference,Expenditure deciles,Portugal,Expenditure Share|Energy|Transportation|Rural|D3,5.145124389399202,mean
Reference,Expenditure deciles,Portugal,Expenditure Share|Other|Rural|D3,-31.740419141099906,mean
Reference,Expenditure deciles,Portugal,Expenditure Decile|Rural|D3,0.058956439567738536,mean
Reference,Expenditure deciles,Portugal,Income Decile|Rural|D3,0.10832891411491823,mean
Reference,Expenditure deciles,Portugal,Savings Rate|Urban|D3,41.95019092499244,mean
Reference,Expenditure deciles,Portugal,Household Size|Urban|D3,3.0068927143419892,mean
Reference,Expenditure deciles,Portugal,Equivalence Household Size|Urban|D3,1.9020642785207167,mean
Reference,Expenditure deciles,Portugal,Expenditure Share|Food|Urban|D3,18.55637577987035,mean
Reference,Expenditure deciles,Portugal,Expenditure Share|Energy|Housing|Urban|D3,8.944666480478265,mean
Reference,Expenditure deciles,Portugal,Expenditure Share|Energy|Transportation|Urban|D3,5.111186778916396,mean
Reference,Expenditure deciles,Portugal,Expenditure Share|Other|Urban|D3,-31.61222903926501,mean
Reference,Expenditure deciles,Portugal,Expenditure Decile|Urban|D3,0.061214836601623246,mean
Reference,Expenditure deciles,Portugal,Income Decile|Urban|D3,0.11033520806953101,mean
Reference,Expenditure deciles,Portugal,Savings Rate|Rural|D4,17.05421418011494,mean
Reference,Expenditure deciles,Portugal,Household Size|Rural|D4,2.7700061752505163,mean
Reference,Expenditure deciles,Portugal,Equivalence Household Size|Rural|D4,1.8086777644945753,mean
Reference,Expenditure deciles,Portugal,Expenditure Share|Food|Rural|D4,16.82003177735714,mean
Reference,Expenditure deciles,Portugal,Expenditure Share|Energy|Housing|Rural|D4,7.965816125036591,mean
Reference,Expenditure deciles,Portugal,Expenditure Share|Energy|Transportation|Rural|D4,5.941523565235885,mean
Reference,Expenditure deciles,Portugal,Expenditure Share|Other|Rural|D4,-29.727371467629617,mean
Reference,Expenditure deciles,Portugal,Expenditure Decile|Rural|D4,0.07376615212087415,mean
Reference,Expenditure deciles,Portugal,Income Decile|Rural|D4,0.11266898942466586,mean
Reference,Expenditure deciles,Portugal,Savings Rate|Urban|D4,31.97567444943346,mean
Reference,Expenditure deciles,Portugal,Household Size|Urban|D4,2.7672720659323513,mean
Reference,Expenditure deciles,Portugal,Equivalence Household Size|Urban|D4,1.8047847696449193,mean
Reference,Expenditure deciles,Portugal,Expenditure Share|Food|Urban|D4,18.38896501948149,mean
Reference,Expenditure deciles,Portugal,Expenditure Share|Energy|Housing|Urban|D4,8.146756023701974,mean
Reference,Expenditure deciles,Portugal,Expenditure Share|Energy|Transportation|Urban|D4,5.41153412774798,mean
Reference,Expenditure deciles,Portugal,Expenditure Share|Other|Urban|D4,-30.947255170931445,mean
Reference,Expenditure deciles,Portugal,Expenditure Decile|Urban|D4,0.07049839645454718,mean
Reference,Expenditure deciles,Portugal,Income Decile|Urban|D4,0.10782645680884333,mean
Reference,Expenditure deciles,Portugal,Savings Rate|Rural|D5,-3.499896649199654,mean
Reference,Expenditure deciles,Portugal,Household Size|Rural|D5,2.580366828603209,mean
Reference,Expenditure deciles,Portugal,Equivalence Household Size|Rural|D5,1.7168857019417187,mean
Reference,Expenditure deciles,Portugal,Expenditure Share|Food|Rural|D5,16.145454282045122,mean
Reference,Expenditure deciles,Portugal,Expenditure Share|Energy|Housing|Rural|D5,7.434568585903546,mean
Reference,Expenditure deciles,Portugal,Expenditure Share|Energy|Transportation|Rural|D5,6.480393218274625,mean
Reference,Expenditure deciles,Portugal,Expenditure Share|Other|Rural|D5,-29.06041608622329,mean
Reference,Expenditure deciles,Portugal,Expenditure Decile|Rural|D5,0.08239149022885682,mean
Reference,Expenditure deciles,Portugal,Income Decile|Rural|D5,0.09877551677820769,mean
Reference,Expenditure deciles,Portugal,Savings Rate|Urban|D5,18.28804066083203,mean
Reference,Expenditure deciles,Portugal,Household Size|Urban|D5,2.6834142582104312,mean
Reference,Expenditure deciles,Portugal,Equivalence Household Size|Urban|D5,1.7674791994230867,mean
Reference,Expenditure deciles,Portugal,Expenditure Share|Food|Urban|D5,17.822036466784358,mean
Reference,Expenditure deciles,Portugal,Expenditure Share|Energy|Housing|Urban|D5,7.705281699320597,mean
Reference,Expenditure deciles,Portugal,Expenditure Share|Energy|Transportation|Urban|D5,5.9406074311931345,mean
Reference,Expenditure deciles,Portugal,Expenditure Share|Other|Urban|D5,-30.46792559729809,mean
Reference,Expenditure deciles,Portugal,Expenditure Decile|Urban|D5,0.08359062498420465,mean
Reference,Expenditure deciles,Portugal,Income Decile|Urban|D5,0.09680251697227062,mean
Reference,Expenditure deciles,Portugal,Savings Rate|Rural|D6,-13.601503976545029,mean
Reference,Expenditure deciles,Portugal,Household Size|Rural|D6,2.228779966433676,mean
Reference,Expenditure deciles,Portugal,Equivalence Household Size|Rural|D6,1.5661329323659614,mean
Reference,Expenditure deciles,Portugal,Expenditure Share|Food|Rural|D6,17.284661926510893,mean
Reference,Expenditure deciles,Portugal,Expenditure Share|Energy|Housing|Rural|D6,7.1769531281872,mean
Reference,Expenditure deciles,Portugal,Expenditure Share|Energy|Transportation|Rural|D6,6.487977194694225,mean
Reference,Expenditure deciles,Portugal,Expenditure Share|Other|Rural|D6,-29.949592249392314,mean
Reference,Expenditure deciles,Portugal,Expenditure Decile|Rural|D6,0.089238619588311,mean
Reference,Expenditure deciles,Portugal,Income Decile|Rural|D6,0.10006391080428485,mean
Reference,Expenditure deciles,Portugal,Savings Rate|Urban|D6,6.8815834279206145,mean
Reference,Expenditure deciles,Portugal,Household Size|Urban|D6,2.5061210426283504,mean
Reference,Expenditure deciles,Portugal,Equivalence Household Size|Urban|D6,1.681520937884374,mean
Reference,Expenditure deciles,Portugal,Expenditure Share|Food|Urban|D6,16.967872361632857,mean
Reference,Expenditure deciles,Portugal,Expenditure Share|Energy|Housing|Urban|D6,6.904473043241766,mean
Reference,Expenditure deciles,Portugal,Expenditure Share|Energy|Transportation|Urban|D6,6.776466573377496,mean
Reference,Expenditure deciles,Portugal,Expenditure Share|Other|Urban|D6,-29.64881197825212,mean
Reference,Expenditure deciles,Portugal,Expenditure Decile|Urban|D6,0.09456241365988703,mean
Reference,Expenditure deciles,Portugal,Income Decile|Urban|D6,0.1061860677883385,mean
Reference,Expenditure deciles,Portugal,Savings Rate|Rural|D7,-38.500959044219705,mean
Reference,Expenditure deciles,Portugal,Household Size|Rural|D7,2.1109471702402174,mean
Reference,Expenditure deciles,Portugal,Equivalence Household Size|Rural|D7,1.5008748553172586,mean
Reference,Expenditure deciles,Portugal,Expenditure Share|Food|Rural|D7,17.613380245669312,mean
Reference,Expenditure deciles,Portugal,Expenditure Share|Energy|Housing|Rural|D7,6.7679675524619425,mean
Reference,Expenditure deciles,Portugal,Expenditure Share|Energy|Transportation|Rural|D7,6.565598735232543,mean
Reference,Expenditure deciles,Portugal,Expenditure Share|Other|Rural|D7,-29.946946533363796,mean
Reference,Expenditure deciles,Portugal,Expenditure Decile|Rural|D7,0.10317984419764986,mean
Reference,Expenditure deciles,Portugal,Income Decile|Rural|D7,0.09844059556612407,mean
Reference,Expenditure deciles,Portugal,Savings Rate|Urban|D7,-16.370159038831872,mean
Reference,Expenditure deciles,Portugal,Household Size|Urban|D7,2.239647944697689,mean
Reference,Expenditure deciles,Portugal,Equivalence Household Size|Urban|D7,1.563682771169746,mean
Reference,Expenditure deciles,Portugal,Expenditure Share|Food|Urban|D7,16.609219746907694,mean
Reference,Expenditure deciles,Portugal,Expenditure Share|Energy|Housing|Urban|D7,6.753711612627843,mean
Reference,Expenditure deciles,Portugal,Expenditure Share|Energy|Transportation|Urban|D7,6.218230140292752,mean
Reference,Expenditure deciles,Portugal,Expenditure Share|Other|Urban|D7,-28.58116149982829,mean
Reference,Expenditure deciles,Portugal,Expenditure Decile|Urban|D7,0.10436420348519414,mean
Reference,Expenditure deciles,Portugal,Income Decile|Urban|D7,0.09174706111790666,mean
Reference,Expenditure deciles,Portugal,Savings Rate|Rural|D8,-84.11257530400442,mean
Reference,Expenditure deciles,Portugal,Household Size|Rural|D8,2.22153211129502,mean
Reference,Expenditure deciles,Portugal,Equivalence Household Size|Rural|D8,1.5750646301529336,mean
Reference,Expenditure deciles,Portugal,Expenditure Share|Food|Rural|D8,14.898098081132844,mean
Reference,Expenditure deciles,Portugal,Expenditure Share|Energy|Housing|Rural|D8,6.059260042739972,mean
Reference,Expenditure deciles,Portugal,Expenditure Share|Energy|Transportation|Rural|D8,6.026087873670596,mean
Reference,Expenditure deciles,Portugal,Expenditure Share|Other|Rural|D8,-25.98344599754341,mean
Reference,Expenditure deciles,Portugal,Expenditure Decile|Rural|D8,0.13086152879624058,mean
Reference,Expenditure deciles,Portugal,Income Decile|Rural|D8,0.09172575558523702,mean
Reference,Expenditure deciles,Portugal,Savings Rate|Urban|D8,-48.561778938225196,mean
Reference,Expenditure deciles,Portugal,Household Size|Urban|D8,2.123264279258252,mean
Reference,Expenditure deciles,Portugal,Equivalence Household Size|Urban|D8,1.5123619709955616,mean
Reference,Expenditure deciles,Portugal,Expenditure Share|Food|Urban|D8,15.86251961934339,mean
Reference,Expenditure deciles,Portugal,Expenditure Share|Energy|Housing|Urban|D8,7.039157174806572,mean
Reference,Expenditure deciles,Portugal,Expenditure Share|Energy|Transportation|Urban|D8,6.635358933704006,mean
Reference,Expenditure deciles,Portugal,Expenditure Share|Other|Urban|D8,-28.537035727853972,mean
Reference,Expenditure deciles,Portugal,Expenditure Decile|Urban|D8,0.12299061972280159,mean
Reference,Expenditure deciles,Portugal,Income Decile|Urban|D8,0.09107265414656761,mean
Reference,Expenditure deciles,Portugal,Savings Rate|Rural|D9,-139.6605299141716,mean
Reference,Expenditure deciles,Portugal,Household Size|Rural|D9,1.84258612426165,mean
Reference,Expenditure deciles,Portugal,Equivalence Household Size|Rural|D9,1.3863174426453708,mean
Reference,Expenditure deciles,Portugal,Expenditure Share|Food|Rural|D9,13.54569766350858,mean
Reference,Expenditure deciles,Portugal,Expenditure Share|Energy|Housing|Rural|D9,6.6640196587161435,mean
Reference,Expenditure deciles,Portugal,Expenditure Share|Energy|Transportation|Rural|D9,6.828227975981556,mean
Reference,Expenditure deciles,Portugal,Expenditure Share|Other|Rural|D9,-26.03794529820628,mean
Reference,Expenditure deciles,Portugal,Expenditure Decile|Rural|D9,0.14976905764287554,mean
Reference,Expenditure deciles,Portugal,Income Decile|Rural|D9,0.07791804017744985,mean
Reference,Expenditure deciles,Portugal,Savings Rate|Urban|D9,-93.42158942925154,mean
Reference,Expenditure deciles,Portugal,Household Size|Urban|D9,1.9134668215574846,mean
Reference,Expenditure deciles,Portugal,Equivalence Household Size|Urban|D9,1.4224128195839736,mean
Reference,Expenditure deciles,Portugal,Expenditure Share|Food|Urban|D9,14.417647371832018,mean
Reference,Expenditure deciles,Portugal,Expenditure Share|Energy|Housing|Urban|D9,5.521203917049441,mean
Reference,Expenditure deciles,Portugal,Expenditure Share|Energy|Transportation|Urban|D9,6.681144445891369,mean
Reference,Expenditure deciles,Portugal,Expenditure Share|Other|Urban|D9,-25.61999573477283,mean
Reference,Expenditure deciles,Portugal,Expenditure Decile|Urban|D9,0.15049558467618976,mean
Reference,Expenditure deciles,Portugal,Income Decile|Urban|D9,0.08789305160902036,mean
Reference,Expenditure deciles,Portugal,Savings Rate|Rural|D10,-304.03763926254146,mean
Reference,Expenditure deciles,Portugal,Household Size|Rural|D10,1.518452666441905,mean
Reference,Expenditure deciles,Portugal,Equivalence Household Size|Rural|D10,1.2441301432922969,mean
Reference,Expenditure deciles,Portugal,Expenditure Share|Food|Rural|D10,11.007861955856484,mean
Reference,Expenditure deciles,Portugal,Expenditure Share|Energy|Housing|Rural|D10,4.70748312797539,mean
Reference,Expenditure deciles,Portugal,Expenditure Share|Energy|Transportation|Rural|D10,5.868025444225181,mean
Reference,Expenditure deciles,Portugal,Expenditure Share|Other|Rural|D10,-20.583370528057053,mean
Reference,Expenditure deciles,Portugal,Expenditure Decile|Rural|D10,0.2315995889262677,mean
Reference,Expenditure deciles,Portugal,Income Decile|Rural|D10,0.07430433885558256,mean
Reference,Expenditure deciles,Portugal,Savings Rate|Urban|D10,-232.30033420355463,mean
Reference,Expenditure deciles,Portugal,Household Size|Urban|D10,1.6992613324099861,mean
Reference,Expenditure deciles,Portugal,Equivalence Household Size|Urban|D10,1.31447483683559,mean
Reference,Expenditure deciles,Portugal,Expenditure Share|Food|Urban|D10,11.688907580660976,mean
Reference,Expenditure deciles,Portugal,Expenditure Share|Energy|Housing|Urban|D10,4.525006974946845,mean
Reference,Expenditure deciles,Portugal,Expenditure Share|Energy|Transportation|Urban|D10,5.831541249581326,mean
Reference,Expenditure deciles,Portugal,Expenditure Share|Other|Urban|D10,-21.04545580518915,mean
Reference,Expenditure deciles,Portugal,Expenditure Decile|Urban|D10,0.22929777926823813,mean
Reference,Expenditure deciles,Portugal,Income Decile|Urban|D10,0.07674014707258016,mean
Reference,Expenditure deciles,Romania,Savings Rate|Rural|D1,66.63902445997124,mean
Reference,Expenditure deciles,Romania,Household Size|Rural|D1,4.182145718862508,mean
Reference,Expenditure deciles,Romania,Equivalence Household Size|Rural|D1,2.4371940090506485,mean
Reference,Expenditure deciles,Romania,Expenditure Share|Food|Rural|D1,41.023446391887724,mean
Reference,Expenditure deciles,Romania,Expenditure Share|Energy|Housing|Rural|D1,12.113358711158268,mean
Reference,Expenditure deciles,Romania,Expenditure Share|Energy|Transportation|Rural|D1,0.14538309679158587,mean
Reference,Expenditure deciles,Romania,Expenditure Share|Other|Rural|D1,-52.28218819983758,mean
Reference,Expenditure deciles,Romania,Expenditure Decile|Rural|D1,0.038070280280494445,mean
Reference,Expenditure deciles,Romania,Income Decile|Rural|D1,0.1277147242308616,mean
Reference,Expenditure deciles,Romania,Savings Rate|Urban|D1,73.0037019691316,mean
Reference,Expenditure deciles,Romania,Household Size|Urban|D1,3.7309200799760855,mean
Reference,Expenditure deciles,Romania,Equivalence Household Size|Urban|D1,2.229201587443598,mean
Reference,Expenditure deciles,Romania,Expenditure Share|Food|Urban|D1,41.466298490985594,mean
Reference,Expenditure deciles,Romania,Expenditure Share|Energy|Housing|Urban|D1,11.723300951371089,mean
Reference,Expenditure deciles,Romania,Expenditure Share|Energy|Transportation|Urban|D1,0.12393795653733619,mean
Reference,Expenditure deciles,Romania,Expenditure Share|Other|Urban|D1,-52.31353739889402,mean
Reference,Expenditure deciles,Romania,Expenditure Decile|Urban|D1,0.03887908492728926,mean
Reference,Expenditure deciles,Romania,Income Decile|Urban|D1,0.12034089047078116,mean
Reference,Expenditure deciles,Romania,Savings Rate|Rural|D2,47.732048513009154,mean
Reference,Expenditure deciles,Romania,Household Size|Rural|D2,3.8105893641091995,mean
Reference,Expenditure deciles,Romania,Equivalence Household Size|Rural|D2,2.2469059999559806,mean
Reference,Expenditure deciles,Romania,Expenditure Share|Food|Rural|D2,37.27310543029977,mean
Reference,Expenditure deciles,Romania,Expenditure Share|Energy|Housing|Rural|D2,11.868035889996598,mean
Reference,Expenditure deciles,Romania,Expenditure Share|Energy|Transportation|Rural|D2,0.40186690726206964,mean
Reference,Expenditure deciles,Romania,Expenditure Share|Other|Rural|D2,-48.54300822755844,mean
Reference,Expenditure deciles,Romania,Expenditure Decile|Rural|D2,0.055860745318913656,mean
Reference,Expenditure deciles,Romania,Income Decile|Rural|D2,0.11917908564495452,mean
Reference,Expenditure deciles,Romania,Savings Rate|Urban|D2,60.78230402396584,mean
Reference,Expenditure deciles,Romania,Household Size|Urban|D2,3.2970361334136267,mean
Reference,Expenditure deciles,Romania,Equivalence Household Size|Urban|D2,2.0454423149292484,mean
Reference,Expenditure deciles,Romania,Expenditure Share|Food|Urban|D2,37.51403838697777,mean
Reference,Expenditure deciles,Romania,Expenditure Share|Energy|Housing|Urban|D2,12.281032762566792,mean
Reference,Expenditure deciles,Romania,Expenditure Share|Energy|Transportation|Urban|D2,0.5695837629518254,mean
Reference,Expenditure deciles,Romania,Expenditure Share|Other|Urban|D2,-49.364654912496384,mean
Reference,Expenditure deciles,Romania,Expenditure Decile|Urban|D2,0.05583661954455055,mean
Reference,Expenditure deciles,Romania,Income Decile|Urban|D2,0.11497493144686922,mean
Reference,Expenditure deciles,Romania,Savings Rate|Rural|D3,36.514916146113855,mean
Reference,Expenditure deciles,Romania,Household Size|Rural|D3,3.431584640658883,mean
Reference,Expenditure deciles,Romania,Equivalence Household Size|Rural|D3,2.094131092107706,mean
Reference,Expenditure deciles,Romania,Expenditure Share|Food|Rural|D3,35.96899309149362,mean
Reference,Expenditure deciles,Romania,Expenditure Share|Energy|Housing|Rural|D3,12.052401161017423,mean
Reference,Expenditure deciles,Romania,Expenditure Share|Energy|Transportation|Rural|D3,0.7847245292115618,mean
Reference,Expenditure deciles,Romania,Expenditure Share|Other|Rural|D3,-47.8061187817226,mean
Reference,Expenditure deciles,Romania,Expenditure Decile|Rural|D3,0.06574208918316851,mean
Reference,Expenditure deciles,Romania,Income Decile|Rural|D3,0.11384781848983588,mean
Reference,Expenditure deciles,Romania,Savings Rate|Urban|D3,52.51546914055553,mean
Reference,Expenditure deciles,Romania,Household Size|Urban|D3,3.036938224268315,mean
Reference,Expenditure deciles,Romania,Equivalence Household Size|Urban|D3,1.9189339940204684,mean
Reference,Expenditure deciles,Romania,Expenditure Share|Food|Urban|D3,36.122518439808225,mean
Reference,Expenditure deciles,Romania,Expenditure Share|Energy|Housing|Urban|D3,12.354358792552256,mean
Reference,Expenditure deciles,Romania,Expenditure Share|Energy|Transportation|Urban|D3,0.789143507627212,mean
Reference,Expenditure deciles,Romania,Expenditure Share|Other|Urban|D3,-48.266020739987695,mean
Reference,Expenditure deciles,Romania,Expenditure Decile|Urban|D3,0.06597492377979577,mean
Reference,Expenditure deciles,Romania,Income Decile|Urban|D3,0.11097497413699325,mean
Reference,Expenditure deciles,Romania,Savings Rate|Rural|D4,20.38635453105276,mean
Reference,Expenditure deciles,Romania,Household Size|Rural|D4,3.1952184102285712,mean
Reference,Expenditure deciles,Romania,Equivalence Household Size|Rural|D4,1.9931609774047228,mean
Reference,Expenditure deciles,Romania,Expenditure Share|Food|Rural|D4,33.72194308636361,mean
Reference,Expenditure deciles,Romania,Expenditure Share|Energy|Housing|Rural|D4,12.194741495219374,mean
Reference,Expenditure deciles,Romania,Expenditure Share|Energy|Transportation|Rural|D4,1.1715558167635587,mean
Reference,Expenditure deciles,Romania,Expenditure Share|Other|Rural|D4,-46.08824039834654,mean
Reference,Expenditure deciles,Romania,Expenditure Decile|Rural|D4,0.0774495299584557,mean
Reference,Expenditure deciles,Romania,Income Decile|Rural|D4,0.11103795345786048,mean
Reference,Expenditure deciles,Romania,Savings Rate|Urban|D4,43.23090346905422,mean
Reference,Expenditure deciles,Romania,Household Size|Urban|D4,2.8917203937737024,mean
Reference,Expenditure deciles,Romania,Equivalence Household Size|Urban|D4,1.8589701293787642,mean
Reference,Expenditure deciles,Romania,Expenditure Share|Food|Urban|D4,34.04861294256147,mean
Reference,Expenditure deciles,Romania,Expenditure Share|Energy|Housing|Urban|D4,11.817807609948977,mean
Reference,Expenditure deciles,Romania,Expenditure Share|Energy|Transportation|Urban|D4,1.11460457585672,mean
Reference,Expenditure deciles,Romania,Expenditure Share|Other|Urban|D4,-45.981025128367165,mean
Reference,Expenditure deciles,Romania,Expenditure Decile|Urban|D4,0.0770010040445607,mean
Reference,Expenditure deciles,Romania,Income Decile|Urban|D4,0.1082845257406319,mean
Reference,Expenditure deciles,Romania,Savings Rate|Rural|D5,8.173201033123963,mean
Reference,Expenditure deciles,Romania,Household Size|Rural|D5,2.8437804574912238,mean
Reference,Expenditure deciles,Romania,Equivalence Household Size|Rural|D5,1.839889871202249,mean
Reference,Expenditure deciles,Romania,Expenditure Share|Food|Rural|D5,32.648999983878035,mean
Reference,Expenditure deciles,Romania,Expenditure Share|Energy|Housing|Rural|D5,11.489651490782496,mean
Reference,Expenditure deciles,Romania,Expenditure Share|Energy|Transportation|Rural|D5,1.6749973432139198,mean
Reference,Expenditure deciles,Romania,Expenditure Share|Other|Rural|D5,-44.813648817874444,mean
Reference,Expenditure deciles,Romania,Expenditure Decile|Rural|D5,0.08540737887850287,mean
Reference,Expenditure deciles,Romania,Income Decile|Rural|D5,0.09962017129827168,mean
Reference,Expenditure deciles,Romania,Savings Rate|Urban|D5,33.99546378714542,mean
Reference,Expenditure deciles,Romania,Household Size|Urban|D5,2.6079132650277894,mean
Reference,Expenditure deciles,Romania,Equivalence Household Size|Urban|D5,1.7325780058082187,mean
Reference,Expenditure deciles,Romania,Expenditure Share|Food|Urban|D5,32.89178386738044,mean
Reference,Expenditure deciles,Romania,Expenditure Share|Energy|Housing|Urban|D5,11.787952835734673,mean
Reference,Expenditure deciles,Romania,Expenditure Share|Energy|Transportation|Urban|D5,1.4305155203886766,mean
Reference,Expenditure deciles,Romania,Expenditure Share|Other|Urban|D5,-45.11025222350379,mean
Reference,Expenditure deciles,Romania,Expenditure Decile|Urban|D5,0.08500801941932111,mean
Reference,Expenditure deciles,Romania,Income Decile|Urban|D5,0.10292353370998868,mean
Reference,Expenditure deciles,Romania,Savings Rate|Rural|D6,-3.631549418987698,mean
Reference,Expenditure deciles,Romania,Household Size|Rural|D6,2.6424389627681037,mean
Reference,Expenditure deciles,Romania,Equivalence Household Size|Rural|D6,1.7501467294921582,mean
Reference,Expenditure deciles,Romania,Expenditure Share|Food|Rural|D6,31.912910220323013,mean
Reference,Expenditure deciles,Romania,Expenditure Share|Energy|Housing|Rural|D6,11.11848420373606,mean
Reference,Expenditure deciles,Romania,Expenditure Share|Energy|Transportation|Rural|D6,1.8151569381056165,mean
Reference,Expenditure deciles,Romania,Expenditure Share|Other|Rural|D6,-43.84655136216469,mean
Reference,Expenditure deciles,Romania,Expenditure Decile|Rural|D6,0.09570214313831,mean
Reference,Expenditure deciles,Romania,Income Decile|Rural|D6,0.10082505289383403,mean
Reference,Expenditure deciles,Romania,Savings Rate|Urban|D6,21.88704069787343,mean
Reference,Expenditure deciles,Romania,Household Size|Urban|D6,2.4157095864642684,mean
Reference,Expenditure deciles,Romania,Equivalence Household Size|Urban|D6,1.6487186902646798,mean
Reference,Expenditure deciles,Romania,Expenditure Share|Food|Urban|D6,32.097721415176075,mean
Reference,Expenditure deciles,Romania,Expenditure Share|Energy|Housing|Urban|D6,11.02137908097074,mean
Reference,Expenditure deciles,Romania,Expenditure Share|Energy|Transportation|Urban|D6,1.8120474236063764,mean
Reference,Expenditure deciles,Romania,Expenditure Share|Other|Urban|D6,-43.93114791975319,mean
Reference,Expenditure deciles,Romania,Expenditure Decile|Urban|D6,0.09553569924616455,mean
Reference,Expenditure deciles,Romania,Income Decile|Urban|D6,0.09654447499831335,mean
Reference,Expenditure deciles,Romania,Savings Rate|Rural|D7,-27.63200816724276,mean
Reference,Expenditure deciles,Romania,Household Size|Rural|D7,2.46456312599249,mean
Reference,Expenditure deciles,Romania,Equivalence Household Size|Rural|D7,1.6638586185470015,mean
Reference,Expenditure deciles,Romania,Expenditure Share|Food|Rural|D7,31.048490072383753,mean
Reference,Expenditure deciles,Romania,Expenditure Share|Energy|Housing|Rural|D7,10.84669908567397,mean
Reference,Expenditure deciles,Romania,Expenditure Share|Energy|Transportation|Rural|D7,2.365915077244187,mean
Reference,Expenditure deciles,Romania,Expenditure Share|Other|Rural|D7,-43.261104235301914,mean
Reference,Expenditure deciles,Romania,Expenditure Decile|Rural|D7,0.10735180916656502,mean
Reference,Expenditure deciles,Romania,Income Decile|Rural|D7,0.0911143941797908,mean
Reference,Expenditure deciles,Romania,Savings Rate|Urban|D7,12.682670409057174,mean
Reference,Expenditure deciles,Romania,Household Size|Urban|D7,2.193827954421431,mean
Reference,Expenditure deciles,Romania,Equivalence Household Size|Urban|D7,1.5539841914632988,mean
Reference,Expenditure deciles,Romania,Expenditure Share|Food|Urban|D7,30.812296206804398,mean
Reference,Expenditure deciles,Romania,Expenditure Share|Energy|Housing|Urban|D7,11.443994058367252,mean
Reference,Expenditure deciles,Romania,Expenditure Share|Energy|Transportation|Urban|D7,2.1645245519764247,mean
Reference,Expenditure deciles,Romania,Expenditure Share|Other|Urban|D7,-43.420814817148084,mean
Reference,Expenditure deciles,Romania,Expenditure Decile|Urban|D7,0.10625073858963863,mean
Reference,Expenditure deciles,Romania,Income Decile|Urban|D7,0.09558066118522403,mean
Reference,Expenditure deciles,Romania,Savings Rate|Rural|D8,-46.505294067096095,mean
Reference,Expenditure deciles,Romania,Household Size|Rural|D8,2.125009129954571,mean
Reference,Expenditure deciles,Romania,Equivalence Household Size|Rural|D8,1.5198779172538075,mean
Reference,Expenditure deciles,Romania,Expenditure Share|Food|Rural|D8,28.96393683378775,mean
Reference,Expenditure deciles,Romania,Expenditure Share|Energy|Housing|Rural|D8,11.397445692230688,mean
Reference,Expenditure deciles,Romania,Expenditure Share|Energy|Transportation|Rural|D8,2.7943541059859838,mean
Reference,Expenditure deciles,Romania,Expenditure Share|Other|Rural|D8,-42.15573663200442,mean
Reference,Expenditure deciles,Romania,Expenditure Decile|Rural|D8,0.11823273376738756,mean
Reference,Expenditure deciles,Romania,Income Decile|Rural|D8,0.08765531782381067,mean
Reference,Expenditure deciles,Romania,Savings Rate|Urban|D8,-5.200346632955368,mean
Reference,Expenditure deciles,Romania,Household Size|Urban|D8,2.0402876136217727,mean
Reference,Expenditure deciles,Romania,Equivalence Household Size|Urban|D8,1.479257904772903,mean
Reference,Expenditure deciles,Romania,Expenditure Share|Food|Urban|D8,29.592480260131705,mean
Reference,Expenditure deciles,Romania,Expenditure Share|Energy|Housing|Urban|D8,10.791466008058212,mean
Reference,Expenditure deciles,Romania,Expenditure Share|Energy|Transportation|Urban|D8,2.658435283962429,mean
Reference,Expenditure deciles,Romania,Expenditure Share|Other|Urban|D8,-42.04238155215234,mean
Reference,Expenditure deciles,Romania,Expenditure Decile|Urban|D8,0.12111495938796446,mean
Reference,Expenditure deciles,Romania,Income Decile|Urban|D8,0.09074454268326346,mean
Reference,Expenditure deciles,Romania,Savings Rate|Rural|D9,-92.22946442156298,mean
Reference,Expenditure deciles,Romania,Household Size|Rural|D9,1.8228066882791631,mean
Reference,Expenditure deciles,Romania,Equivalence Household Size|Rural|D9,1.3820170148773252,mean
Reference,Expenditure deciles,Romania,Expenditure Share|Food|Rural|D9,28.09915998602614,mean
Reference,Expenditure deciles,Romania,Expenditure Share|Energy|Housing|Rural|D9,10.256247479312394,mean
Reference,Expenditure deciles,Romania,Expenditure Share|Energy|Transportation|Rural|D9,3.1061198455560834,mean
Reference,Expenditure deciles,Romania,Expenditure Share|Other|Rural|D9,-40.461527310894624,mean
Reference,Expenditure deciles,Romania,Expenditure Decile|Rural|D9,0.1372642649013106,mean
Reference,Expenditure deciles,Romania,Income Decile|Rural|D9,0.07672078356325117,mean
Reference,Expenditure deciles,Romania,Savings Rate|Urban|D9,-31.631623687547975,mean
Reference,Expenditure deciles,Romania,Household Size|Urban|D9,1.7784962126587298,mean
Reference,Expenditure deciles,Romania,Equivalence Household Size|Urban|D9,1.3595614329141905,mean
Reference,Expenditure deciles,Romania,Expenditure Share|Food|Urban|D9,27.423366041802236,mean
Reference,Expenditure deciles,Romania,Expenditure Share|Energy|Housing|Urban|D9,10.344416190541043,mean
Reference,Expenditure deciles,Romania,Expenditure Share|Energy|Transportation|Urban|D9,3.292782891854755,mean
Reference,Expenditure deciles,Romania,Expenditure Share|Other|Urban|D9,-40.060565124198035,mean
Reference,Expenditure deciles,Romania,Expenditure Decile|Urban|D9,0.14013191400824535,mean
Reference,Expenditure deciles,Romania,Income Decile|Urban|D9,0.08357372375911634,mean
Reference,Expenditure deciles,Romania,Savings Rate|Rural|D10,-234.3922450840891,mean
Reference,Expenditure deciles,Romania,Household Size|Rural|D10,1.5987644290238803,mean
Reference,Expenditure deciles,Romania,Equivalence Household Size|Rural|D10,1.2755197720667866,mean
Reference,Expenditure deciles,Romania,Expenditure Share|Food|Rural|D10,23.48189198366173,mean
Reference,Expenditure deciles,Romania,Expenditure Share|Energy|Housing|Rural|D10,9.161918265334167,mean
Reference,Expenditure deciles,Romania,Expenditure Share|Energy|Transportation|Rural|D10,4.569901643865003,mean
Reference,Expenditure deciles,Romania,Expenditure Share|Other|Rural|D10,-36.2137118928609,mean
Reference,Expenditure deciles,Romania,Expenditure Decile|Rural|D10,0.2189190254068916,mean
Reference,Expenditure deciles,Romania,Income Decile|Rural|D10,0.07228469841752923,mean
Reference,Expenditure deciles,Romania,Savings Rate|Urban|D10,-121.39741679889325,mean
Reference,Expenditure deciles,Romania,Household Size|Urban|D10,1.5422927369361124,mean
Reference,Expenditure deciles,Romania,Equivalence Household Size|Urban|D10,1.2482848396689101,mean
Reference,Expenditure deciles,Romania,Expenditure Share|Food|Urban|D10,23.813172317925787,mean
Reference,Expenditure deciles,Romania,Expenditure Share|Energy|Housing|Urban|D10,9.05043466091348,mean
Reference,Expenditure deciles,Romania,Expenditure Share|Energy|Transportation|Urban|D10,4.472069805675527,mean
Reference,Expenditure deciles,Romania,Expenditure Share|Other|Urban|D10,-36.335676784514796,mean
Reference,Expenditure deciles,Romania,Expenditure Decile|Urban|D10,0.21426703705246974,mean
Reference,Expenditure deciles,Romania,Income Decile|Urban|D10,0.07605774186881868,mean
Reference,Expenditure deciles,Slovak Republic,Savings Rate|Rural|D1,71.03653027763505,mean
Reference,Expenditure deciles,Slovak Republic,Household Size|Rural|D1,4.571723012790421,mean
Reference,Expenditure deciles,Slovak Republic,Equivalence Household Size|Rural|D1,2.633806153995755,mean
Reference,Expenditure deciles,Slovak Republic,Expenditure Share|Food|Rural|D1,26.056289660857527,mean
Reference,Expenditure deciles,Slovak Republic,Expenditure Share|Energy|Housing|Rural|D1,17.948944594340666,mean
Reference,Expenditure deciles,Slovak Republic,Expenditure Share|Energy|Transportation|Rural|D1,0.7796468240214902,mean
Reference,Expenditure deciles,Slovak Republic,Expenditure Share|Other|Rural|D1,-43.78488107921968,mean
Reference,Expenditure deciles,Slovak Republic,Expenditure Decile|Rural|D1,0.038496223733318465,mean
Reference,Expenditure deciles,Slovak Republic,Income Decile|Rural|D1,0.12677127350535963,mean
Reference,Expenditure deciles,Slovak Republic,Savings Rate|Urban|D1,70.09508476086792,mean
Reference,Expenditure deciles,Slovak Republic,Household Size|Urban|D1,3.9275738972271634,mean
Reference,Expenditure deciles,Slovak Republic,Equivalence Household Size|Urban|D1,2.3263977138877325,mean
Reference,Expenditure deciles,Slovak Republic,Expenditure Share|Food|Urban|D1,25.301528025121502,mean
Reference,Expenditure deciles,Slovak Republic,Expenditure Share|Energy|Housing|Urban|D1,18.525647679522933,mean
Reference,Expenditure deciles,Slovak Republic,Expenditure Share|Energy|Transportation|Urban|D1,0.8049288511476973,mean
Reference,Expenditure deciles,Slovak Republic,Expenditure Share|Other|Urban|D1,-43.63210455579213,mean
Reference,Expenditure deciles,Slovak Republic,Expenditure Decile|Urban|D1,0.03696123064361249,mean
Reference,Expenditure deciles,Slovak Republic,Income Decile|Urban|D1,0.11776003946916642,mean
Reference,Expenditure deciles,Slovak Republic,Savings Rate|Rural|D2,55.164222857229106,mean
Reference,Expenditure deciles,Slovak Republic,Household Size|Rural|D2,4.058467306097247,mean
Reference,Expenditure deciles,Slovak Republic,Equivalence Household Size|Rural|D2,2.4065310790797168,mean
Reference,Expenditure deciles,Slovak Republic,Expenditure Share|Food|Rural|D2,23.86100628567462,mean
Reference,Expenditure deciles,Slovak Republic,Expenditure Share|Energy|Housing|Rural|D2,17.3316346153227,mean
Reference,Expenditure deciles,Slovak Republic,Expenditure Share|Energy|Transportation|Rural|D2,1.603761137129236,mean
Reference,Expenditure deciles,Slovak Republic,Expenditure Share|Other|Rural|D2,-41.79640203812655,mean
Reference,Expenditure deciles,Slovak Republic,Expenditure Decile|Rural|D2,0.04995288091999853,mean
Reference,Expenditure deciles,Slovak Republic,Income Decile|Rural|D2,0.10630119976068436,mean
Reference,Expenditure deciles,Slovak Republic,Savings Rate|Urban|D2,59.168815658144744,mean
Reference,Expenditure deciles,Slovak Republic,Household Size|Urban|D2,3.4971282038242433,mean
Reference,Expenditure deciles,Slovak Republic,Equivalence Household Size|Urban|D2,2.127561757199356,mean
Reference,Expenditure deciles,Slovak Republic,Expenditure Share|Food|Urban|D2,22.56156080752664,mean
Reference,Expenditure deciles,Slovak Republic,Expenditure Share|Energy|Housing|Urban|D2,17.541221526090286,mean
Reference,Expenditure deciles,Slovak Republic,Expenditure Share|Energy|Transportation|Urban|D2,1.9873248667473309,mean
Reference,Expenditure deciles,Slovak Republic,Expenditure Share|Other|Urban|D2,-41.09010720036426,mean
Reference,Expenditure deciles,Slovak Republic,Expenditure Decile|Urban|D2,0.05175236680858862,mean
Reference,Expenditure deciles,Slovak Republic,Income Decile|Urban|D2,0.11637726463771211,mean
Reference,Expenditure deciles,Slovak Republic,Savings Rate|Rural|D3,51.40067325847215,mean
Reference,Expenditure deciles,Slovak Republic,Household Size|Rural|D3,3.9098240064125442,mean
Reference,Expenditure deciles,Slovak Republic,Equivalence Household Size|Rural|D3,2.361434766274407,mean
Reference,Expenditure deciles,Slovak Republic,Expenditure Share|Food|Rural|D3,22.10525078548118,mean
Reference,Expenditure deciles,Slovak Republic,Expenditure Share|Energy|Housing|Rural|D3,16.187128210469602,mean
Reference,Expenditure deciles,Slovak Republic,Expenditure Share|Energy|Transportation|Rural|D3,3.32509621988687,mean
Reference,Expenditure deciles,Slovak Republic,Expenditure Share|Other|Rural|D3,-40.61747521583765,mean
Reference,Expenditure deciles,Slovak Republic,Expenditure Decile|Rural|D3,0.0616758647668223,mean
Reference,Expenditure deciles,Slovak Republic,Income Decile|Rural|D3,0.11395099231963851,mean
Reference,Expenditure deciles,Slovak Republic,Savings Rate|Urban|D3,49.041678019177326,mean
Reference,Expenditure deciles,Slovak Republic,Household Size|Urban|D3,3.04422907311377,mean
Reference,Expenditure deciles,Slovak Republic,Equivalence Household Size|Urban|D3,1.9338329273866028,mean
Reference,Expenditure deciles,Slovak Republic,Expenditure Share|Food|Urban|D3,23.13099937539028,mean
Reference,Expenditure deciles,Slovak Republic,Expenditure Share|Energy|Housing|Urban|D3,15.780252433137512,mean
Reference,Expenditure deciles,Slovak Republic,Expenditure Share|Energy|Transportation|Urban|D3,2.427172474799188,mean
Reference,Expenditure deciles,Slovak Republic,Expenditure Share|Other|Urban|D3,-40.33842428332698,mean
Reference,Expenditure deciles,Slovak Republic,Expenditure Decile|Urban|D3,0.05928428033790181,mean
Reference,Expenditure deciles,Slovak Republic,Income Decile|Urban|D3,0.10933702877235867,mean
Reference,Expenditure deciles,Slovak Republic,Savings Rate|Rural|D4,37.62851522596355,mean
Reference,Expenditure deciles,Slovak Republic,Household Size|Rural|D4,3.5035816239406223,mean
Reference,Expenditure deciles,Slovak Republic,Equivalence Household Size|Rural|D4,2.1465820533223314,mean
Reference,Expenditure deciles,Slovak Republic,Expenditure Share|Food|Rural|D4,22.233165367426718,mean
Reference,Expenditure deciles,Slovak Republic,Expenditure Share|Energy|Housing|Rural|D4,15.746955084644362,mean
Reference,Expenditure deciles,Slovak Republic,Expenditure Share|Energy|Transportation|Rural|D4,2.6040116136695164,mean
Reference,Expenditure deciles,Slovak Republic,Expenditure Share|Other|Rural|D4,-39.5841320657406,mean
Reference,Expenditure deciles,Slovak Republic,Expenditure Decile|Rural|D4,0.0680597448521517,mean
Reference,Expenditure deciles,Slovak Republic,Income Decile|Rural|D4,0.1043430370949704,mean
Reference,Expenditure deciles,Slovak Republic,Savings Rate|Urban|D4,34.31106224151186,mean
Reference,Expenditure deciles,Slovak Republic,Household Size|Urban|D4,3.007875821391703,mean
Reference,Expenditure deciles,Slovak Republic,Equivalence Household Size|Urban|D4,1.90358692078154,mean
Reference,Expenditure deciles,Slovak Republic,Expenditure Share|Food|Urban|D4,22.038181551128694,mean
Reference,Expenditure deciles,Slovak Republic,Expenditure Share|Energy|Housing|Urban|D4,14.417785524039173,mean
Reference,Expenditure deciles,Slovak Republic,Expenditure Share|Energy|Transportation|Urban|D4,2.925495698989957,mean
Reference,Expenditure deciles,Slovak Republic,Expenditure Share|Other|Urban|D4,-38.381462774157825,mean
Reference,Expenditure deciles,Slovak Republic,Expenditure Decile|Urban|D4,0.06926702923348896,mean
Reference,Expenditure deciles,Slovak Republic,Income Decile|Urban|D4,0.10796697082245374,mean
Reference,Expenditure deciles,Slovak Republic,Savings Rate|Rural|D5,29.132985130708626,mean
Reference,Expenditure deciles,Slovak Republic,Household Size|Rural|D5,3.334484741518719,mean
Reference,Expenditure deciles,Slovak Republic,Equivalence Household Size|Rural|D5,2.0535622600818484,mean
Reference,Expenditure deciles,Slovak Republic,Expenditure Share|Food|Rural|D5,23.18852686256949,mean
Reference,Expenditure deciles,Slovak Republic,Expenditure Share|Energy|Housing|Rural|D5,14.990195952693622,mean
Reference,Expenditure deciles,Slovak Republic,Expenditure Share|Energy|Transportation|Rural|D5,2.435658061786051,mean
Reference,Expenditure deciles,Slovak Republic,Expenditure Share|Other|Rural|D5,-39.61438087704917,mean
Reference,Expenditure deciles,Slovak Republic,Expenditure Decile|Rural|D5,0.07143309417387397,mean
Reference,Expenditure deciles,Slovak Republic,Income Decile|Rural|D5,0.09425731022810185,mean
Reference,Expenditure deciles,Slovak Republic,Savings Rate|Urban|D5,26.6521413105813,mean
Reference,Expenditure deciles,Slovak Republic,Household Size|Urban|D5,2.910099165856519,mean
Reference,Expenditure deciles,Slovak Republic,Equivalence Household Size|Urban|D5,1.8685083469141142,mean
Reference,Expenditure deciles,Slovak Republic,Expenditure Share|Food|Urban|D5,21.58878334000325,mean
Reference,Expenditure deciles,Slovak Republic,Expenditure Share|Energy|Housing|Urban|D5,13.37405982697391,mean
Reference,Expenditure deciles,Slovak Republic,Expenditure Share|Energy|Transportation|Urban|D5,3.9924292787578652,mean
Reference,Expenditure deciles,Slovak Republic,Expenditure Share|Other|Urban|D5,-37.95527244573503,mean
Reference,Expenditure deciles,Slovak Republic,Expenditure Decile|Urban|D5,0.08000783407368055,mean
Reference,Expenditure deciles,Slovak Republic,Income Decile|Urban|D5,0.10390269357594795,mean
Reference,Expenditure deciles,Slovak Republic,Savings Rate|Rural|D6,20.806416382034293,mean
Reference,Expenditure deciles,Slovak Republic,Household Size|Rural|D6,3.0758527486922254,mean
Reference,Expenditure deciles,Slovak Republic,Equivalence Household Size|Rural|D6,1.9625466252861534,mean
Reference,Expenditure deciles,Slovak Republic,Expenditure Share|Food|Rural|D6,21.260387868169257,mean
Reference,Expenditure deciles,Slovak Republic,Expenditure Share|Energy|Housing|Rural|D6,13.457525411978716,mean
Reference,Expenditure deciles,Slovak Republic,Expenditure Share|Energy|Transportation|Rural|D6,3.1253936516447784,mean
Reference,Expenditure deciles,Slovak Republic,Expenditure Share|Other|Rural|D6,-36.84330693179275,mean
Reference,Expenditure deciles,Slovak Republic,Expenditure Decile|Rural|D6,0.08429738156444339,mean
Reference,Expenditure deciles,Slovak Republic,Income Decile|Rural|D6,0.10583988815351217,mean
Reference,Expenditure deciles,Slovak Republic,Savings Rate|Urban|D6,17.78119531364007,mean
Reference,Expenditure deciles,Slovak Republic,Household Size|Urban|D6,2.532320624358157,mean
Reference,Expenditure deciles,Slovak Republic,Equivalence Household Size|Urban|D6,1.7023013573913046,mean
Reference,Expenditure deciles,Slovak Republic,Expenditure Share|Food|Urban|D6,20.08549411300592,mean
Reference,Expenditure deciles,Slovak Republic,Expenditure Share|Energy|Housing|Urban|D6,11.632090831421074,mean
Reference,Expenditure deciles,Slovak Republic,Expenditure Share|Energy|Transportation|Urban|D6,3.5546204369315197,mean
Reference,Expenditure deciles,Slovak Republic,Expenditure Share|Other|Urban|D6,-34.27220538135852,mean
Reference,Expenditure deciles,Slovak Republic,Expenditure Decile|Urban|D6,0.08586424708315207,mean
Reference,Expenditure deciles,Slovak Republic,Income Decile|Urban|D6,0.0973047993272328,mean
Reference,Expenditure deciles,Slovak Republic,Savings Rate|Rural|D7,5.32568387206341,mean
Reference,Expenditure deciles,Slovak Republic,Household Size|Rural|D7,3.2566271728170304,mean
Reference,Expenditure deciles,Slovak Republic,Equivalence Household Size|Rural|D7,2.015840902324088,mean
Reference,Expenditure deciles,Slovak Republic,Expenditure Share|Food|Rural|D7,19.4412814084831,mean
Reference,Expenditure deciles,Slovak Republic,Expenditure Share|Energy|Housing|Rural|D7,11.564930666866346,mean
Reference,Expenditure deciles,Slovak Republic,Expenditure Share|Energy|Transportation|Rural|D7,4.412626164599157,mean
Reference,Expenditure deciles,Slovak Republic,Expenditure Share|Other|Rural|D7,-34.4188382399486,mean
Reference,Expenditure deciles,Slovak Republic,Expenditure Decile|Rural|D7,0.1027153508156791,mean
Reference,Expenditure deciles,Slovak Republic,Income Decile|Rural|D7,0.09936161121262303,mean
Reference,Expenditure deciles,Slovak Republic,Savings Rate|Urban|D7,-3.1067398988902903,mean
Reference,Expenditure deciles,Slovak Republic,Household Size|Urban|D7,2.4504472079535784,mean
Reference,Expenditure deciles,Slovak Republic,Equivalence Household Size|Urban|D7,1.6638821201433625,mean
Reference,Expenditure deciles,Slovak Republic,Expenditure Share|Food|Urban|D7,19.630878357137497,mean
Reference,Expenditure deciles,Slovak Republic,Expenditure Share|Energy|Housing|Urban|D7,12.126069320389185,mean
Reference,Expenditure deciles,Slovak Republic,Expenditure Share|Energy|Transportation|Urban|D7,3.7949893628754627,mean
Reference,Expenditure deciles,Slovak Republic,Expenditure Share|Other|Urban|D7,-34.55193704040215,mean
Reference,Expenditure deciles,Slovak Republic,Expenditure Decile|Urban|D7,0.09646988548617023,mean
Reference,Expenditure deciles,Slovak Republic,Income Decile|Urban|D7,0.09524499906966447,mean
Reference,Expenditure deciles,Slovak Republic,Savings Rate|Rural|D8,-21.034619154004208,mean
Reference,Expenditure deciles,Slovak Republic,Household Size|Rural|D8,2.8023535910150987,mean
Reference,Expenditure deciles,Slovak Republic,Equivalence Household Size|Rural|D8,1.837397356070616,mean
Reference,Expenditure deciles,Slovak Republic,Expenditure Share|Food|Rural|D8,19.2787306364914,mean
Reference,Expenditure deciles,Slovak Republic,Expenditure Share|Energy|Housing|Rural|D8,9.539803109690022,mean
Reference,Expenditure deciles,Slovak Republic,Expenditure Share|Energy|Transportation|Rural|D8,4.3433724237758415,mean
Reference,Expenditure deciles,Slovak Republic,Expenditure Share|Other|Rural|D8,-32.16190616995726,mean
Reference,Expenditure deciles,Slovak Republic,Expenditure Decile|Rural|D8,0.11783786364465211,mean
Reference,Expenditure deciles,Slovak Republic,Income Decile|Rural|D8,0.09102392619505471,mean
Reference,Expenditure deciles,Slovak Republic,Savings Rate|Urban|D8,-19.65906786587097,mean
Reference,Expenditure deciles,Slovak Republic,Household Size|Urban|D8,2.1924220552439233,mean
Reference,Expenditure deciles,Slovak Republic,Equivalence Household Size|Urban|D8,1.5577997822584027,mean
Reference,Expenditure deciles,Slovak Republic,Expenditure Share|Food|Urban|D8,18.08256613263673,mean
Reference,Expenditure deciles,Slovak Republic,Expenditure Share|Energy|Housing|Urban|D8,10.47966221444349,mean
Reference,Expenditure deciles,Slovak Republic,Expenditure Share|Energy|Transportation|Urban|D8,4.477416058650238,mean
Reference,Expenditure deciles,Slovak Republic,Expenditure Share|Other|Urban|D8,-32.039644405730456,mean
Reference,Expenditure deciles,Slovak Republic,Expenditure Decile|Urban|D8,0.1129416102461219,mean
Reference,Expenditure deciles,Slovak Republic,Income Decile|Urban|D8,0.08894004594224018,mean
Reference,Expenditure deciles,Slovak Republic,Savings Rate|Rural|D9,-71.552739793145,mean
Reference,Expenditure deciles,Slovak Republic,Household Size|Rural|D9,2.682879789699408,mean
Reference,Expenditure deciles,Slovak Republic,Equivalence Household Size|Rural|D9,1.7693462411363383,mean
Reference,Expenditure deciles,Slovak Republic,Expenditure Share|Food|Rural|D9,17.062415085815573,mean
Reference,Expenditure deciles,Slovak Republic,Expenditure Share|Energy|Housing|Rural|D9,8.894652769288204,mean
Reference,Expenditure deciles,Slovak Republic,Expenditure Share|Energy|Transportation|Rural|D9,4.7736941474221455,mean
Reference,Expenditure deciles,Slovak Republic,Expenditure Share|Other|Rural|D9,-29.73076200252592,mean
Reference,Expenditure deciles,Slovak Republic,Expenditure Decile|Rural|D9,0.15229229509623957,mean
Reference,Expenditure deciles,Slovak Republic,Income Decile|Rural|D9,0.08102564990907736,mean
Reference,Expenditure deciles,Slovak Republic,Savings Rate|Urban|D9,-72.57155546564715,mean
Reference,Expenditure deciles,Slovak Republic,Household Size|Urban|D9,1.9826946154063825,mean
Reference,Expenditure deciles,Slovak Republic,Equivalence Household Size|Urban|D9,1.4580180093522626,mean
Reference,Expenditure deciles,Slovak Republic,Expenditure Share|Food|Urban|D9,17.564647644086534,mean
Reference,Expenditure deciles,Slovak Republic,Expenditure Share|Energy|Housing|Urban|D9,9.066766720111804,mean
Reference,Expenditure deciles,Slovak Republic,Expenditure Share|Energy|Transportation|Urban|D9,4.476830996197878,mean
Reference,Expenditure deciles,Slovak Republic,Expenditure Share|Other|Urban|D9,-30.108245360396214,mean
Reference,Expenditure deciles,Slovak Republic,Expenditure Decile|Urban|D9,0.13880695832141454,mean
Reference,Expenditure deciles,Slovak Republic,Income Decile|Urban|D9,0.08009937217873563,mean
Reference,Expenditure deciles,Slovak Republic,Savings Rate|Rural|D10,-225.03863255531428,mean
Reference,Expenditure deciles,Slovak Republic,Household Size|Rural|D10,2.2745866154399903,mean
Reference,Expenditure deciles,Slovak Republic,Equivalence Household Size|Rural|D10,1.5742248735744913,mean
Reference,Expenditure deciles,Slovak Republic,Expenditure Share|Food|Rural|D10,12.402097395146548,mean
Reference,Expenditure deciles,Slovak Republic,Expenditure Share|Energy|Housing|Rural|D10,6.055499831599732,mean
Reference,Expenditure deciles,Slovak Republic,Expenditure Share|Energy|Transportation|Rural|D10,5.7375907378985564,mean
Reference,Expenditure deciles,Slovak Republic,Expenditure Share|Other|Rural|D10,-23.195187964644834,mean
Reference,Expenditure deciles,Slovak Republic,Expenditure Decile|Rural|D10,0.25323930043282084,mean
Reference,Expenditure deciles,Slovak Republic,Income Decile|Rural|D10,0.07712511162097781,mean
Reference,Expenditure deciles,Slovak Republic,Savings Rate|Urban|D10,-223.9866818403535,mean
Reference,Expenditure deciles,Slovak Republic,Household Size|Urban|D10,2.04022747975645,mean
Reference,Expenditure deciles,Slovak Republic,Equivalence Household Size|Urban|D10,1.4837990727201973,mean
Reference,Expenditure deciles,Slovak Republic,Expenditure Share|Food|Urban|D10,12.519824592902395,mean
Reference,Expenditure deciles,Slovak Republic,Expenditure Share|Energy|Housing|Urban|D10,5.9792090869044285,mean
Reference,Expenditure deciles,Slovak Republic,Expenditure Share|Energy|Transportation|Urban|D10,5.004647843458423,mean
Reference,Expenditure deciles,Slovak Republic,Expenditure Share|Other|Urban|D10,-22.503681523265247,mean
Reference,Expenditure deciles,Slovak Republic,Expenditure Decile|Urban|D10,0.26864455776586893,mean
Reference,Expenditure deciles,Slovak Republic,Income Decile|Urban|D10,0.0830667862044881,mean
Reference,Expenditure deciles,Spain,Savings Rate|Rural|D1,49.15043485040554,mean
Reference,Expenditure deciles,Spain,Household Size|Rural|D1,3.601297484367132,mean
Reference,Expenditure deciles,Spain,Equivalence Household Size|Rural|D1,2.1785494885778935,mean
Reference,Expenditure deciles,Spain,Expenditure Share|Food|Rural|D1,21.382222142898794,mean
Reference,Expenditure deciles,Spain,Expenditure Share|Energy|Housing|Rural|D1,6.626009582201583,mean
Reference,Expenditure deciles,Spain,Expenditure Share|Energy|Transportation|Rural|D1,1.982461415618027,mean
Reference,Expenditure deciles,Spain,Expenditure Share|Other|Rural|D1,-28.990693140718406,mean
Reference,Expenditure deciles,Spain,Expenditure Decile|Rural|D1,0.036708356342580684,mean
Reference,Expenditure deciles,Spain,Income Decile|Rural|D1,0.12162773506208029,mean
Reference,Expenditure deciles,Spain,Savings Rate|Urban|D1,54.919700751425985,mean
Reference,Expenditure deciles,Spain,Household Size|Urban|D1,3.509875905701851,mean
Reference,Expenditure deciles,Spain,Equivalence Household Size|Urban|D1,2.1402099341466707,mean
Reference,Expenditure deciles,Spain,Expenditure Share|Food|Urban|D1,20.579576064298987,mean
Reference,Expenditure deciles,Spain,Expenditure Share|Energy|Housing|Urban|D1,7.032646188016293,mean
Reference,Expenditure deciles,Spain,Expenditure Share|Energy|Transportation|Urban|D1,1.6519272339288358,mean
Reference,Expenditure deciles,Spain,Expenditure Share|Other|Urban|D1,-28.26414948624411,mean
Reference,Expenditure deciles,Spain,Expenditure Decile|Urban|D1,0.03600674331214099,mean
Reference,Expenditure deciles,Spain,Income Decile|Urban|D1,0.11272677416069479,mean
Reference,Expenditure deciles,Spain,Savings Rate|Rural|D2,27.270252862628887,mean
Reference,Expenditure deciles,Spain,Household Size|Rural|D2,3.1898895315364904,mean
Reference,Expenditure deciles,Spain,Equivalence Household Size|Rural|D2,1.996875820035314,mean
Reference,Expenditure deciles,Spain,Expenditure Share|Food|Rural|D2,19.83407670922512,mean
Reference,Expenditure deciles,Spain,Expenditure Share|Energy|Housing|Rural|D2,6.372194460486973,mean
Reference,Expenditure deciles,Spain,Expenditure Share|Energy|Transportation|Rural|D2,3.382984146181817,mean
Reference,Expenditure deciles,Spain,Expenditure Share|Other|Rural|D2,-28.589255315893908,mean
Reference,Expenditure deciles,Spain,Expenditure Decile|Rural|D2,0.0527744174228878,mean
Reference,Expenditure deciles,Spain,Income Decile|Rural|D2,0.11162736901043181,mean
Reference,Expenditure deciles,Spain,Savings Rate|Urban|D2,35.52476645134355,mean
Reference,Expenditure deciles,Spain,Household Size|Urban|D2,3.1544423149501086,mean
Reference,Expenditure deciles,Spain,Equivalence Household Size|Urban|D2,1.973876180908084,mean
Reference,Expenditure deciles,Spain,Expenditure Share|Food|Urban|D2,20.10252574264312,mean
Reference,Expenditure deciles,Spain,Expenditure Share|Energy|Housing|Urban|D2,6.0578489595764795,mean
Reference,Expenditure deciles,Spain,Expenditure Share|Energy|Transportation|Urban|D2,3.050901190737674,mean
Reference,Expenditure deciles,Spain,Expenditure Share|Other|Urban|D2,-28.21127589295728,mean
Reference,Expenditure deciles,Spain,Expenditure Decile|Urban|D2,0.05288901861257607,mean
Reference,Expenditure deciles,Spain,Income Decile|Urban|D2,0.11154905112266435,mean
Reference,Expenditure deciles,Spain,Savings Rate|Rural|D3,11.491249209768922,mean
Reference,Expenditure deciles,Spain,Household Size|Rural|D3,2.975125000288959,mean
Reference,Expenditure deciles,Spain,Equivalence Household Size|Rural|D3,1.8905174371140816,mean
Reference,Expenditure deciles,Spain,Expenditure Share|Food|Rural|D3,18.29669665487378,mean
Reference,Expenditure deciles,Spain,Expenditure Share|Energy|Housing|Rural|D3,5.554623379592398,mean
Reference,Expenditure deciles,Spain,Expenditure Share|Energy|Transportation|Rural|D3,3.638851258842309,mean
Reference,Expenditure deciles,Spain,Expenditure Share|Other|Rural|D3,-26.490171293308485,mean
Reference,Expenditure deciles,Spain,Expenditure Decile|Rural|D3,0.06362149896467498,mean
Reference,Expenditure deciles,Spain,Income Decile|Rural|D3,0.10662927119276958,mean
Reference,Expenditure deciles,Spain,Savings Rate|Urban|D3,19.23094531390312,mean
Reference,Expenditure deciles,Spain,Household Size|Urban|D3,2.9460442016961887,mean
Reference,Expenditure deciles,Spain,Equivalence Household Size|Urban|D3,1.8857032110453413,mean
Reference,Expenditure deciles,Spain,Expenditure Share|Food|Urban|D3,18.38080195263393,mean
Reference,Expenditure deciles,Spain,Expenditure Share|Energy|Housing|Urban|D3,5.537808529470046,mean
Reference,Expenditure deciles,Spain,Expenditure Share|Energy|Transportation|Urban|D3,3.5368363494897714,mean
Reference,Expenditure deciles,Spain,Expenditure Share|Other|Urban|D3,-26.455446831593743,mean
Reference,Expenditure deciles,Spain,Expenditure Decile|Urban|D3,0.06489597960958882,mean
Reference,Expenditure deciles,Spain,Income Decile|Urban|D3,0.1074813161337667,mean
Reference,Expenditure deciles,Spain,Savings Rate|Rural|D4,-6.805362017486614,mean
Reference,Expenditure deciles,Spain,Household Size|Rural|D4,2.8061850927769543,mean
Reference,Expenditure deciles,Spain,Equivalence Household Size|Rural|D4,1.8197025424860365,mean
Reference,Expenditure deciles,Spain,Expenditure Share|Food|Rural|D4,18.545052304886866,mean
Reference,Expenditure deciles,Spain,Expenditure Share|Energy|Housing|Rural|D4,5.122168816021036,mean
Reference,Expenditure deciles,Spain,Expenditure Share|Energy|Transportation|Rural|D4,4.122591407667026,mean
Reference,Expenditure deciles,Spain,Expenditure Share|Other|Rural|D4,-26.789812528574927,mean
Reference,Expenditure deciles,Spain,Expenditure Decile|Rural|D4,0.0751788907470117,mean
Reference,Expenditure deciles,Spain,Income Decile|Rural|D4,0.10465835476486055,mean
Reference,Expenditure deciles,Spain,Savings Rate|Urban|D4,4.0829995242509,mean
Reference,Expenditure deciles,Spain,Household Size|Urban|D4,2.7511119463539355,mean
Reference,Expenditure deciles,Spain,Equivalence Household Size|Urban|D4,1.7953272267728984,mean
Reference,Expenditure deciles,Spain,Expenditure Share|Food|Urban|D4,18.277456552835286,mean
Reference,Expenditure deciles,Spain,Expenditure Share|Energy|Housing|Urban|D4,5.219092457858476,mean
Reference,Expenditure deciles,Spain,Expenditure Share|Energy|Transportation|Urban|D4,4.050742613256277,mean
Reference,Expenditure deciles,Spain,Expenditure Share|Other|Urban|D4,-26.54729162395004,mean
Reference,Expenditure deciles,Spain,Expenditure Decile|Urban|D4,0.07507869949144719,mean
Reference,Expenditure deciles,Spain,Income Decile|Urban|D4,0.1050851732695945,mean
Reference,Expenditure deciles,Spain,Savings Rate|Rural|D5,-22.38405411845039,mean
Reference,Expenditure deciles,Spain,Household Size|Rural|D5,2.679872261953879,mean
Reference,Expenditure deciles,Spain,Equivalence Household Size|Rural|D5,1.7600124438201374,mean
Reference,Expenditure deciles,Spain,Expenditure Share|Food|Rural|D5,17.676803084652494,mean
Reference,Expenditure deciles,Spain,Expenditure Share|Energy|Housing|Rural|D5,4.982466966660407,mean
Reference,Expenditure deciles,Spain,Expenditure Share|Energy|Transportation|Rural|D5,4.297729315469523,mean
Reference,Expenditure deciles,Spain,Expenditure Share|Other|Rural|D5,-25.956999366782423,mean
Reference,Expenditure deciles,Spain,Expenditure Decile|Rural|D5,0.08577135779089565,mean
Reference,Expenditure deciles,Spain,Income Decile|Rural|D5,0.10278991623072485,mean
Reference,Expenditure deciles,Spain,Savings Rate|Urban|D5,-12.825114832277317,mean
Reference,Expenditure deciles,Spain,Household Size|Urban|D5,2.561133011569095,mean
Reference,Expenditure deciles,Spain,Equivalence Household Size|Urban|D5,1.7131770829088901,mean
Reference,Expenditure deciles,Spain,Expenditure Share|Food|Urban|D5,17.910079432480515,mean
Reference,Expenditure deciles,Spain,Expenditure Share|Energy|Housing|Urban|D5,4.6911487907482154,mean
Reference,Expenditure deciles,Spain,Expenditure Share|Energy|Transportation|Urban|D5,4.440806996874354,mean
Reference,Expenditure deciles,Spain,Expenditure Share|Other|Urban|D5,-26.042035220103084,mean
Reference,Expenditure deciles,Spain,Expenditure Decile|Urban|D5,0.08567967125724436,mean
Reference,Expenditure deciles,Spain,Income Decile|Urban|D5,0.10287130670052924,mean
Reference,Expenditure deciles,Spain,Savings Rate|Rural|D6,-34.59080730932618,mean
Reference,Expenditure deciles,Spain,Household Size|Rural|D6,2.3907932658972113,mean
Reference,Expenditure deciles,Spain,Equivalence Household Size|Rural|D6,1.6376346473552243,mean
Reference,Expenditure deciles,Spain,Expenditure Share|Food|Rural|D6,17.17226591830037,mean
Reference,Expenditure deciles,Spain,Expenditure Share|Energy|Housing|Rural|D6,4.66869250374751,mean
Reference,Expenditure deciles,Spain,Expenditure Share|Energy|Transportation|Rural|D6,4.015674682124626,mean
Reference,Expenditure deciles,Spain,Expenditure Share|Other|Rural|D6,-24.856633104172506,mean
Reference,Expenditure deciles,Spain,Expenditure Decile|Rural|D6,0.09407252921710114,mean
Reference,Expenditure deciles,Spain,Income Decile|Rural|D6,0.09840227633298419,mean
Reference,Expenditure deciles,Spain,Savings Rate|Urban|D6,-26.044217714298185,mean
Reference,Expenditure deciles,Spain,Household Size|Urban|D6,2.461837183378636,mean
Reference,Expenditure deciles,Spain,Equivalence Household Size|Urban|D6,1.6589131041954583,mean
Reference,Expenditure deciles,Spain,Expenditure Share|Food|Urban|D6,16.9771096146421,mean
Reference,Expenditure deciles,Spain,Expenditure Share|Energy|Housing|Urban|D6,4.578857763728759,mean
Reference,Expenditure deciles,Spain,Expenditure Share|Energy|Transportation|Urban|D6,4.444114481177284,mean
Reference,Expenditure deciles,Spain,Expenditure Share|Other|Urban|D6,-25.000081859548146,mean
Reference,Expenditure deciles,Spain,Expenditure Decile|Urban|D6,0.09800352514143768,mean
Reference,Expenditure deciles,Spain,Income Decile|Urban|D6,0.1024147232069742,mean
Reference,Expenditure deciles,Spain,Savings Rate|Rural|D7,-74.02646110221613,mean
Reference,Expenditure deciles,Spain,Household Size|Rural|D7,2.345837172025589,mean
Reference,Expenditure deciles,Spain,Equivalence Household Size|Rural|D7,1.6087513025025726,mean
Reference,Expenditure deciles,Spain,Expenditure Share|Food|Rural|D7,15.72500470380903,mean
Reference,Expenditure deciles,Spain,Expenditure Share|Energy|Housing|Rural|D7,4.192143227958522,mean
Reference,Expenditure deciles,Spain,Expenditure Share|Energy|Transportation|Rural|D7,4.745410883025783,mean
Reference,Expenditure deciles,Spain,Expenditure Share|Other|Rural|D7,-23.662558814793336,mean
Reference,Expenditure deciles,Spain,Expenditure Decile|Rural|D7,0.11007665891448666,mean
Reference,Expenditure deciles,Spain,Income Decile|Rural|D7,0.09471429190191247,mean
Reference,Expenditure deciles,Spain,Savings Rate|Urban|D7,-44.147830641738246,mean
Reference,Expenditure deciles,Spain,Household Size|Urban|D7,2.2233269450167996,mean
Reference,Expenditure deciles,Spain,Equivalence Household Size|Urban|D7,1.5564939490288514,mean
Reference,Expenditure deciles,Spain,Expenditure Share|Food|Urban|D7,16.733333174009985,mean
Reference,Expenditure deciles,Spain,Expenditure Share|Energy|Housing|Urban|D7,4.243060524944153,mean
Reference,Expenditure deciles,Spain,Expenditure Share|Energy|Transportation|Urban|D7,4.690368530884619,mean
Reference,Expenditure deciles,Spain,Expenditure Share|Other|Urban|D7,-24.666762229838756,mean
Reference,Expenditure deciles,Spain,Expenditure Decile|Urban|D7,0.10918158893723949,mean
Reference,Expenditure deciles,Spain,Income Decile|Urban|D7,0.09913810565190971,mean
Reference,Expenditure deciles,Spain,Savings Rate|Rural|D8,-97.05589982969117,mean
Reference,Expenditure deciles,Spain,Household Size|Rural|D8,2.12998144835826,mean
Reference,Expenditure deciles,Spain,Equivalence Household Size|Rural|D8,1.5146830306003727,mean
Reference,Expenditure deciles,Spain,Expenditure Share|Food|Rural|D8,14.864436996282816,mean
Reference,Expenditure deciles,Spain,Expenditure Share|Energy|Housing|Rural|D8,4.072932355052671,mean
Reference,Expenditure deciles,Spain,Expenditure Share|Energy|Transportation|Rural|D8,4.720792037727534,mean
Reference,Expenditure deciles,Spain,Expenditure Share|Other|Rural|D8,-22.65816138906302,mean
Reference,Expenditure deciles,Spain,Expenditure Decile|Rural|D8,0.12672917484386298,mean
Reference,Expenditure deciles,Spain,Income Decile|Rural|D8,0.09558329525343061,mean
Reference,Expenditure deciles,Spain,Savings Rate|Urban|D8,-81.62673483359438,mean
Reference,Expenditure deciles,Spain,Household Size|Urban|D8,2.030520743794253,mean
Reference,Expenditure deciles,Spain,Equivalence Household Size|Urban|D8,1.4711235812441221,mean
Reference,Expenditure deciles,Spain,Expenditure Share|Food|Urban|D8,15.593590451305822,mean
Reference,Expenditure deciles,Spain,Expenditure Share|Energy|Housing|Urban|D8,3.995725066674717,mean
Reference,Expenditure deciles,Spain,Expenditure Share|Energy|Transportation|Urban|D8,4.663478556129151,mean
Reference,Expenditure deciles,Spain,Expenditure Share|Other|Urban|D8,-23.25279407410969,mean
Reference,Expenditure deciles,Spain,Expenditure Decile|Urban|D8,0.12451739611067723,mean
Reference,Expenditure deciles,Spain,Income Decile|Urban|D8,0.09171531403461353,mean
Reference,Expenditure deciles,Spain,Savings Rate|Rural|D9,-136.6495804913545,mean
Reference,Expenditure deciles,Spain,Household Size|Rural|D9,1.8045512564932322,mean
Reference,Expenditure deciles,Spain,Equivalence Household Size|Rural|D9,1.3723051196881553,mean
Reference,Expenditure deciles,Spain,Expenditure Share|Food|Rural|D9,14.612799441036206,mean
Reference,Expenditure deciles,Spain,Expenditure Share|Energy|Housing|Rural|D9,3.6707363241056727,mean
Reference,Expenditure deciles,Spain,Expenditure Share|Energy|Transportation|Rural|D9,4.63012735218385,mean
Reference,Expenditure deciles,Spain,Expenditure Share|Other|Rural|D9,-21.91366311732573,mean
Reference,Expenditure deciles,Spain,Expenditure Decile|Rural|D9,0.1470345166354152,mean
Reference,Expenditure deciles,Spain,Income Decile|Rural|D9,0.08745077773488164,mean
Reference,Expenditure deciles,Spain,Savings Rate|Urban|D9,-119.18268964394984,mean
Reference,Expenditure deciles,Spain,Household Size|Urban|D9,1.7884473985799305,mean
Reference,Expenditure deciles,Spain,Equivalence Household Size|Urban|D9,1.3610022492813743,mean
Reference,Expenditure deciles,Spain,Expenditure Share|Food|Urban|D9,14.268228196347891,mean
Reference,Expenditure deciles,Spain,Expenditure Share|Energy|Housing|Urban|D9,3.8778139902816378,mean
Reference,Expenditure deciles,Spain,Expenditure Share|Energy|Transportation|Urban|D9,4.995737998188597,mean
Reference,Expenditure deciles,Spain,Expenditure Share|Other|Urban|D9,-22.141780184818124,mean
Reference,Expenditure deciles,Spain,Expenditure Decile|Urban|D9,0.14647212764965856,mean
Reference,Expenditure deciles,Spain,Income Decile|Urban|D9,0.0860367491294741,mean
Reference,Expenditure deciles,Spain,Savings Rate|Rural|D10,-288.3518422147401,mean
Reference,Expenditure deciles,Spain,Household Size|Rural|D10,1.5051289315166054,mean
Reference,Expenditure deciles,Spain,Equivalence Household Size|Rural|D10,1.234815784747188,mean
Reference,Expenditure deciles,Spain,Expenditure Share|Food|Rural|D10,12.134633407758619,mean
Reference,Expenditure deciles,Spain,Expenditure Share|Energy|Housing|Rural|D10,3.1500083839307824,mean
Reference,Expenditure deciles,Spain,Expenditure Share|Energy|Transportation|Rural|D10,4.48081061648644,mean
Reference,Expenditure deciles,Spain,Expenditure Share|Other|Rural|D10,-18.76545240817584,mean
Reference,Expenditure deciles,Spain,Expenditure Decile|Rural|D10,0.20803259912108327,mean
Reference,Expenditure deciles,Spain,Income Decile|Rural|D10,0.07651671251592396,mean
Reference,Expenditure deciles,Spain,Savings Rate|Urban|D10,-217.16702033116476,mean
Reference,Expenditure deciles,Spain,Household Size|Urban|D10,1.4747668658122255,mean
Reference,Expenditure deciles,Spain,Equivalence Household Size|Urban|D10,1.2218326868333886,mean
Reference,Expenditure deciles,Spain,Expenditure Share|Food|Urban|D10,12.833785129088561,mean
Reference,Expenditure deciles,Spain,Expenditure Share|Energy|Housing|Urban|D10,3.1347445068019635,mean
Reference,Expenditure deciles,Spain,Expenditure Share|Energy|Transportation|Urban|D10,4.568205933183291,mean
Reference,Expenditure deciles,Spain,Expenditure Share|Other|Urban|D10,-19.536735569073812,mean
Reference,Expenditure deciles,Spain,Expenditure Decile|Urban|D10,0.20727524987798962,mean
Reference,Expenditure deciles,Spain,Income Decile|Urban|D10,0.08098148658977887,mean
Reference,Expenditure deciles,Sweden,Savings Rate|Rural|D1,89.52800138959894,mean
Reference,Expenditure deciles,Sweden,Household Size|Rural|D1,2.7879616154082676,mean
Reference,Expenditure deciles,Sweden,Equivalence Household Size|Rural|D1,1.7762407796233401,mean
Reference,Expenditure deciles,Sweden,Expenditure Share|Food|Rural|D1,36.73554164622522,mean
Reference,Expenditure deciles,Sweden,Expenditure Share|Energy|Housing|Rural|D1,10.212345088943215,mean
Reference,Expenditure deciles,Sweden,Expenditure Share|Energy|Transportation|Rural|D1,0.3357847423708436,mean
Reference,Expenditure deciles,Sweden,Expenditure Share|Other|Rural|D1,-46.28367147753927,mean
Reference,Expenditure deciles,Sweden,Expenditure Decile|Rural|D1,0.01151634302433365,mean
Reference,Expenditure deciles,Sweden,Income Decile|Rural|D1,0.11190381678165147,mean
Reference,Expenditure deciles,Sweden,Savings Rate|Urban|D1,90.96762324045405,mean
Reference,Expenditure deciles,Sweden,Household Size|Urban|D1,2.5794841503428234,mean
Reference,Expenditure deciles,Sweden,Equivalence Household Size|Urban|D1,1.6664895954700345,mean
Reference,Expenditure deciles,Sweden,Expenditure Share|Food|Urban|D1,37.861583934563775,mean
Reference,Expenditure deciles,Sweden,Expenditure Share|Energy|Housing|Urban|D1,12.827719688542775,mean
Reference,Expenditure deciles,Sweden,Expenditure Share|Energy|Transportation|Urban|D1,1.2179120506082364,mean
Reference,Expenditure deciles,Sweden,Expenditure Share|Other|Urban|D1,-50.90721567371478,mean
Reference,Expenditure deciles,Sweden,Expenditure Decile|Urban|D1,0.011687425482685195,mean
Reference,Expenditure deciles,Sweden,Income Decile|Urban|D1,0.11259594260540147,mean
Reference,Expenditure deciles,Sweden,Savings Rate|Rural|D2,74.44130564892565,mean
Reference,Expenditure deciles,Sweden,Household Size|Rural|D2,2.3797793455933993,mean
Reference,Expenditure deciles,Sweden,Equivalence Household Size|Rural|D2,1.6130710148738312,mean
Reference,Expenditure deciles,Sweden,Expenditure Share|Food|Rural|D2,23.288321686065434,mean
Reference,Expenditure deciles,Sweden,Expenditure Share|Energy|Housing|Rural|D2,7.9013577105414505,mean
Reference,Expenditure deciles,Sweden,Expenditure Share|Energy|Transportation|Rural|D2,2.812665116368113,mean
Reference,Expenditure deciles,Sweden,Expenditure Share|Other|Rural|D2,-33.00234451297499,mean
Reference,Expenditure deciles,Sweden,Expenditure Decile|Rural|D2,0.029051671244757455,mean
Reference,Expenditure deciles,Sweden,Income Decile|Rural|D2,0.10178833982341155,mean
Reference,Expenditure deciles,Sweden,Savings Rate|Urban|D2,78.03272979929127,mean
Reference,Expenditure deciles,Sweden,Household Size|Urban|D2,2.4615502975117294,mean
Reference,Expenditure deciles,Sweden,Equivalence Household Size|Urban|D2,1.63334513146843,mean
Reference,Expenditure deciles,Sweden,Expenditure Share|Food|Urban|D2,24.358377768334837,mean
Reference,Expenditure deciles,Sweden,Expenditure Share|Energy|Housing|Urban|D2,7.099074308990383,mean
Reference,Expenditure deciles,Sweden,Expenditure Share|Energy|Transportation|Urban|D2,2.910137056004771,mean
Reference,Expenditure deciles,Sweden,Expenditure Share|Other|Urban|D2,-33.36758913332999,mean
Reference,Expenditure deciles,Sweden,Expenditure Decile|Urban|D2,0.026433981798954124,mean
Reference,Expenditure deciles,Sweden,Income Decile|Urban|D2,0.10783387228086337,mean
Reference,Expenditure deciles,Sweden,Savings Rate|Rural|D3,46.60301335798908,mean
Reference,Expenditure deciles,Sweden,Household Size|Rural|D3,2.698352256792857,mean
Reference,Expenditure deciles,Sweden,Equivalence Household Size|Rural|D3,1.761149939771125,mean
Reference,Expenditure deciles,Sweden,Expenditure Share|Food|Rural|D3,14.908642897208873,mean
Reference,Expenditure deciles,Sweden,Expenditure Share|Energy|Housing|Rural|D3,4.620776603318115,mean
Reference,Expenditure deciles,Sweden,Expenditure Share|Energy|Transportation|Rural|D3,4.891999006179154,mean
Reference,Expenditure deciles,Sweden,Expenditure Share|Other|Rural|D3,-23.421418506706143,mean
Reference,Expenditure deciles,Sweden,Expenditure Decile|Rural|D3,0.059192361709476456,mean
Reference,Expenditure deciles,Sweden,Income Decile|Rural|D3,0.13003984881834346,mean
Reference,Expenditure deciles,Sweden,Savings Rate|Urban|D3,60.06467240298104,mean
Reference,Expenditure deciles,Sweden,Household Size|Urban|D3,2.737975571972639,mean
Reference,Expenditure deciles,Sweden,Equivalence Household Size|Urban|D3,1.7488180649134788,mean
Reference,Expenditure deciles,Sweden,Expenditure Share|Food|Urban|D3,17.714214836669022,mean
Reference,Expenditure deciles,Sweden,Expenditure Share|Energy|Housing|Urban|D3,5.586425649958521,mean
Reference,Expenditure deciles,Sweden,Expenditure Share|Energy|Transportation|Urban|D3,3.84259675741722,mean
Reference,Expenditure deciles,Sweden,Expenditure Share|Other|Urban|D3,-26.143237244044762,mean
Reference,Expenditure deciles,Sweden,Expenditure Decile|Urban|D3,0.05143896358369274,mean
Reference,Expenditure deciles,Sweden,Income Decile|Urban|D3,0.11997833531857892,mean
Reference,Expenditure deciles,Sweden,Savings Rate|Rural|D4,34.04199983756458,mean
Reference,Expenditure deciles,Sweden,Household Size|Rural|D4,2.4552766240262773,mean
Reference,Expenditure deciles,Sweden,Equivalence Household Size|Rural|D4,1.6457943935587973,mean
Reference,Expenditure deciles,Sweden,Expenditure Share|Food|Rural|D4,14.761243003629295,mean
Reference,Expenditure deciles,Sweden,Expenditure Share|Energy|Housing|Rural|D4,3.4663865858953566,mean
Reference,Expenditure deciles,Sweden,Expenditure Share|Energy|Transportation|Rural|D4,4.860922172178943,mean
Reference,Expenditure deciles,Sweden,Expenditure Share|Other|Rural|D4,-22.088551761703595,mean
Reference,Expenditure deciles,Sweden,Expenditure Decile|Rural|D4,0.07422949862735884,mean
Reference,Expenditure deciles,Sweden,Income Decile|Rural|D4,0.10971288655481051,mean
Reference,Expenditure deciles,Sweden,Savings Rate|Urban|D4,42.221492917370895,mean
Reference,Expenditure deciles,Sweden,Household Size|Urban|D4,2.5515884259608375,mean
Reference,Expenditure deciles,Sweden,Equivalence Household Size|Urban|D4,1.6646814512639592,mean
Reference,Expenditure deciles,Sweden,Expenditure Share|Food|Urban|D4,14.372286623995038,mean
Reference,Expenditure deciles,Sweden,Expenditure Share|Energy|Housing|Urban|D4,4.145601223604686,mean
Reference,Expenditure deciles,Sweden,Expenditure Share|Energy|Transportation|Urban|D4,3.922726033774423,mean
Reference,Expenditure deciles,Sweden,Expenditure Share|Other|Urban|D4,-21.440613881374148,mean
Reference,Expenditure deciles,Sweden,Expenditure Decile|Urban|D4,0.07070905867347675,mean
Reference,Expenditure deciles,Sweden,Income Decile|Urban|D4,0.11166335948803095,mean
Reference,Expenditure deciles,Sweden,Savings Rate|Rural|D5,18.334107084799008,mean
Reference,Expenditure deciles,Sweden,Household Size|Rural|D5,2.334709031258823,mean
Reference,Expenditure deciles,Sweden,Equivalence Household Size|Rural|D5,1.5910587146974033,mean
Reference,Expenditure deciles,Sweden,Expenditure Share|Food|Rural|D5,12.543146264562587,mean
Reference,Expenditure deciles,Sweden,Expenditure Share|Energy|Housing|Rural|D5,4.209649162457257,mean
Reference,Expenditure deciles,Sweden,Expenditure Share|Energy|Transportation|Rural|D5,6.135999175006419,mean
Reference,Expenditure deciles,Sweden,Expenditure Share|Other|Rural|D5,-21.888794602026262,mean
Reference,Expenditure deciles,Sweden,Expenditure Decile|Rural|D5,0.09087232584761605,mean
Reference,Expenditure deciles,Sweden,Income Decile|Rural|D5,0.11574256371464961,mean
Reference,Expenditure deciles,Sweden,Savings Rate|Urban|D5,10.179028819730222,mean
Reference,Expenditure deciles,Sweden,Household Size|Urban|D5,2.3069441012826717,mean
Reference,Expenditure deciles,Sweden,Equivalence Household Size|Urban|D5,1.5629257079764738,mean
Reference,Expenditure deciles,Sweden,Expenditure Share|Food|Urban|D5,14.129093071704105,mean
Reference,Expenditure deciles,Sweden,Expenditure Share|Energy|Housing|Urban|D5,4.245213236333611,mean
Reference,Expenditure deciles,Sweden,Expenditure Share|Energy|Transportation|Urban|D5,6.136958137519137,mean
Reference,Expenditure deciles,Sweden,Expenditure Share|Other|Urban|D5,-23.511264445556854,mean
Reference,Expenditure deciles,Sweden,Expenditure Decile|Urban|D5,0.09148666518696778,mean
Reference,Expenditure deciles,Sweden,Income Decile|Urban|D5,0.11408867235429421,mean
Reference,Expenditure deciles,Sweden,Savings Rate|Rural|D6,-7.53296667289042,mean
Reference,Expenditure deciles,Sweden,Household Size|Rural|D6,2.1452963934337306,mean
Reference,Expenditure deciles,Sweden,Equivalence Household Size|Rural|D6,1.5056408589940156,mean
Reference,Expenditure deciles,Sweden,Expenditure Share|Food|Rural|D6,11.61184278110337,mean
Reference,Expenditure deciles,Sweden,Expenditure Share|Energy|Housing|Rural|D6,4.626086028482732,mean
Reference,Expenditure deciles,Sweden,Expenditure Share|Energy|Transportation|Rural|D6,5.0961759890204,mean
Reference,Expenditure deciles,Sweden,Expenditure Share|Other|Rural|D6,-20.334104798606504,mean
Reference,Expenditure deciles,Sweden,Expenditure Decile|Rural|D6,0.10212859477539625,mean
Reference,Expenditure deciles,Sweden,Income Decile|Rural|D6,0.09691720956319878,mean
Reference,Expenditure deciles,Sweden,Savings Rate|Urban|D6,-11.801767943310889,mean
Reference,Expenditure deciles,Sweden,Household Size|Urban|D6,2.0274091417911424,mean
Reference,Expenditure deciles,Sweden,Equivalence Household Size|Urban|D6,1.4633906566231838,mean
Reference,Expenditure deciles,Sweden,Expenditure Share|Food|Urban|D6,12.552079716090454,mean
Reference,Expenditure deciles,Sweden,Expenditure Share|Energy|Housing|Urban|D6,4.680146412001817,mean
Reference,Expenditure deciles,Sweden,Expenditure Share|Energy|Transportation|Urban|D6,4.818504454830263,mean
Reference,Expenditure deciles,Sweden,Expenditure Share|Other|Urban|D6,-21.050730582922533,mean
Reference,Expenditure deciles,Sweden,Expenditure Decile|Urban|D6,0.1046736423917803,mean
Reference,Expenditure deciles,Sweden,Income Decile|Urban|D6,0.10529173071288296,mean
Reference,Expenditure deciles,Sweden,Savings Rate|Rural|D7,-21.1596576406607,mean
Reference,Expenditure deciles,Sweden,Household Size|Rural|D7,2.0201626495586265,mean
Reference,Expenditure deciles,Sweden,Equivalence Household Size|Rural|D7,1.461852718287065,mean
Reference,Expenditure deciles,Sweden,Expenditure Share|Food|Rural|D7,12.349846587010584,mean
Reference,Expenditure deciles,Sweden,Expenditure Share|Energy|Housing|Rural|D7,4.279895521547301,mean
Reference,Expenditure deciles,Sweden,Expenditure Share|Energy|Transportation|Rural|D7,4.828657064480078,mean
Reference,Expenditure deciles,Sweden,Expenditure Share|Other|Rural|D7,-20.458399173037964,mean
Reference,Expenditure deciles,Sweden,Expenditure Decile|Rural|D7,0.11819174229493278,mean
Reference,Expenditure deciles,Sweden,Income Decile|Rural|D7,0.09820126136148631,mean
Reference,Expenditure deciles,Sweden,Savings Rate|Urban|D7,-4.525748761280214,mean
Reference,Expenditure deciles,Sweden,Household Size|Urban|D7,1.9950892231160584,mean
Reference,Expenditure deciles,Sweden,Equivalence Household Size|Urban|D7,1.4346762279330068,mean
Reference,Expenditure deciles,Sweden,Expenditure Share|Food|Urban|D7,12.434116224477483,mean
Reference,Expenditure deciles,Sweden,Expenditure Share|Energy|Housing|Urban|D7,4.371242656497929,mean
Reference,Expenditure deciles,Sweden,Expenditure Share|Energy|Transportation|Urban|D7,5.841537128172073,mean
Reference,Expenditure deciles,Sweden,Expenditure Share|Other|Urban|D7,-21.646896009147486,mean
Reference,Expenditure deciles,Sweden,Expenditure Decile|Urban|D7,0.12250484446872024,mean
Reference,Expenditure deciles,Sweden,Income Decile|Urban|D7,0.10290443717698207,mean
Reference,Expenditure deciles,Sweden,Savings Rate|Rural|D8,-58.33378047718914,mean
Reference,Expenditure deciles,Sweden,Household Size|Rural|D8,1.83470481160506,mean
Reference,Expenditure deciles,Sweden,Equivalence Household Size|Rural|D8,1.3837825810040774,mean
Reference,Expenditure deciles,Sweden,Expenditure Share|Food|Rural|D8,12.657227768420881,mean
Reference,Expenditure deciles,Sweden,Expenditure Share|Energy|Housing|Rural|D8,4.353245640197237,mean
Reference,Expenditure deciles,Sweden,Expenditure Share|Energy|Transportation|Rural|D8,5.857609730709993,mean
Reference,Expenditure deciles,Sweden,Expenditure Share|Other|Rural|D8,-21.868083139328114,mean
Reference,Expenditure deciles,Sweden,Expenditure Decile|Rural|D8,0.1334803224356194,mean
Reference,Expenditure deciles,Sweden,Income Decile|Rural|D8,0.09054499819693791,mean
Reference,Expenditure deciles,Sweden,Savings Rate|Urban|D8,-40.98008908274733,mean
Reference,Expenditure deciles,Sweden,Household Size|Urban|D8,1.7116164204300561,mean
Reference,Expenditure deciles,Sweden,Equivalence Household Size|Urban|D8,1.3093842596866343,mean
Reference,Expenditure deciles,Sweden,Expenditure Share|Food|Urban|D8,10.600520256965579,mean
Reference,Expenditure deciles,Sweden,Expenditure Share|Energy|Housing|Urban|D8,4.468454265921683,mean
Reference,Expenditure deciles,Sweden,Expenditure Share|Energy|Transportation|Urban|D8,5.185790524085766,mean
Reference,Expenditure deciles,Sweden,Expenditure Share|Other|Urban|D8,-19.25476504697303,mean
Reference,Expenditure deciles,Sweden,Expenditure Decile|Urban|D8,0.13633081980678108,mean
Reference,Expenditure deciles,Sweden,Income Decile|Urban|D8,0.08935601382768789,mean
Reference,Expenditure deciles,Sweden,Savings Rate|Rural|D9,-92.26197526789015,mean
Reference,Expenditure deciles,Sweden,Household Size|Rural|D9,1.6746679094652084,mean
Reference,Expenditure deciles,Sweden,Equivalence Household Size|Rural|D9,1.3066909965575073,mean
Reference,Expenditure deciles,Sweden,Expenditure Share|Food|Rural|D9,11.609172708589599,mean
Reference,Expenditure deciles,Sweden,Expenditure Share|Energy|Housing|Rural|D9,4.057710468641589,mean
Reference,Expenditure deciles,Sweden,Expenditure Share|Energy|Transportation|Rural|D9,5.061908394023303,mean
Reference,Expenditure deciles,Sweden,Expenditure Share|Other|Rural|D9,-19.72879157125449,mean
Reference,Expenditure deciles,Sweden,Expenditure Decile|Rural|D9,0.15928250340910338,mean
Reference,Expenditure deciles,Sweden,Income Decile|Rural|D9,0.08084444090620582,mean
Reference,Expenditure deciles,Sweden,Savings Rate|Urban|D9,-104.24068259357178,mean
Reference,Expenditure deciles,Sweden,Household Size|Urban|D9,1.4849210199105547,mean
Reference,Expenditure deciles,Sweden,Equivalence Household Size|Urban|D9,1.224148434694984,mean
Reference,Expenditure deciles,Sweden,Expenditure Share|Food|Urban|D9,11.857532698639096,mean
Reference,Expenditure deciles,Sweden,Expenditure Share|Energy|Housing|Urban|D9,3.828717386856444,mean
Reference,Expenditure deciles,Sweden,Expenditure Share|Energy|Transportation|Urban|D9,5.651484015704402,mean
Reference,Expenditure deciles,Sweden,Expenditure Share|Other|Urban|D9,-20.337734101199942,mean
Reference,Expenditure deciles,Sweden,Expenditure Decile|Urban|D9,0.16142979602164703,mean
Reference,Expenditure deciles,Sweden,Income Decile|Urban|D9,0.07478827157807019,mean
Reference,Expenditure deciles,Sweden,Savings Rate|Rural|D10,-307.8419710479478,mean
Reference,Expenditure deciles,Sweden,Household Size|Rural|D10,1.2496615141672245,mean
Reference,Expenditure deciles,Sweden,Equivalence Household Size|Rural|D10,1.115892898617379,mean
Reference,Expenditure deciles,Sweden,Expenditure Share|Food|Rural|D10,11.492074491293051,mean
Reference,Expenditure deciles,Sweden,Expenditure Share|Energy|Housing|Rural|D10,3.611133419884277,mean
Reference,Expenditure deciles,Sweden,Expenditure Share|Energy|Transportation|Rural|D10,4.341238014997349,mean
Reference,Expenditure deciles,Sweden,Expenditure Share|Other|Rural|D10,-18.444445926174676,mean
Reference,Expenditure deciles,Sweden,Expenditure Decile|Rural|D10,0.22205463663140576,mean
Reference,Expenditure deciles,Sweden,Income Decile|Rural|D10,0.06430463427930462,mean
Reference,Expenditure deciles,Sweden,Savings Rate|Urban|D10,-353.9559161786047,mean
Reference,Expenditure deciles,Sweden,Household Size|Urban|D10,1.2156990307620843,mean
Reference,Expenditure deciles,Sweden,Equivalence Household Size|Urban|D10,1.0978902032679736,mean
Reference,Expenditure deciles,Sweden,Expenditure Share|Food|Urban|D10,11.60030790820272,mean
Reference,Expenditure deciles,Sweden,Expenditure Share|Energy|Housing|Urban|D10,3.0587215938671486,mean
Reference,Expenditure deciles,Sweden,Expenditure Share|Energy|Transportation|Urban|D10,5.605761340983105,mean
Reference,Expenditure deciles,Sweden,Expenditure Share|Other|Urban|D10,-19.264790843052975,mean
Reference,Expenditure deciles,Sweden,Expenditure Decile|Urban|D10,0.22330480258529473,mean
Reference,Expenditure deciles,Sweden,Income Decile|Urban|D10,0.06149936465720803,mean
Reference,Expenditure deciles,Belgium,Expenditure Share|Rural,0.03652051777985983,mean
Reference,Expenditure deciles,Belgium,Income Share|Rural,0.036768489985471865,mean
Reference,Expenditure deciles,Belgium,Expenditure Share|Urban,0.9634794822201401,mean
Reference,Expenditure deciles,Belgium,Income Share|Urban,0.9632315100145281,mean
Reference,Expenditure deciles,Belgium,Expenditure Share|Rural,0.03652051777985983,mean
Reference,Expenditure deciles,Belgium,Income Share|Rural,0.036768489985471865,mean
Reference,Expenditure deciles,Belgium,Expenditure Share|Urban,0.9634794822201401,mean
Reference,Expenditure deciles,Belgium,Income Share|Urban,0.9632315100145281,mean
Reference,Expenditure deciles,Belgium,Expenditure Share|Rural,0.03652051777985983,mean
Reference,Expenditure deciles,Belgium,Income Share|Rural,0.036768489985471865,mean
Reference,Expenditure deciles,Belgium,Expenditure Share|Urban,0.9634794822201401,mean
Reference,Expenditure deciles,Belgium,Income Share|Urban,0.9632315100145281,mean
Reference,Expenditure deciles,Belgium,Expenditure Share|Rural,0.03652051777985983,mean
Reference,Expenditure deciles,Belgium,Income Share|Rural,0.036768489985471865,mean
Reference,Expenditure deciles,Belgium,Expenditure Share|Urban,0.9634794822201401,mean
Reference,Expenditure deciles,Belgium,Income Share|Urban,0.9632315100145281,mean
Reference,Expenditure deciles,Belgium,Expenditure Share|Rural,0.03652051777985983,mean
Reference,Expenditure deciles,Belgium,Income Share|Rural,0.036768489985471865,mean
Reference,Expenditure deciles,Belgium,Expenditure Share|Urban,0.9634794822201401,mean
Reference,Expenditure deciles,Belgium,Income Share|Urban,0.9632315100145281,mean
Reference,Expenditure deciles,Belgium,Expenditure Share|Rural,0.03652051777985983,mean
Reference,Expenditure deciles,Belgium,Income Share|Rural,0.036768489985471865,mean
Reference,Expenditure deciles,Belgium,Expenditure Share|Urban,0.9634794822201401,mean
Reference,Expenditure deciles,Belgium,Income Share|Urban,0.9632315100145281,mean
Reference,Expenditure deciles,Belgium,Expenditure Share|Rural,0.03652051777985983,mean
Reference,Expenditure deciles,Belgium,Income Share|Rural,0.036768489985471865,mean
Reference,Expenditure deciles,Belgium,Expenditure Share|Urban,0.9634794822201401,mean
Reference,Expenditure deciles,Belgium,Income Share|Urban,0.9632315100145281,mean
Reference,Expenditure deciles,Belgium,Expenditure Share|Rural,0.03652051777985983,mean
Reference,Expenditure deciles,Belgium,Income Share|Rural,0.036768489985471865,mean
Reference,Expenditure deciles,Belgium,Expenditure Share|Urban,0.9634794822201401,mean
Reference,Expenditure deciles,Belgium,Income Share|Urban,0.9632315100145281,mean
Reference,Expenditure deciles,Belgium,Expenditure Share|Rural,0.03652051777985983,mean
Reference,Expenditure deciles,Belgium,Income Share|Rural,0.036768489985471865,mean
Reference,Expenditure deciles,Belgium,Expenditure Share|Urban,0.9634794822201401,mean
Reference,Expenditure deciles,Belgium,Income Share|Urban,0.9632315100145281,mean
Reference,Expenditure deciles,Belgium,Expenditure Share|Rural,0.03652051777985983,mean
Reference,Expenditure deciles,Belgium,Income Share|Rural,0.036768489985471865,mean
Reference,Expenditure deciles,Belgium,Expenditure Share|Urban,0.9634794822201401,mean
Reference,Expenditure deciles,Belgium,Income Share|Urban,0.9632315100145281,mean
Reference,Expenditure deciles,Bulgaria,Expenditure Share|Rural,0.20857209979046595,mean
Reference,Expenditure deciles,Bulgaria,Income Share|Rural,0.21332012376470613,mean
Reference,Expenditure deciles,Bulgaria,Expenditure Share|Urban,0.7914279002095341,mean
Reference,Expenditure deciles,Bulgaria,Income Share|Urban,0.7866798762352939,mean
Reference,Expenditure deciles,Bulgaria,Expenditure Share|Rural,0.20857209979046595,mean
Reference,Expenditure deciles,Bulgaria,Income Share|Rural,0.21332012376470613,mean
Reference,Expenditure deciles,Bulgaria,Expenditure Share|Urban,0.7914279002095341,mean
Reference,Expenditure deciles,Bulgaria,Income Share|Urban,0.7866798762352939,mean
Reference,Expenditure deciles,Bulgaria,Expenditure Share|Rural,0.20857209979046595,mean
Reference,Expenditure deciles,Bulgaria,Income Share|Rural,0.21332012376470613,mean
Reference,Expenditure deciles,Bulgaria,Expenditure Share|Urban,0.7914279002095341,mean
Reference,Expenditure deciles,Bulgaria,Income Share|Urban,0.7866798762352939,mean
Reference,Expenditure deciles,Bulgaria,Expenditure Share|Rural,0.20857209979046595,mean
Reference,Expenditure deciles,Bulgaria,Income Share|Rural,0.21332012376470613,mean
Reference,Expenditure deciles,Bulgaria,Expenditure Share|Urban,0.7914279002095341,mean
Reference,Expenditure deciles,Bulgaria,Income Share|Urban,0.7866798762352939,mean
Reference,Expenditure deciles,Bulgaria,Expenditure Share|Rural,0.20857209979046595,mean
Reference,Expenditure deciles,Bulgaria,Income Share|Rural,0.21332012376470613,mean
Reference,Expenditure deciles,Bulgaria,Expenditure Share|Urban,0.7914279002095341,mean
Reference,Expenditure deciles,Bulgaria,Income Share|Urban,0.7866798762352939,mean
Reference,Expenditure deciles,Bulgaria,Expenditure Share|Rural,0.20857209979046595,mean
Reference,Expenditure deciles,Bulgaria,Income Share|Rural,0.21332012376470613,mean
Reference,Expenditure deciles,Bulgaria,Expenditure Share|Urban,0.7914279002095341,mean
Reference,Expenditure deciles,Bulgaria,Income Share|Urban,0.7866798762352939,mean
Reference,Expenditure deciles,Bulgaria,Expenditure Share|Rural,0.20857209979046595,mean
Reference,Expenditure deciles,Bulgaria,Income Share|Rural,0.21332012376470613,mean
Reference,Expenditure deciles,Bulgaria,Expenditure Share|Urban,0.7914279002095341,mean
Reference,Expenditure deciles,Bulgaria,Income Share|Urban,0.7866798762352939,mean
Reference,Expenditure deciles,Bulgaria,Expenditure Share|Rural,0.20857209979046595,mean
Reference,Expenditure deciles,Bulgaria,Income Share|Rural,0.21332012376470613,mean
Reference,Expenditure deciles,Bulgaria,Expenditure Share|Urban,0.7914279002095341,mean
Reference,Expenditure deciles,Bulgaria,Income Share|Urban,0.7866798762352939,mean
Reference,Expenditure deciles,Bulgaria,Expenditure Share|Rural,0.20857209979046595,mean
Reference,Expenditure deciles,Bulgaria,Income Share|Rural,0.21332012376470613,mean
Reference,Expenditure deciles,Bulgaria,Expenditure Share|Urban,0.7914279002095341,mean
Reference,Expenditure deciles,Bulgaria,Income Share|Urban,0.7866798762352939,mean
Reference,Expenditure deciles,Bulgaria,Expenditure Share|Rural,0.20857209979046595,mean
Reference,Expenditure deciles,Bulgaria,Income Share|Rural,0.21332012376470613,mean
Reference,Expenditure deciles,Bulgaria,Expenditure Share|Urban,0.7914279002095341,mean
Reference,Expenditure deciles,Bulgaria,Income Share|Urban,0.7866798762352939,mean
Reference,Expenditure deciles,Croatia,Expenditure Share|Rural,0.4029162793357785,mean
Reference,Expenditure deciles,Croatia,Income Share|Rural,0.3513001095963056,mean
Reference,Expenditure deciles,Croatia,Expenditure Share|Urban,0.5970837206642216,mean
Reference,Expenditure deciles,Croatia,Income Share|Urban,0.6486998904036944,mean
Reference,Expenditure deciles,Croatia,Expenditure Share|Rural,0.4029162793357785,mean
Reference,Expenditure deciles,Croatia,Income Share|Rural,0.3513001095963056,mean
Reference,Expenditure deciles,Croatia,Expenditure Share|Urban,0.5970837206642216,mean
Reference,Expenditure deciles,Croatia,Income Share|Urban,0.6486998904036944,mean
Reference,Expenditure deciles,Croatia,Expenditure Share|Rural,0.4029162793357785,mean
Reference,Expenditure deciles,Croatia,Income Share|Rural,0.3513001095963056,mean
Reference,Expenditure deciles,Croatia,Expenditure Share|Urban,0.5970837206642216,mean
Reference,Expenditure deciles,Croatia,Income Share|Urban,0.6486998904036944,mean
Reference,Expenditure deciles,Croatia,Expenditure Share|Rural,0.4029162793357785,mean
Reference,Expenditure deciles,Croatia,Income Share|Rural,0.3513001095963056,mean
Reference,Expenditure deciles,Croatia,Expenditure Share|Urban,0.5970837206642216,mean
Reference,Expenditure deciles,Croatia,Income Share|Urban,0.6486998904036944,mean
Reference,Expenditure deciles,Croatia,Expenditure Share|Rural,0.4029162793357785,mean
Reference,Expenditure deciles,Croatia,Income Share|Rural,0.3513001095963056,mean
Reference,Expenditure deciles,Croatia,Expenditure Share|Urban,0.5970837206642216,mean
Reference,Expenditure deciles,Croatia,Income Share|Urban,0.6486998904036944,mean
Reference,Expenditure deciles,Croatia,Expenditure Share|Rural,0.4029162793357785,mean
Reference,Expenditure deciles,Croatia,Income Share|Rural,0.3513001095963056,mean
Reference,Expenditure deciles,Croatia,Expenditure Share|Urban,0.5970837206642216,mean
Reference,Expenditure deciles,Croatia,Income Share|Urban,0.6486998904036944,mean
Reference,Expenditure deciles,Croatia,Expenditure Share|Rural,0.4029162793357785,mean
Reference,Expenditure deciles,Croatia,Income Share|Rural,0.3513001095963056,mean
Reference,Expenditure deciles,Croatia,Expenditure Share|Urban,0.5970837206642216,mean
Reference,Expenditure deciles,Croatia,Income Share|Urban,0.6486998904036944,mean
Reference,Expenditure deciles,Croatia,Expenditure Share|Rural,0.4029162793357785,mean
Reference,Expenditure deciles,Croatia,Income Share|Rural,0.3513001095963056,mean
Reference,Expenditure deciles,Croatia,Expenditure Share|Urban,0.5970837206642216,mean
Reference,Expenditure deciles,Croatia,Income Share|Urban,0.6486998904036944,mean
Reference,Expenditure deciles,Croatia,Expenditure Share|Rural,0.4029162793357785,mean
Reference,Expenditure deciles,Croatia,Income Share|Rural,0.3513001095963056,mean
Reference,Expenditure deciles,Croatia,Expenditure Share|Urban,0.5970837206642216,mean
Reference,Expenditure deciles,Croatia,Income Share|Urban,0.6486998904036944,mean
Reference,Expenditure deciles,Croatia,Expenditure Share|Rural,0.4029162793357785,mean
Reference,Expenditure deciles,Croatia,Income Share|Rural,0.3513001095963056,mean
Reference,Expenditure deciles,Croatia,Expenditure Share|Urban,0.5970837206642216,mean
Reference,Expenditure deciles,Croatia,Income Share|Urban,0.6486998904036944,mean
Reference,Expenditure deciles,Cyprus,Expenditure Share|Rural,0.24140324783079276,mean
Reference,Expenditure deciles,Cyprus,Income Share|Rural,0.23694205724672568,mean
Reference,Expenditure deciles,Cyprus,Expenditure Share|Urban,0.7585967521692072,mean
Reference,Expenditure deciles,Cyprus,Income Share|Urban,0.7630579427532743,mean
Reference,Expenditure deciles,Cyprus,Expenditure Share|Rural,0.24140324783079276,mean
Reference,Expenditure deciles,Cyprus,Income Share|Rural,0.23694205724672568,mean
Reference,Expenditure deciles,Cyprus,Expenditure Share|Urban,0.7585967521692072,mean
Reference,Expenditure deciles,Cyprus,Income Share|Urban,0.7630579427532743,mean
Reference,Expenditure deciles,Cyprus,Expenditure Share|Rural,0.24140324783079276,mean
Reference,Expenditure deciles,Cyprus,Income Share|Rural,0.23694205724672568,mean
Reference,Expenditure deciles,Cyprus,Expenditure Share|Urban,0.7585967521692072,mean
Reference,Expenditure deciles,Cyprus,Income Share|Urban,0.7630579427532743,mean
Reference,Expenditure deciles,Cyprus,Expenditure Share|Rural,0.24140324783079276,mean
Reference,Expenditure deciles,Cyprus,Income Share|Rural,0.23694205724672568,mean
Reference,Expenditure deciles,Cyprus,Expenditure Share|Urban,0.7585967521692072,mean
Reference,Expenditure deciles,Cyprus,Income Share|Urban,0.7630579427532743,mean
Reference,Expenditure deciles,Cyprus,Expenditure Share|Rural,0.24140324783079276,mean
Reference,Expenditure deciles,Cyprus,Income Share|Rural,0.23694205724672568,mean
Reference,Expenditure deciles,Cyprus,Expenditure Share|Urban,0.7585967521692072,mean
Reference,Expenditure deciles,Cyprus,Income Share|Urban,0.7630579427532743,mean
Reference,Expenditure deciles,Cyprus,Expenditure Share|Rural,0.24140324783079276,mean
Reference,Expenditure deciles,Cyprus,Income Share|Rural,0.23694205724672568,mean
Reference,Expenditure deciles,Cyprus,Expenditure Share|Urban,0.7585967521692072,mean
Reference,Expenditure deciles,Cyprus,Income Share|Urban,0.7630579427532743,mean
Reference,Expenditure deciles,Cyprus,Expenditure Share|Rural,0.24140324783079276,mean
Reference,Expenditure deciles,Cyprus,Income Share|Rural,0.23694205724672568,mean
Reference,Expenditure deciles,Cyprus,Expenditure Share|Urban,0.7585967521692072,mean
Reference,Expenditure deciles,Cyprus,Income Share|Urban,0.7630579427532743,mean
Reference,Expenditure deciles,Cyprus,Expenditure Share|Rural,0.24140324783079276,mean
Reference,Expenditure deciles,Cyprus,Income Share|Rural,0.23694205724672568,mean
Reference,Expenditure deciles,Cyprus,Expenditure Share|Urban,0.7585967521692072,mean
Reference,Expenditure deciles,Cyprus,Income Share|Urban,0.7630579427532743,mean
Reference,Expenditure deciles,Cyprus,Expenditure Share|Rural,0.24140324783079276,mean
Reference,Expenditure deciles,Cyprus,Income Share|Rural,0.23694205724672568,mean
Reference,Expenditure deciles,Cyprus,Expenditure Share|Urban,0.7585967521692072,mean
Reference,Expenditure deciles,Cyprus,Income Share|Urban,0.7630579427532743,mean
Reference,Expenditure deciles,Cyprus,Expenditure Share|Rural,0.24140324783079276,mean
Reference,Expenditure deciles,Cyprus,Income Share|Rural,0.23694205724672568,mean
Reference,Expenditure deciles,Cyprus,Expenditure Share|Urban,0.7585967521692072,mean
Reference,Expenditure deciles,Cyprus,Income Share|Urban,0.7630579427532743,mean
Reference,Expenditure deciles,Denmark,Expenditure Share|Rural,0.33934261090478746,mean
Reference,Expenditure deciles,Denmark,Income Share|Rural,0.3227827598724867,mean
Reference,Expenditure deciles,Denmark,Expenditure Share|Urban,0.6606573890952127,mean
Reference,Expenditure deciles,Denmark,Income Share|Urban,0.6772172401275133,mean
Reference,Expenditure deciles,Denmark,Expenditure Share|Rural,0.33934261090478746,mean
Reference,Expenditure deciles,Denmark,Income Share|Rural,0.3227827598724867,mean
Reference,Expenditure deciles,Denmark,Expenditure Share|Urban,0.6606573890952127,mean
Reference,Expenditure deciles,Denmark,Income Share|Urban,0.6772172401275133,mean
Reference,Expenditure deciles,Denmark,Expenditure Share|Rural,0.33934261090478746,mean
Reference,Expenditure deciles,Denmark,Income Share|Rural,0.3227827598724867,mean
Reference,Expenditure deciles,Denmark,Expenditure Share|Urban,0.6606573890952127,mean
Reference,Expenditure deciles,Denmark,Income Share|Urban,0.6772172401275133,mean
Reference,Expenditure deciles,Denmark,Expenditure Share|Rural,0.33934261090478746,mean
Reference,Expenditure deciles,Denmark,Income Share|Rural,0.3227827598724867,mean
Reference,Expenditure deciles,Denmark,Expenditure Share|Urban,0.6606573890952127,mean
Reference,Expenditure deciles,Denmark,Income Share|Urban,0.6772172401275133,mean
Reference,Expenditure deciles,Denmark,Expenditure Share|Rural,0.33934261090478746,mean
Reference,Expenditure deciles,Denmark,Income Share|Rural,0.3227827598724867,mean
Reference,Expenditure deciles,Denmark,Expenditure Share|Urban,0.6606573890952127,mean
Reference,Expenditure deciles,Denmark,Income Share|Urban,0.6772172401275133,mean
Reference,Expenditure deciles,Denmark,Expenditure Share|Rural,0.33934261090478746,mean
Reference,Expenditure deciles,Denmark,Income Share|Rural,0.3227827598724867,mean
Reference,Expenditure deciles,Denmark,Expenditure Share|Urban,0.6606573890952127,mean
Reference,Expenditure deciles,Denmark,Income Share|Urban,0.6772172401275133,mean
Reference,Expenditure deciles,Denmark,Expenditure Share|Rural,0.33934261090478746,mean
Reference,Expenditure deciles,Denmark,Income Share|Rural,0.3227827598724867,mean
Reference,Expenditure deciles,Denmark,Expenditure Share|Urban,0.6606573890952127,mean
Reference,Expenditure deciles,Denmark,Income Share|Urban,0.6772172401275133,mean
Reference,Expenditure deciles,Denmark,Expenditure Share|Rural,0.33934261090478746,mean
Reference,Expenditure deciles,Denmark,Income Share|Rural,0.3227827598724867,mean
Reference,Expenditure deciles,Denmark,Expenditure Share|Urban,0.6606573890952127,mean
Reference,Expenditure deciles,Denmark,Income Share|Urban,0.6772172401275133,mean
Reference,Expenditure deciles,Denmark,Expenditure Share|Rural,0.33934261090478746,mean
Reference,Expenditure deciles,Denmark,Income Share|Rural,0.3227827598724867,mean
Reference,Expenditure deciles,Denmark,Expenditure Share|Urban,0.6606573890952127,mean
Reference,Expenditure deciles,Denmark,Income Share|Urban,0.6772172401275133,mean
Reference,Expenditure deciles,Denmark,Expenditure Share|Rural,0.33934261090478746,mean
Reference,Expenditure deciles,Denmark,Income Share|Rural,0.3227827598724867,mean
Reference,Expenditure deciles,Denmark,Expenditure Share|Urban,0.6606573890952127,mean
Reference,Expenditure deciles,Denmark,Income Share|Urban,0.6772172401275133,mean
Reference,Expenditure deciles,Estonia,Expenditure Share|Rural,0.4876507691576348,mean
Reference,Expenditure deciles,Estonia,Income Share|Rural,0.4380262168236993,mean
Reference,Expenditure deciles,Estonia,Expenditure Share|Urban,0.5123492308423652,mean
Reference,Expenditure deciles,Estonia,Income Share|Urban,0.5619737831763006,mean
Reference,Expenditure deciles,Estonia,Expenditure Share|Rural,0.4876507691576348,mean
Reference,Expenditure deciles,Estonia,Income Share|Rural,0.4380262168236993,mean
Reference,Expenditure deciles,Estonia,Expenditure Share|Urban,0.5123492308423652,mean
Reference,Expenditure deciles,Estonia,Income Share|Urban,0.5619737831763006,mean
Reference,Expenditure deciles,Estonia,Expenditure Share|Rural,0.4876507691576348,mean
Reference,Expenditure deciles,Estonia,Income Share|Rural,0.4380262168236993,mean
Reference,Expenditure deciles,Estonia,Expenditure Share|Urban,0.5123492308423652,mean
Reference,Expenditure deciles,Estonia,Income Share|Urban,0.5619737831763006,mean
Reference,Expenditure deciles,Estonia,Expenditure Share|Rural,0.4876507691576348,mean
Reference,Expenditure deciles,Estonia,Income Share|Rural,0.4380262168236993,mean
Reference,Expenditure deciles,Estonia,Expenditure Share|Urban,0.5123492308423652,mean
Reference,Expenditure deciles,Estonia,Income Share|Urban,0.5619737831763006,mean
Reference,Expenditure deciles,Estonia,Expenditure Share|Rural,0.4876507691576348,mean
Reference,Expenditure deciles,Estonia,Income Share|Rural,0.4380262168236993,mean
Reference,Expenditure deciles,Estonia,Expenditure Share|Urban,0.5123492308423652,mean
Reference,Expenditure deciles,Estonia,Income Share|Urban,0.5619737831763006,mean
Reference,Expenditure deciles,Estonia,Expenditure Share|Rural,0.4876507691576348,mean
Reference,Expenditure deciles,Estonia,Income Share|Rural,0.4380262168236993,mean
Reference,Expenditure deciles,Estonia,Expenditure Share|Urban,0.5123492308423652,mean
Reference,Expenditure deciles,Estonia,Income Share|Urban,0.5619737831763006,mean
Reference,Expenditure deciles,Estonia,Expenditure Share|Rural,0.4876507691576348,mean
Reference,Expenditure deciles,Estonia,Income Share|Rural,0.4380262168236993,mean
Reference,Expenditure deciles,Estonia,Expenditure Share|Urban,0.5123492308423652,mean
Reference,Expenditure deciles,Estonia,Income Share|Urban,0.5619737831763006,mean
Reference,Expenditure deciles,Estonia,Expenditure Share|Rural,0.4876507691576348,mean
Reference,Expenditure deciles,Estonia,Income Share|Rural,0.4380262168236993,mean
Reference,Expenditure deciles,Estonia,Expenditure Share|Urban,0.5123492308423652,mean
Reference,Expenditure deciles,Estonia,Income Share|Urban,0.5619737831763006,mean
Reference,Expenditure deciles,Estonia,Expenditure Share|Rural,0.4876507691576348,mean
Reference,Expenditure deciles,Estonia,Income Share|Rural,0.4380262168236993,mean
Reference,Expenditure deciles,Estonia,Expenditure Share|Urban,0.5123492308423652,mean
Reference,Expenditure deciles,Estonia,Income Share|Urban,0.5619737831763006,mean
Reference,Expenditure deciles,Estonia,Expenditure Share|Rural,0.4876507691576348,mean
Reference,Expenditure deciles,Estonia,Income Share|Rural,0.4380262168236993,mean
Reference,Expenditure deciles,Estonia,Expenditure Share|Urban,0.5123492308423652,mean
Reference,Expenditure deciles,Estonia,Income Share|Urban,0.5619737831763006,mean
Reference,Expenditure deciles,Finland,Expenditure Share|Rural,0.2840056999622783,mean
Reference,Expenditure deciles,Finland,Income Share|Rural,0.2951972601171783,mean
Reference,Expenditure deciles,Finland,Expenditure Share|Urban,0.7159943000377218,mean
Reference,Expenditure deciles,Finland,Income Share|Urban,0.7048027398828217,mean
Reference,Expenditure deciles,Finland,Expenditure Share|Rural,0.2840056999622783,mean
Reference,Expenditure deciles,Finland,Income Share|Rural,0.2951972601171783,mean
Reference,Expenditure deciles,Finland,Expenditure Share|Urban,0.7159943000377218,mean
Reference,Expenditure deciles,Finland,Income Share|Urban,0.7048027398828217,mean
Reference,Expenditure deciles,Finland,Expenditure Share|Rural,0.2840056999622783,mean
Reference,Expenditure deciles,Finland,Income Share|Rural,0.2951972601171783,mean
Reference,Expenditure deciles,Finland,Expenditure Share|Urban,0.7159943000377218,mean
Reference,Expenditure deciles,Finland,Income Share|Urban,0.7048027398828217,mean
Reference,Expenditure deciles,Finland,Expenditure Share|Rural,0.2840056999622783,mean
Reference,Expenditure deciles,Finland,Income Share|Rural,0.2951972601171783,mean
Reference,Expenditure deciles,Finland,Expenditure Share|Urban,0.7159943000377218,mean
Reference,Expenditure deciles,Finland,Income Share|Urban,0.7048027398828217,mean
Reference,Expenditure deciles,Finland,Expenditure Share|Rural,0.2840056999622783,mean
Reference,Expenditure deciles,Finland,Income Share|Rural,0.2951972601171783,mean
Reference,Expenditure deciles,Finland,Expenditure Share|Urban,0.7159943000377218,mean
Reference,Expenditure deciles,Finland,Income Share|Urban,0.7048027398828217,mean
Reference,Expenditure deciles,Finland,Expenditure Share|Rural,0.2840056999622783,mean
Reference,Expenditure deciles,Finland,Income Share|Rural,0.2951972601171783,mean
Reference,Expenditure deciles,Finland,Expenditure Share|Urban,0.7159943000377218,mean
Reference,Expenditure deciles,Finland,Income Share|Urban,0.7048027398828217,mean
Reference,Expenditure deciles,Finland,Expenditure Share|Rural,0.2840056999622783,mean
Reference,Expenditure deciles,Finland,Income Share|Rural,0.2951972601171783,mean
Reference,Expenditure deciles,Finland,Expenditure Share|Urban,0.7159943000377218,mean
Reference,Expenditure deciles,Finland,Income Share|Urban,0.7048027398828217,mean
Reference,Expenditure deciles,Finland,Expenditure Share|Rural,0.2840056999622783,mean
Reference,Expenditure deciles,Finland,Income Share|Rural,0.2951972601171783,mean
Reference,Expenditure deciles,Finland,Expenditure Share|Urban,0.7159943000377218,mean
Reference,Expenditure deciles,Finland,Income Share|Urban,0.7048027398828217,mean
Reference,Expenditure deciles,Finland,Expenditure Share|Rural,0.2840056999622783,mean
Reference,Expenditure deciles,Finland,Income Share|Rural,0.2951972601171783,mean
Reference,Expenditure deciles,Finland,Expenditure Share|Urban,0.7159943000377218,mean
Reference,Expenditure deciles,Finland,Income Share|Urban,0.7048027398828217,mean
Reference,Expenditure deciles,Finland,Expenditure Share|Rural,0.2840056999622783,mean
Reference,Expenditure deciles,Finland,Income Share|Rural,0.2951972601171783,mean
Reference,Expenditure deciles,Finland,Expenditure Share|Urban,0.7159943000377218,mean
Reference,Expenditure deciles,Finland,Income Share|Urban,0.7048027398828217,mean
Reference,Expenditure deciles,France,Expenditure Share|Rural,0.3074815716882976,mean
Reference,Expenditure deciles,France,Income Share|Rural,0.3114303511944172,mean
Reference,Expenditure deciles,France,Expenditure Share|Urban,0.6925184283117023,mean
Reference,Expenditure deciles,France,Income Share|Urban,0.6885696488055829,mean
Reference,Expenditure deciles,France,Expenditure Share|Rural,0.3074815716882976,mean
Reference,Expenditure deciles,France,Income Share|Rural,0.3114303511944172,mean
Reference,Expenditure deciles,France,Expenditure Share|Urban,0.6925184283117023,mean
Reference,Expenditure deciles,France,Income Share|Urban,0.6885696488055829,mean
Reference,Expenditure deciles,France,Expenditure Share|Rural,0.3074815716882976,mean
Reference,Expenditure deciles,France,Income Share|Rural,0.3114303511944172,mean
Reference,Expenditure deciles,France,Expenditure Share|Urban,0.6925184283117023,mean
Reference,Expenditure deciles,France,Income Share|Urban,0.6885696488055829,mean
Reference,Expenditure deciles,France,Expenditure Share|Rural,0.3074815716882976,mean
Reference,Expenditure deciles,France,Income Share|Rural,0.3114303511944172,mean
Reference,Expenditure deciles,France,Expenditure Share|Urban,0.6925184283117023,mean
Reference,Expenditure deciles,France,Income Share|Urban,0.6885696488055829,mean
Reference,Expenditure deciles,France,Expenditure Share|Rural,0.3074815716882976,mean
Reference,Expenditure deciles,France,Income Share|Rural,0.3114303511944172,mean
Reference,Expenditure deciles,France,Expenditure Share|Urban,0.6925184283117023,mean
Reference,Expenditure deciles,France,Income Share|Urban,0.6885696488055829,mean
Reference,Expenditure deciles,France,Expenditure Share|Rural,0.3074815716882976,mean
Reference,Expenditure deciles,France,Income Share|Rural,0.3114303511944172,mean
Reference,Expenditure deciles,France,Expenditure Share|Urban,0.6925184283117023,mean
Reference,Expenditure deciles,France,Income Share|Urban,0.6885696488055829,mean
Reference,Expenditure deciles,France,Expenditure Share|Rural,0.3074815716882976,mean
Reference,Expenditure deciles,France,Income Share|Rural,0.3114303511944172,mean
Reference,Expenditure deciles,France,Expenditure Share|Urban,0.6925184283117023,mean
Reference,Expenditure deciles,France,Income Share|Urban,0.6885696488055829,mean
Reference,Expenditure deciles,France,Expenditure Share|Rural,0.3074815716882976,mean
Reference,Expenditure deciles,France,Income Share|Rural,0.3114303511944172,mean
Reference,Expenditure deciles,France,Expenditure Share|Urban,0.6925184283117023,mean
Reference,Expenditure deciles,France,Income Share|Urban,0.6885696488055829,mean
Reference,Expenditure deciles,France,Expenditure Share|Rural,0.3074815716882976,mean
Reference,Expenditure deciles,France,Income Share|Rural,0.3114303511944172,mean
Reference,Expenditure deciles,France,Expenditure Share|Urban,0.6925184283117023,mean
Reference,Expenditure deciles,France,Income Share|Urban,0.6885696488055829,mean
Reference,Expenditure deciles,France,Expenditure Share|Rural,0.3074815716882976,mean
Reference,Expenditure deciles,France,Income Share|Rural,0.3114303511944172,mean
Reference,Expenditure deciles,France,Expenditure Share|Urban,0.6925184283117023,mean
Reference,Expenditure deciles,France,Income Share|Urban,0.6885696488055829,mean
Reference,Expenditure deciles,Germany,Expenditure Share|Rural,0.10193457735708207,mean
Reference,Expenditure deciles,Germany,Income Share|Rural,0.11039440952982776,mean
Reference,Expenditure deciles,Germany,Expenditure Share|Urban,0.8980654226429179,mean
Reference,Expenditure deciles,Germany,Income Share|Urban,0.8896055904701723,mean
Reference,Expenditure deciles,Germany,Expenditure Share|Rural,0.10193457735708207,mean
Reference,Expenditure deciles,Germany,Income Share|Rural,0.11039440952982776,mean
Reference,Expenditure deciles,Germany,Expenditure Share|Urban,0.8980654226429179,mean
Reference,Expenditure deciles,Germany,Income Share|Urban,0.8896055904701723,mean
Reference,Expenditure deciles,Germany,Expenditure Share|Rural,0.10193457735708207,mean
Reference,Expenditure deciles,Germany,Income Share|Rural,0.11039440952982776,mean
Reference,Expenditure deciles,Germany,Expenditure Share|Urban,0.8980654226429179,mean
Reference,Expenditure deciles,Germany,Income Share|Urban,0.8896055904701723,mean
Reference,Expenditure deciles,Germany,Expenditure Share|Rural,0.10193457735708207,mean
Reference,Expenditure deciles,Germany,Income Share|Rural,0.11039440952982776,mean
Reference,Expenditure deciles,Germany,Expenditure Share|Urban,0.8980654226429179,mean
Reference,Expenditure deciles,Germany,Income Share|Urban,0.8896055904701723,mean
Reference,Expenditure deciles,Germany,Expenditure Share|Rural,0.10193457735708207,mean
Reference,Expenditure deciles,Germany,Income Share|Rural,0.11039440952982776,mean
Reference,Expenditure deciles,Germany,Expenditure Share|Urban,0.8980654226429179,mean
Reference,Expenditure deciles,Germany,Income Share|Urban,0.8896055904701723,mean
Reference,Expenditure deciles,Germany,Expenditure Share|Rural,0.10193457735708207,mean
Reference,Expenditure deciles,Germany,Income Share|Rural,0.11039440952982776,mean
Reference,Expenditure deciles,Germany,Expenditure Share|Urban,0.8980654226429179,mean
Reference,Expenditure deciles,Germany,Income Share|Urban,0.8896055904701723,mean
Reference,Expenditure deciles,Germany,Expenditure Share|Rural,0.10193457735708207,mean
Reference,Expenditure deciles,Germany,Income Share|Rural,0.11039440952982776,mean
Reference,Expenditure deciles,Germany,Expenditure Share|Urban,0.8980654226429179,mean
Reference,Expenditure deciles,Germany,Income Share|Urban,0.8896055904701723,mean
Reference,Expenditure deciles,Germany,Expenditure Share|Rural,0.10193457735708207,mean
Reference,Expenditure deciles,Germany,Income Share|Rural,0.11039440952982776,mean
Reference,Expenditure deciles,Germany,Expenditure Share|Urban,0.8980654226429179,mean
Reference,Expenditure deciles,Germany,Income Share|Urban,0.8896055904701723,mean
Reference,Expenditure deciles,Germany,Expenditure Share|Rural,0.10193457735708207,mean
Reference,Expenditure deciles,Germany,Income Share|Rural,0.11039440952982776,mean
Reference,Expenditure deciles,Germany,Expenditure Share|Urban,0.8980654226429179,mean
Reference,Expenditure deciles,Germany,Income Share|Urban,0.8896055904701723,mean
Reference,Expenditure deciles,Germany,Expenditure Share|Rural,0.10193457735708207,mean
Reference,Expenditure deciles,Germany,Income Share|Rural,0.11039440952982776,mean
Reference,Expenditure deciles,Germany,Expenditure Share|Urban,0.8980654226429179,mean
Reference,Expenditure deciles,Germany,Income Share|Urban,0.8896055904701723,mean
Reference,Expenditure deciles,Greece,Expenditure Share|Rural,0.2789678931998048,mean
Reference,Expenditure deciles,Greece,Income Share|Rural,0.26180599516926273,mean
Reference,Expenditure deciles,Greece,Expenditure Share|Urban,0.7210321068001951,mean
Reference,Expenditure deciles,Greece,Income Share|Urban,0.7381940048307374,mean
Reference,Expenditure deciles,Greece,Expenditure Share|Rural,0.2789678931998048,mean
Reference,Expenditure deciles,Greece,Income Share|Rural,0.26180599516926273,mean
Reference,Expenditure deciles,Greece,Expenditure Share|Urban,0.7210321068001951,mean
Reference,Expenditure deciles,Greece,Income Share|Urban,0.7381940048307374,mean
Reference,Expenditure deciles,Greece,Expenditure Share|Rural,0.2789678931998048,mean
Reference,Expenditure deciles,Greece,Income Share|Rural,0.26180599516926273,mean
Reference,Expenditure deciles,Greece,Expenditure Share|Urban,0.7210321068001951,mean
Reference,Expenditure deciles,Greece,Income Share|Urban,0.7381940048307374,mean
Reference,Expenditure deciles,Greece,Expenditure Share|Rural,0.2789678931998048,mean
Reference,Expenditure deciles,Greece,Income Share|Rural,0.26180599516926273,mean
Reference,Expenditure deciles,Greece,Expenditure Share|Urban,0.7210321068001951,mean
Reference,Expenditure deciles,Greece,Income Share|Urban,0.7381940048307374,mean
Reference,Expenditure deciles,Greece,Expenditure Share|Rural,0.2789678931998048,mean
Reference,Expenditure deciles,Greece,Income Share|Rural,0.26180599516926273,mean
Reference,Expenditure deciles,Greece,Expenditure Share|Urban,0.7210321068001951,mean
Reference,Expenditure deciles,Greece,Income Share|Urban,0.7381940048307374,mean
Reference,Expenditure deciles,Greece,Expenditure Share|Rural,0.2789678931998048,mean
Reference,Expenditure deciles,Greece,Income Share|Rural,0.26180599516926273,mean
Reference,Expenditure deciles,Greece,Expenditure Share|Urban,0.7210321068001951,mean
Reference,Expenditure deciles,Greece,Income Share|Urban,0.7381940048307374,mean
Reference,Expenditure deciles,Greece,Expenditure Share|Rural,0.2789678931998048,mean
Reference,Expenditure deciles,Greece,Income Share|Rural,0.26180599516926273,mean
Reference,Expenditure deciles,Greece,Expenditure Share|Urban,0.7210321068001951,mean
Reference,Expenditure deciles,Greece,Income Share|Urban,0.7381940048307374,mean
Reference,Expenditure deciles,Greece,Expenditure Share|Rural,0.2789678931998048,mean
Reference,Expenditure deciles,Greece,Income Share|Rural,0.26180599516926273,mean
Reference,Expenditure deciles,Greece,Expenditure Share|Urban,0.7210321068001951,mean
Reference,Expenditure deciles,Greece,Income Share|Urban,0.7381940048307374,mean
Reference,Expenditure deciles,Greece,Expenditure Share|Rural,0.2789678931998048,mean
Reference,Expenditure deciles,Greece,Income Share|Rural,0.26180599516926273,mean
Reference,Expenditure deciles,Greece,Expenditure Share|Urban,0.7210321068001951,mean
Reference,Expenditure deciles,Greece,Income Share|Urban,0.7381940048307374,mean
Reference,Expenditure deciles,Greece,Expenditure Share|Rural,0.2789678931998048,mean
Reference,Expenditure deciles,Greece,Income Share|Rural,0.26180599516926273,mean
Reference,Expenditure deciles,Greece,Expenditure Share|Urban,0.7210321068001951,mean
Reference,Expenditure deciles,Greece,Income Share|Urban,0.7381940048307374,mean
Reference,Expenditure deciles,Hungary,Expenditure Share|Rural,0.44057492700442424,mean
Reference,Expenditure deciles,Hungary,Income Share|Rural,0.3953192136394574,mean
Reference,Expenditure deciles,Hungary,Expenditure Share|Urban,0.5594250729955759,mean
Reference,Expenditure deciles,Hungary,Income Share|Urban,0.6046807863605427,mean
Reference,Expenditure deciles,Hungary,Expenditure Share|Rural,0.44057492700442424,mean
Reference,Expenditure deciles,Hungary,Income Share|Rural,0.3953192136394574,mean
Reference,Expenditure deciles,Hungary,Expenditure Share|Urban,0.5594250729955759,mean
Reference,Expenditure deciles,Hungary,Income Share|Urban,0.6046807863605427,mean
Reference,Expenditure deciles,Hungary,Expenditure Share|Rural,0.44057492700442424,mean
Reference,Expenditure deciles,Hungary,Income Share|Rural,0.3953192136394574,mean
Reference,Expenditure deciles,Hungary,Expenditure Share|Urban,0.5594250729955759,mean
Reference,Expenditure deciles,Hungary,Income Share|Urban,0.6046807863605427,mean
Reference,Expenditure deciles,Hungary,Expenditure Share|Rural,0.44057492700442424,mean
Reference,Expenditure deciles,Hungary,Income Share|Rural,0.3953192136394574,mean
Reference,Expenditure deciles,Hungary,Expenditure Share|Urban,0.5594250729955759,mean
Reference,Expenditure deciles,Hungary,Income Share|Urban,0.6046807863605427,mean
Reference,Expenditure deciles,Hungary,Expenditure Share|Rural,0.44057492700442424,mean
Reference,Expenditure deciles,Hungary,Income Share|Rural,0.3953192136394574,mean
Reference,Expenditure deciles,Hungary,Expenditure Share|Urban,0.5594250729955759,mean
Reference,Expenditure deciles,Hungary,Income Share|Urban,0.6046807863605427,mean
Reference,Expenditure deciles,Hungary,Expenditure Share|Rural,0.44057492700442424,mean
Reference,Expenditure deciles,Hungary,Income Share|Rural,0.3953192136394574,mean
Reference,Expenditure deciles,Hungary,Expenditure Share|Urban,0.5594250729955759,mean
Reference,Expenditure deciles,Hungary,Income Share|Urban,0.6046807863605427,mean
Reference,Expenditure deciles,Hungary,Expenditure Share|Rural,0.44057492700442424,mean
Reference,Expenditure deciles,Hungary,Income Share|Rural,0.3953192136394574,mean
Reference,Expenditure deciles,Hungary,Expenditure Share|Urban,0.5594250729955759,mean
Reference,Expenditure deciles,Hungary,Income Share|Urban,0.6046807863605427,mean
Reference,Expenditure deciles,Hungary,Expenditure Share|Rural,0.44057492700442424,mean
Reference,Expenditure deciles,Hungary,Income Share|Rural,0.3953192136394574,mean
Reference,Expenditure deciles,Hungary,Expenditure Share|Urban,0.5594250729955759,mean
Reference,Expenditure deciles,Hungary,Income Share|Urban,0.6046807863605427,mean
Reference,Expenditure deciles,Hungary,Expenditure Share|Rural,0.44057492700442424,mean
Reference,Expenditure deciles,Hungary,Income Share|Rural,0.3953192136394574,mean
Reference,Expenditure deciles,Hungary,Expenditure Share|Urban,0.5594250729955759,mean
Reference,Expenditure deciles,Hungary,Income Share|Urban,0.6046807863605427,mean
Reference,Expenditure deciles,Hungary,Expenditure Share|Rural,0.44057492700442424,mean
Reference,Expenditure deciles,Hungary,Income Share|Rural,0.3953192136394574,mean
Reference,Expenditure deciles,Hungary,Expenditure Share|Urban,0.5594250729955759,mean
Reference,Expenditure deciles,Hungary,Income Share|Urban,0.6046807863605427,mean
Reference,Expenditure deciles,Ireland,Expenditure Share|Rural,0.35422334602623634,mean
Reference,Expenditure deciles,Ireland,Income Share|Rural,0.33821058638139284,mean
Reference,Expenditure deciles,Ireland,Expenditure Share|Urban,0.6457766539737636,mean
Reference,Expenditure deciles,Ireland,Income Share|Urban,0.6617894136186072,mean
Reference,Expenditure deciles,Ireland,Expenditure Share|Rural,0.35422334602623634,mean
Reference,Expenditure deciles,Ireland,Income Share|Rural,0.33821058638139284,mean
Reference,Expenditure deciles,Ireland,Expenditure Share|Urban,0.6457766539737636,mean
Reference,Expenditure deciles,Ireland,Income Share|Urban,0.6617894136186072,mean
Reference,Expenditure deciles,Ireland,Expenditure Share|Rural,0.35422334602623634,mean
Reference,Expenditure deciles,Ireland,Income Share|Rural,0.33821058638139284,mean
Reference,Expenditure deciles,Ireland,Expenditure Share|Urban,0.6457766539737636,mean
Reference,Expenditure deciles,Ireland,Income Share|Urban,0.6617894136186072,mean
Reference,Expenditure deciles,Ireland,Expenditure Share|Rural,0.35422334602623634,mean
Reference,Expenditure deciles,Ireland,Income Share|Rural,0.33821058638139284,mean
Reference,Expenditure deciles,Ireland,Expenditure Share|Urban,0.6457766539737636,mean
Reference,Expenditure deciles,Ireland,Income Share|Urban,0.6617894136186072,mean
Reference,Expenditure deciles,Ireland,Expenditure Share|Rural,0.35422334602623634,mean
Reference,Expenditure deciles,Ireland,Income Share|Rural,0.33821058638139284,mean
Reference,Expenditure deciles,Ireland,Expenditure Share|Urban,0.6457766539737636,mean
Reference,Expenditure deciles,Ireland,Income Share|Urban,0.6617894136186072,mean
Reference,Expenditure deciles,Ireland,Expenditure Share|Rural,0.35422334602623634,mean
Reference,Expenditure deciles,Ireland,Income Share|Rural,0.33821058638139284,mean
Reference,Expenditure deciles,Ireland,Expenditure Share|Urban,0.6457766539737636,mean
Reference,Expenditure deciles,Ireland,Income Share|Urban,0.6617894136186072,mean
Reference,Expenditure deciles,Ireland,Expenditure Share|Rural,0.35422334602623634,mean
Reference,Expenditure deciles,Ireland,Income Share|Rural,0.33821058638139284,mean
Reference,Expenditure deciles,Ireland,Expenditure Share|Urban,0.6457766539737636,mean
Reference,Expenditure deciles,Ireland,Income Share|Urban,0.6617894136186072,mean
Reference,Expenditure deciles,Ireland,Expenditure Share|Rural,0.35422334602623634,mean
Reference,Expenditure deciles,Ireland,Income Share|Rural,0.33821058638139284,mean
Reference,Expenditure deciles,Ireland,Expenditure Share|Urban,0.6457766539737636,mean
Reference,Expenditure deciles,Ireland,Income Share|Urban,0.6617894136186072,mean
Reference,Expenditure deciles,Ireland,Expenditure Share|Rural,0.35422334602623634,mean
Reference,Expenditure deciles,Ireland,Income Share|Rural,0.33821058638139284,mean
Reference,Expenditure deciles,Ireland,Expenditure Share|Urban,0.6457766539737636,mean
Reference,Expenditure deciles,Ireland,Income Share|Urban,0.6617894136186072,mean
Reference,Expenditure deciles,Ireland,Expenditure Share|Rural,0.35422334602623634,mean
Reference,Expenditure deciles,Ireland,Income Share|Rural,0.33821058638139284,mean
Reference,Expenditure deciles,Ireland,Expenditure Share|Urban,0.6457766539737636,mean
Reference,Expenditure deciles,Ireland,Income Share|Urban,0.6617894136186072,mean
Reference,Expenditure deciles,Latvia,Expenditure Share|Rural,0.4375221705157076,mean
Reference,Expenditure deciles,Latvia,Income Share|Rural,0.40652862602491757,mean
Reference,Expenditure deciles,Latvia,Expenditure Share|Urban,0.5624778294842925,mean
Reference,Expenditure deciles,Latvia,Income Share|Urban,0.5934713739750824,mean
Reference,Expenditure deciles,Latvia,Expenditure Share|Rural,0.4375221705157076,mean
Reference,Expenditure deciles,Latvia,Income Share|Rural,0.40652862602491757,mean
Reference,Expenditure deciles,Latvia,Expenditure Share|Urban,0.5624778294842925,mean
Reference,Expenditure deciles,Latvia,Income Share|Urban,0.5934713739750824,mean
Reference,Expenditure deciles,Latvia,Expenditure Share|Rural,0.4375221705157076,mean
Reference,Expenditure deciles,Latvia,Income Share|Rural,0.40652862602491757,mean
Reference,Expenditure deciles,Latvia,Expenditure Share|Urban,0.5624778294842925,mean
Reference,Expenditure deciles,Latvia,Income Share|Urban,0.5934713739750824,mean
Reference,Expenditure deciles,Latvia,Expenditure Share|Rural,0.4375221705157076,mean
Reference,Expenditure deciles,Latvia,Income Share|Rural,0.40652862602491757,mean
Reference,Expenditure deciles,Latvia,Expenditure Share|Urban,0.5624778294842925,mean
Reference,Expenditure deciles,Latvia,Income Share|Urban,0.5934713739750824,mean
Reference,Expenditure deciles,Latvia,Expenditure Share|Rural,0.4375221705157076,mean
Reference,Expenditure deciles,Latvia,Income Share|Rural,0.40652862602491757,mean
Reference,Expenditure deciles,Latvia,Expenditure Share|Urban,0.5624778294842925,mean
Reference,Expenditure deciles,Latvia,Income Share|Urban,0.5934713739750824,mean
Reference,Expenditure deciles,Latvia,Expenditure Share|Rural,0.4375221705157076,mean
Reference,Expenditure deciles,Latvia,Income Share|Rural,0.40652862602491757,mean
Reference,Expenditure deciles,Latvia,Expenditure Share|Urban,0.5624778294842925,mean
Reference,Expenditure deciles,Latvia,Income Share|Urban,0.5934713739750824,mean
Reference,Expenditure deciles,Latvia,Expenditure Share|Rural,0.4375221705157076,mean
Reference,Expenditure deciles,Latvia,Income Share|Rural,0.40652862602491757,mean
Reference,Expenditure deciles,Latvia,Expenditure Share|Urban,0.5624778294842925,mean
Reference,Expenditure deciles,Latvia,Income Share|Urban,0.5934713739750824,mean
Reference,Expenditure deciles,Latvia,Expenditure Share|Rural,0.4375221705157076,mean
Reference,Expenditure deciles,Latvia,Income Share|Rural,0.40652862602491757,mean
Reference,Expenditure deciles,Latvia,Expenditure Share|Urban,0.5624778294842925,mean
Reference,Expenditure deciles,Latvia,Income Share|Urban,0.5934713739750824,mean
Reference,Expenditure deciles,Latvia,Expenditure Share|Rural,0.4375221705157076,mean
Reference,Expenditure deciles,Latvia,Income Share|Rural,0.40652862602491757,mean
Reference,Expenditure deciles,Latvia,Expenditure Share|Urban,0.5624778294842925,mean
Reference,Expenditure deciles,Latvia,Income Share|Urban,0.5934713739750824,mean
Reference,Expenditure deciles,Latvia,Expenditure Share|Rural,0.4375221705157076,mean
Reference,Expenditure deciles,Latvia,Income Share|Rural,0.40652862602491757,mean
Reference,Expenditure deciles,Latvia,Expenditure Share|Urban,0.5624778294842925,mean
Reference,Expenditure deciles,Latvia,Income Share|Urban,0.5934713739750824,mean
Reference,Expenditure deciles,Lithuania,Expenditure Share|Rural,0.5416093467131267,mean
Reference,Expenditure deciles,Lithuania,Income Share|Rural,0.43085548737012463,mean
Reference,Expenditure deciles,Lithuania,Expenditure Share|Urban,0.4583906532868734,mean
Reference,Expenditure deciles,Lithuania,Income Share|Urban,0.5691445126298754,mean
Reference,Expenditure deciles,Lithuania,Expenditure Share|Rural,0.5416093467131267,mean
Reference,Expenditure deciles,Lithuania,Income Share|Rural,0.43085548737012463,mean
Reference,Expenditure deciles,Lithuania,Expenditure Share|Urban,0.4583906532868734,mean
Reference,Expenditure deciles,Lithuania,Income Share|Urban,0.5691445126298754,mean
Reference,Expenditure deciles,Lithuania,Expenditure Share|Rural,0.5416093467131267,mean
Reference,Expenditure deciles,Lithuania,Income Share|Rural,0.43085548737012463,mean
Reference,Expenditure deciles,Lithuania,Expenditure Share|Urban,0.4583906532868734,mean
Reference,Expenditure deciles,Lithuania,Income Share|Urban,0.5691445126298754,mean
Reference,Expenditure deciles,Lithuania,Expenditure Share|Rural,0.5416093467131267,mean
Reference,Expenditure deciles,Lithuania,Income Share|Rural,0.43085548737012463,mean
Reference,Expenditure deciles,Lithuania,Expenditure Share|Urban,0.4583906532868734,mean
Reference,Expenditure deciles,Lithuania,Income Share|Urban,0.5691445126298754,mean
Reference,Expenditure deciles,Lithuania,Expenditure Share|Rural,0.5416093467131267,mean
Reference,Expenditure deciles,Lithuania,Income Share|Rural,0.43085548737012463,mean
Reference,Expenditure deciles,Lithuania,Expenditure Share|Urban,0.4583906532868734,mean
Reference,Expenditure deciles,Lithuania,Income Share|Urban,0.5691445126298754,mean
Reference,Expenditure deciles,Lithuania,Expenditure Share|Rural,0.5416093467131267,mean
Reference,Expenditure deciles,Lithuania,Income Share|Rural,0.43085548737012463,mean
Reference,Expenditure deciles,Lithuania,Expenditure Share|Urban,0.4583906532868734,mean
Reference,Expenditure deciles,Lithuania,Income Share|Urban,0.5691445126298754,mean
Reference,Expenditure deciles,Lithuania,Expenditure Share|Rural,0.5416093467131267,mean
Reference,Expenditure deciles,Lithuania,Income Share|Rural,0.43085548737012463,mean
Reference,Expenditure deciles,Lithuania,Expenditure Share|Urban,0.4583906532868734,mean
Reference,Expenditure deciles,Lithuania,Income Share|Urban,0.5691445126298754,mean
Reference,Expenditure deciles,Lithuania,Expenditure Share|Rural,0.5416093467131267,mean
Reference,Expenditure deciles,Lithuania,Income Share|Rural,0.43085548737012463,mean
Reference,Expenditure deciles,Lithuania,Expenditure Share|Urban,0.4583906532868734,mean
Reference,Expenditure deciles,Lithuania,Income Share|Urban,0.5691445126298754,mean
Reference,Expenditure deciles,Lithuania,Expenditure Share|Rural,0.5416093467131267,mean
Reference,Expenditure deciles,Lithuania,Income Share|Rural,0.43085548737012463,mean
Reference,Expenditure deciles,Lithuania,Expenditure Share|Urban,0.4583906532868734,mean
Reference,Expenditure deciles,Lithuania,Income Share|Urban,0.5691445126298754,mean
Reference,Expenditure deciles,Lithuania,Expenditure Share|Rural,0.5416093467131267,mean
Reference,Expenditure deciles,Lithuania,Income Share|Rural,0.43085548737012463,mean
Reference,Expenditure deciles,Lithuania,Expenditure Share|Urban,0.4583906532868734,mean
Reference,Expenditure deciles,Lithuania,Income Share|Urban,0.5691445126298754,mean
Reference,Expenditure deciles,Luxembourg,Expenditure Share|Rural,0.19174200047071402,mean
Reference,Expenditure deciles,Luxembourg,Income Share|Rural,0.19180100793184943,mean
Reference,Expenditure deciles,Luxembourg,Expenditure Share|Urban,0.808257999529286,mean
Reference,Expenditure deciles,Luxembourg,Income Share|Urban,0.8081989920681506,mean
Reference,Expenditure deciles,Luxembourg,Expenditure Share|Rural,0.19174200047071402,mean
Reference,Expenditure deciles,Luxembourg,Income Share|Rural,0.19180100793184943,mean
Reference,Expenditure deciles,Luxembourg,Expenditure Share|Urban,0.808257999529286,mean
Reference,Expenditure deciles,Luxembourg,Income Share|Urban,0.8081989920681506,mean
Reference,Expenditure deciles,Luxembourg,Expenditure Share|Rural,0.19174200047071402,mean
Reference,Expenditure deciles,Luxembourg,Income Share|Rural,0.19180100793184943,mean
Reference,Expenditure deciles,Luxembourg,Expenditure Share|Urban,0.808257999529286,mean
Reference,Expenditure deciles,Luxembourg,Income Share|Urban,0.8081989920681506,mean
Reference,Expenditure deciles,Luxembourg,Expenditure Share|Rural,0.19174200047071402,mean
Reference,Expenditure deciles,Luxembourg,Income Share|Rural,0.19180100793184943,mean
Reference,Expenditure deciles,Luxembourg,Expenditure Share|Urban,0.808257999529286,mean
Reference,Expenditure deciles,Luxembourg,Income Share|Urban,0.8081989920681506,mean
Reference,Expenditure deciles,Luxembourg,Expenditure Share|Rural,0.19174200047071402,mean
Reference,Expenditure deciles,Luxembourg,Income Share|Rural,0.19180100793184943,mean
Reference,Expenditure deciles,Luxembourg,Expenditure Share|Urban,0.808257999529286,mean
Reference,Expenditure deciles,Luxembourg,Income Share|Urban,0.8081989920681506,mean
Reference,Expenditure deciles,Luxembourg,Expenditure Share|Rural,0.19174200047071402,mean
Reference,Expenditure deciles,Luxembourg,Income Share|Rural,0.19180100793184943,mean
Reference,Expenditure deciles,Luxembourg,Expenditure Share|Urban,0.808257999529286,mean
Reference,Expenditure deciles,Luxembourg,Income Share|Urban,0.8081989920681506,mean
Reference,Expenditure deciles,Luxembourg,Expenditure Share|Rural,0.19174200047071402,mean
Reference,Expenditure deciles,Luxembourg,Income Share|Rural,0.19180100793184943,mean
Reference,Expenditure deciles,Luxembourg,Expenditure Share|Urban,0.808257999529286,mean
Reference,Expenditure deciles,Luxembourg,Income Share|Urban,0.8081989920681506,mean
Reference,Expenditure deciles,Luxembourg,Expenditure Share|Rural,0.19174200047071402,mean
Reference,Expenditure deciles,Luxembourg,Income Share|Rural,0.19180100793184943,mean
Reference,Expenditure deciles,Luxembourg,Expenditure Share|Urban,0.808257999529286,mean
Reference,Expenditure deciles,Luxembourg,Income Share|Urban,0.8081989920681506,mean
Reference,Expenditure deciles,Luxembourg,Expenditure Share|Rural,0.19174200047071402,mean
Reference,Expenditure deciles,Luxembourg,Income Share|Rural,0.19180100793184943,mean
Reference,Expenditure deciles,Luxembourg,Expenditure Share|Urban,0.808257999529286,mean
Reference,Expenditure deciles,Luxembourg,Income Share|Urban,0.8081989920681506,mean
Reference,Expenditure deciles,Luxembourg,Expenditure Share|Rural,0.19174200047071402,mean
Reference,Expenditure deciles,Luxembourg,Income Share|Rural,0.19180100793184943,mean
Reference,Expenditure deciles,Luxembourg,Expenditure Share|Urban,0.808257999529286,mean
Reference,Expenditure deciles,Luxembourg,Income Share|Urban,0.8081989920681506,mean
Reference,Expenditure deciles,Netherlands,Expenditure Share|Rural,0.09545870740332013,mean
Reference,Expenditure deciles,Netherlands,Income Share|Rural,0.10253163774901013,mean
Reference,Expenditure deciles,Netherlands,Expenditure Share|Urban,0.9045412925966798,mean
Reference,Expenditure deciles,Netherlands,Income Share|Urban,0.8974683622509898,mean
Reference,Expenditure deciles,Netherlands,Expenditure Share|Rural,0.09545870740332013,mean
Reference,Expenditure deciles,Netherlands,Income Share|Rural,0.10253163774901013,mean
Reference,Expenditure deciles,Netherlands,Expenditure Share|Urban,0.9045412925966798,mean
Reference,Expenditure deciles,Netherlands,Income Share|Urban,0.8974683622509898,mean
Reference,Expenditure deciles,Netherlands,Expenditure Share|Rural,0.09545870740332013,mean
Reference,Expenditure deciles,Netherlands,Income Share|Rural,0.10253163774901013,mean
Reference,Expenditure deciles,Netherlands,Expenditure Share|Urban,0.9045412925966798,mean
Reference,Expenditure deciles,Netherlands,Income Share|Urban,0.8974683622509898,mean
Reference,Expenditure deciles,Netherlands,Expenditure Share|Rural,0.09545870740332013,mean
Reference,Expenditure deciles,Netherlands,Income Share|Rural,0.10253163774901013,mean
Reference,Expenditure deciles,Netherlands,Expenditure Share|Urban,0.9045412925966798,mean
Reference,Expenditure deciles,Netherlands,Income Share|Urban,0.8974683622509898,mean
Reference,Expenditure deciles,Netherlands,Expenditure Share|Rural,0.09545870740332013,mean
Reference,Expenditure deciles,Netherlands,Income Share|Rural,0.10253163774901013,mean
Reference,Expenditure deciles,Netherlands,Expenditure Share|Urban,0.9045412925966798,mean
Reference,Expenditure deciles,Netherlands,Income Share|Urban,0.8974683622509898,mean
Reference,Expenditure deciles,Netherlands,Expenditure Share|Rural,0.09545870740332013,mean
Reference,Expenditure deciles,Netherlands,Income Share|Rural,0.10253163774901013,mean
Reference,Expenditure deciles,Netherlands,Expenditure Share|Urban,0.9045412925966798,mean
Reference,Expenditure deciles,Netherlands,Income Share|Urban,0.8974683622509898,mean
Reference,Expenditure deciles,Netherlands,Expenditure Share|Rural,0.09545870740332013,mean
Reference,Expenditure deciles,Netherlands,Income Share|Rural,0.10253163774901013,mean
Reference,Expenditure deciles,Netherlands,Expenditure Share|Urban,0.9045412925966798,mean
Reference,Expenditure deciles,Netherlands,Income Share|Urban,0.8974683622509898,mean
Reference,Expenditure deciles,Netherlands,Expenditure Share|Rural,0.09545870740332013,mean
Reference,Expenditure deciles,Netherlands,Income Share|Rural,0.10253163774901013,mean
Reference,Expenditure deciles,Netherlands,Expenditure Share|Urban,0.9045412925966798,mean
Reference,Expenditure deciles,Netherlands,Income Share|Urban,0.8974683622509898,mean
Reference,Expenditure deciles,Netherlands,Expenditure Share|Rural,0.09545870740332013,mean
Reference,Expenditure deciles,Netherlands,Income Share|Rural,0.10253163774901013,mean
Reference,Expenditure deciles,Netherlands,Expenditure Share|Urban,0.9045412925966798,mean
Reference,Expenditure deciles,Netherlands,Income Share|Urban,0.8974683622509898,mean
Reference,Expenditure deciles,Netherlands,Expenditure Share|Rural,0.09545870740332013,mean
Reference,Expenditure deciles,Netherlands,Income Share|Rural,0.10253163774901013,mean
Reference,Expenditure deciles,Netherlands,Expenditure Share|Urban,0.9045412925966798,mean
Reference,Expenditure deciles,Netherlands,Income Share|Urban,0.8974683622509898,mean
Reference,Expenditure deciles,Poland,Expenditure Share|Rural,0.3570134814650425,mean
Reference,Expenditure deciles,Poland,Income Share|Rural,0.34506052011914157,mean
Reference,Expenditure deciles,Poland,Expenditure Share|Urban,0.6429865185349576,mean
Reference,Expenditure deciles,Poland,Income Share|Urban,0.6549394798808584,mean
Reference,Expenditure deciles,Poland,Expenditure Share|Rural,0.3570134814650425,mean
Reference,Expenditure deciles,Poland,Income Share|Rural,0.34506052011914157,mean
Reference,Expenditure deciles,Poland,Expenditure Share|Urban,0.6429865185349576,mean
Reference,Expenditure deciles,Poland,Income Share|Urban,0.6549394798808584,mean
Reference,Expenditure deciles,Poland,Expenditure Share|Rural,0.3570134814650425,mean
Reference,Expenditure deciles,Poland,Income Share|Rural,0.34506052011914157,mean
Reference,Expenditure deciles,Poland,Expenditure Share|Urban,0.6429865185349576,mean
Reference,Expenditure deciles,Poland,Income Share|Urban,0.6549394798808584,mean
Reference,Expenditure deciles,Poland,Expenditure Share|Rural,0.3570134814650425,mean
Reference,Expenditure deciles,Poland,Income Share|Rural,0.34506052011914157,mean
Reference,Expenditure deciles,Poland,Expenditure Share|Urban,0.6429865185349576,mean
Reference,Expenditure deciles,Poland,Income Share|Urban,0.6549394798808584,mean
Reference,Expenditure deciles,Poland,Expenditure Share|Rural,0.3570134814650425,mean
Reference,Expenditure deciles,Poland,Income Share|Rural,0.34506052011914157,mean
Reference,Expenditure deciles,Poland,Expenditure Share|Urban,0.6429865185349576,mean
Reference,Expenditure deciles,Poland,Income Share|Urban,0.6549394798808584,mean
Reference,Expenditure deciles,Poland,Expenditure Share|Rural,0.3570134814650425,mean
Reference,Expenditure deciles,Poland,Income Share|Rural,0.34506052011914157,mean
Reference,Expenditure deciles,Poland,Expenditure Share|Urban,0.6429865185349576,mean
Reference,Expenditure deciles,Poland,Income Share|Urban,0.6549394798808584,mean
Reference,Expenditure deciles,Poland,Expenditure Share|Rural,0.3570134814650425,mean
Reference,Expenditure deciles,Poland,Income Share|Rural,0.34506052011914157,mean
Reference,Expenditure deciles,Poland,Expenditure Share|Urban,0.6429865185349576,mean
Reference,Expenditure deciles,Poland,Income Share|Urban,0.6549394798808584,mean
Reference,Expenditure deciles,Poland,Expenditure Share|Rural,0.3570134814650425,mean
Reference,Expenditure deciles,Poland,Income Share|Rural,0.34506052011914157,mean
Reference,Expenditure deciles,Poland,Expenditure Share|Urban,0.6429865185349576,mean
Reference,Expenditure deciles,Poland,Income Share|Urban,0.6549394798808584,mean
Reference,Expenditure deciles,Poland,Expenditure Share|Rural,0.3570134814650425,mean
Reference,Expenditure deciles,Poland,Income Share|Rural,0.34506052011914157,mean
Reference,Expenditure deciles,Poland,Expenditure Share|Urban,0.6429865185349576,mean
Reference,Expenditure deciles,Poland,Income Share|Urban,0.6549394798808584,mean
Reference,Expenditure deciles,Poland,Expenditure Share|Rural,0.3570134814650425,mean
Reference,Expenditure deciles,Poland,Income Share|Rural,0.34506052011914157,mean
Reference,Expenditure deciles,Poland,Expenditure Share|Urban,0.6429865185349576,mean
Reference,Expenditure deciles,Poland,Income Share|Urban,0.6549394798808584,mean
Reference,Expenditure deciles,Portugal,Expenditure Share|Rural,0.27205254325630346,mean
Reference,Expenditure deciles,Portugal,Income Share|Rural,0.2199191511681966,mean
Reference,Expenditure deciles,Portugal,Expenditure Share|Urban,0.7279474567436965,mean
Reference,Expenditure deciles,Portugal,Income Share|Urban,0.7800808488318034,mean
Reference,Expenditure deciles,Portugal,Expenditure Share|Rural,0.27205254325630346,mean
Reference,Expenditure deciles,Portugal,Income Share|Rural,0.2199191511681966,mean
Reference,Expenditure deciles,Portugal,Expenditure Share|Urban,0.7279474567436965,mean
Reference,Expenditure deciles,Portugal,Income Share|Urban,0.7800808488318034,mean
Reference,Expenditure deciles,Portugal,Expenditure Share|Rural,0.27205254325630346,mean
Reference,Expenditure deciles,Portugal,Income Share|Rural,0.2199191511681966,mean
Reference,Expenditure deciles,Portugal,Expenditure Share|Urban,0.7279474567436965,mean
Reference,Expenditure deciles,Portugal,Income Share|Urban,0.7800808488318034,mean
Reference,Expenditure deciles,Portugal,Expenditure Share|Rural,0.27205254325630346,mean
Reference,Expenditure deciles,Portugal,Income Share|Rural,0.2199191511681966,mean
Reference,Expenditure deciles,Portugal,Expenditure Share|Urban,0.7279474567436965,mean
Reference,Expenditure deciles,Portugal,Income Share|Urban,0.7800808488318034,mean
Reference,Expenditure deciles,Portugal,Expenditure Share|Rural,0.27205254325630346,mean
Reference,Expenditure deciles,Portugal,Income Share|Rural,0.2199191511681966,mean
Reference,Expenditure deciles,Portugal,Expenditure Share|Urban,0.7279474567436965,mean
Reference,Expenditure deciles,Portugal,Income Share|Urban,0.7800808488318034,mean
Reference,Expenditure deciles,Portugal,Expenditure Share|Rural,0.27205254325630346,mean
Reference,Expenditure deciles,Portugal,Income Share|Rural,0.2199191511681966,mean
Reference,Expenditure deciles,Portugal,Expenditure Share|Urban,0.7279474567436965,mean
Reference,Expenditure deciles,Portugal,Income Share|Urban,0.7800808488318034,mean
Reference,Expenditure deciles,Portugal,Expenditure Share|Rural,0.27205254325630346,mean
Reference,Expenditure deciles,Portugal,Income Share|Rural,0.2199191511681966,mean
Reference,Expenditure deciles,Portugal,Expenditure Share|Urban,0.7279474567436965,mean
Reference,Expenditure deciles,Portugal,Income Share|Urban,0.7800808488318034,mean
Reference,Expenditure deciles,Portugal,Expenditure Share|Rural,0.27205254325630346,mean
Reference,Expenditure deciles,Portugal,Income Share|Rural,0.2199191511681966,mean
Reference,Expenditure deciles,Portugal,Expenditure Share|Urban,0.7279474567436965,mean
Reference,Expenditure deciles,Portugal,Income Share|Urban,0.7800808488318034,mean
Reference,Expenditure deciles,Portugal,Expenditure Share|Rural,0.27205254325630346,mean
Reference,Expenditure deciles,Portugal,Income Share|Rural,0.2199191511681966,mean
Reference,Expenditure deciles,Portugal,Expenditure Share|Urban,0.7279474567436965,mean
Reference,Expenditure deciles,Portugal,Income Share|Urban,0.7800808488318034,mean
Reference,Expenditure deciles,Portugal,Expenditure Share|Rural,0.27205254325630346,mean
Reference,Expenditure deciles,Portugal,Income Share|Rural,0.2199191511681966,mean
Reference,Expenditure deciles,Portugal,Expenditure Share|Urban,0.7279474567436965,mean
Reference,Expenditure deciles,Portugal,Income Share|Urban,0.7800808488318034,mean
Reference,Expenditure deciles,Romania,Expenditure Share|Rural,0.4215703468874358,mean
Reference,Expenditure deciles,Romania,Income Share|Rural,0.35483800065375914,mean
Reference,Expenditure deciles,Romania,Expenditure Share|Urban,0.5784296531125641,mean
Reference,Expenditure deciles,Romania,Income Share|Urban,0.6451619993462407,mean
Reference,Expenditure deciles,Romania,Expenditure Share|Rural,0.4215703468874358,mean
Reference,Expenditure deciles,Romania,Income Share|Rural,0.35483800065375914,mean
Reference,Expenditure deciles,Romania,Expenditure Share|Urban,0.5784296531125641,mean
Reference,Expenditure deciles,Romania,Income Share|Urban,0.6451619993462407,mean
Reference,Expenditure deciles,Romania,Expenditure Share|Rural,0.4215703468874358,mean
Reference,Expenditure deciles,Romania,Income Share|Rural,0.35483800065375914,mean
Reference,Expenditure deciles,Romania,Expenditure Share|Urban,0.5784296531125641,mean
Reference,Expenditure deciles,Romania,Income Share|Urban,0.6451619993462407,mean
Reference,Expenditure deciles,Romania,Expenditure Share|Rural,0.4215703468874358,mean
Reference,Expenditure deciles,Romania,Income Share|Rural,0.35483800065375914,mean
Reference,Expenditure deciles,Romania,Expenditure Share|Urban,0.5784296531125641,mean
Reference,Expenditure deciles,Romania,Income Share|Urban,0.6451619993462407,mean
Reference,Expenditure deciles,Romania,Expenditure Share|Rural,0.4215703468874358,mean
Reference,Expenditure deciles,Romania,Income Share|Rural,0.35483800065375914,mean
Reference,Expenditure deciles,Romania,Expenditure Share|Urban,0.5784296531125641,mean
Reference,Expenditure deciles,Romania,Income Share|Urban,0.6451619993462407,mean
Reference,Expenditure deciles,Romania,Expenditure Share|Rural,0.4215703468874358,mean
Reference,Expenditure deciles,Romania,Income Share|Rural,0.35483800065375914,mean
Reference,Expenditure deciles,Romania,Expenditure Share|Urban,0.5784296531125641,mean
Reference,Expenditure deciles,Romania,Income Share|Urban,0.6451619993462407,mean
Reference,Expenditure deciles,Romania,Expenditure Share|Rural,0.4215703468874358,mean
Reference,Expenditure deciles,Romania,Income Share|Rural,0.35483800065375914,mean
Reference,Expenditure deciles,Romania,Expenditure Share|Urban,0.5784296531125641,mean
Reference,Expenditure deciles,Romania,Income Share|Urban,0.6451619993462407,mean
Reference,Expenditure deciles,Romania,Expenditure Share|Rural,0.4215703468874358,mean
Reference,Expenditure deciles,Romania,Income Share|Rural,0.35483800065375914,mean
Reference,Expenditure deciles,Romania,Expenditure Share|Urban,0.5784296531125641,mean
Reference,Expenditure deciles,Romania,Income Share|Urban,0.6451619993462407,mean
Reference,Expenditure deciles,Romania,Expenditure Share|Rural,0.4215703468874358,mean
Reference,Expenditure deciles,Romania,Income Share|Rural,0.35483800065375914,mean
Reference,Expenditure deciles,Romania,Expenditure Share|Urban,0.5784296531125641,mean
Reference,Expenditure deciles,Romania,Income Share|Urban,0.6451619993462407,mean
Reference,Expenditure deciles,Romania,Expenditure Share|Rural,0.4215703468874358,mean
Reference,Expenditure deciles,Romania,Income Share|Rural,0.35483800065375914,mean
Reference,Expenditure deciles,Romania,Expenditure Share|Urban,0.5784296531125641,mean
Reference,Expenditure deciles,Romania,Income Share|Urban,0.6451619993462407,mean
Reference,Expenditure deciles,Slovak Republic,Expenditure Share|Rural,0.29228848305921246,mean
Reference,Expenditure deciles,Slovak Republic,Income Share|Rural,0.2936879810869259,mean
Reference,Expenditure deciles,Slovak Republic,Expenditure Share|Urban,0.7077115169407875,mean
Reference,Expenditure deciles,Slovak Republic,Income Share|Urban,0.706312018913074,mean
Reference,Expenditure deciles,Slovak Republic,Expenditure Share|Rural,0.29228848305921246,mean
Reference,Expenditure deciles,Slovak Republic,Income Share|Rural,0.2936879810869259,mean
Reference,Expenditure deciles,Slovak Republic,Expenditure Share|Urban,0.7077115169407875,mean
Reference,Expenditure deciles,Slovak Republic,Income Share|Urban,0.706312018913074,mean
Reference,Expenditure deciles,Slovak Republic,Expenditure Share|Rural,0.29228848305921246,mean
Reference,Expenditure deciles,Slovak Republic,Income Share|Rural,0.2936879810869259,mean
Reference,Expenditure deciles,Slovak Republic,Expenditure Share|Urban,0.7077115169407875,mean
Reference,Expenditure deciles,Slovak Republic,Income Share|Urban,0.706312018913074,mean
Reference,Expenditure deciles,Slovak Republic,Expenditure Share|Rural,0.29228848305921246,mean
Reference,Expenditure deciles,Slovak Republic,Income Share|Rural,0.2936879810869259,mean
Reference,Expenditure deciles,Slovak Republic,Expenditure Share|Urban,0.7077115169407875,mean
Reference,Expenditure deciles,Slovak Republic,Income Share|Urban,0.706312018913074,mean
Reference,Expenditure deciles,Slovak Republic,Expenditure Share|Rural,0.29228848305921246,mean
Reference,Expenditure deciles,Slovak Republic,Income Share|Rural,0.2936879810869259,mean
Reference,Expenditure deciles,Slovak Republic,Expenditure Share|Urban,0.7077115169407875,mean
Reference,Expenditure deciles,Slovak Republic,Income Share|Urban,0.706312018913074,mean
Reference,Expenditure deciles,Slovak Republic,Expenditure Share|Rural,0.29228848305921246,mean
Reference,Expenditure deciles,Slovak Republic,Income Share|Rural,0.2936879810869259,mean
Reference,Expenditure deciles,Slovak Republic,Expenditure Share|Urban,0.7077115169407875,mean
Reference,Expenditure deciles,Slovak Republic,Income Share|Urban,0.706312018913074,mean
Reference,Expenditure deciles,Slovak Republic,Expenditure Share|Rural,0.29228848305921246,mean
Reference,Expenditure deciles,Slovak Republic,Income Share|Rural,0.2936879810869259,mean
Reference,Expenditure deciles,Slovak Republic,Expenditure Share|Urban,0.7077115169407875,mean
Reference,Expenditure deciles,Slovak Republic,Income Share|Urban,0.706312018913074,mean
Reference,Expenditure deciles,Slovak Republic,Expenditure Share|Rural,0.29228848305921246,mean
Reference,Expenditure deciles,Slovak Republic,Income Share|Rural,0.2936879810869259,mean
Reference,Expenditure deciles,Slovak Republic,Expenditure Share|Urban,0.7077115169407875,mean
Reference,Expenditure deciles,Slovak Republic,Income Share|Urban,0.706312018913074,mean
Reference,Expenditure deciles,Slovak Republic,Expenditure Share|Rural,0.29228848305921246,mean
Reference,Expenditure deciles,Slovak Republic,Income Share|Rural,0.2936879810869259,mean
Reference,Expenditure deciles,Slovak Republic,Expenditure Share|Urban,0.7077115169407875,mean
Reference,Expenditure deciles,Slovak Republic,Income Share|Urban,0.706312018913074,mean
Reference,Expenditure deciles,Slovak Republic,Expenditure Share|Rural,0.29228848305921246,mean
Reference,Expenditure deciles,Slovak Republic,Income Share|Rural,0.2936879810869259,mean
Reference,Expenditure deciles,Slovak Republic,Expenditure Share|Urban,0.7077115169407875,mean
Reference,Expenditure deciles,Slovak Republic,Income Share|Urban,0.706312018913074,mean
Reference,Expenditure deciles,Spain,Expenditure Share|Rural,0.2505616177043288,mean
Reference,Expenditure deciles,Spain,Income Share|Rural,0.2247949157450993,mean
Reference,Expenditure deciles,Spain,Expenditure Share|Urban,0.7494383822956712,mean
Reference,Expenditure deciles,Spain,Income Share|Urban,0.7752050842549006,mean
Reference,Expenditure deciles,Spain,Expenditure Share|Rural,0.2505616177043288,mean
Reference,Expenditure deciles,Spain,Income Share|Rural,0.2247949157450993,mean
Reference,Expenditure deciles,Spain,Expenditure Share|Urban,0.7494383822956712,mean
Reference,Expenditure deciles,Spain,Income Share|Urban,0.7752050842549006,mean
Reference,Expenditure deciles,Spain,Expenditure Share|Rural,0.2505616177043288,mean
Reference,Expenditure deciles,Spain,Income Share|Rural,0.2247949157450993,mean
Reference,Expenditure deciles,Spain,Expenditure Share|Urban,0.7494383822956712,mean
Reference,Expenditure deciles,Spain,Income Share|Urban,0.7752050842549006,mean
Reference,Expenditure deciles,Spain,Expenditure Share|Rural,0.2505616177043288,mean
Reference,Expenditure deciles,Spain,Income Share|Rural,0.2247949157450993,mean
Reference,Expenditure deciles,Spain,Expenditure Share|Urban,0.7494383822956712,mean
Reference,Expenditure deciles,Spain,Income Share|Urban,0.7752050842549006,mean
Reference,Expenditure deciles,Spain,Expenditure Share|Rural,0.2505616177043288,mean
Reference,Expenditure deciles,Spain,Income Share|Rural,0.2247949157450993,mean
Reference,Expenditure deciles,Spain,Expenditure Share|Urban,0.7494383822956712,mean
Reference,Expenditure deciles,Spain,Income Share|Urban,0.7752050842549006,mean
Reference,Expenditure deciles,Spain,Expenditure Share|Rural,0.2505616177043288,mean
Reference,Expenditure deciles,Spain,Income Share|Rural,0.2247949157450993,mean
Reference,Expenditure deciles,Spain,Expenditure Share|Urban,0.7494383822956712,mean
Reference,Expenditure deciles,Spain,Income Share|Urban,0.7752050842549006,mean
Reference,Expenditure deciles,Spain,Expenditure Share|Rural,0.2505616177043288,mean
Reference,Expenditure deciles,Spain,Income Share|Rural,0.2247949157450993,mean
Reference,Expenditure deciles,Spain,Expenditure Share|Urban,0.7494383822956712,mean
Reference,Expenditure deciles,Spain,Income Share|Urban,0.7752050842549006,mean
Reference,Expenditure deciles,Spain,Expenditure Share|Rural,0.2505616177043288,mean
Reference,Expenditure deciles,Spain,Income Share|Rural,0.2247949157450993,mean
Reference,Expenditure deciles,Spain,Expenditure Share|Urban,0.7494383822956712,mean
Reference,Expenditure deciles,Spain,Income Share|Urban,0.7752050842549006,mean
Reference,Expenditure deciles,Spain,Expenditure Share|Rural,0.2505616177043288,mean
Reference,Expenditure deciles,Spain,Income Share|Rural,0.2247949157450993,mean
Reference,Expenditure deciles,Spain,Expenditure Share|Urban,0.7494383822956712,mean
Reference,Expenditure deciles,Spain,Income Share|Urban,0.7752050842549006,mean
Reference,Expenditure deciles,Spain,Expenditure Share|Rural,0.2505616177043288,mean
Reference,Expenditure deciles,Spain,Income Share|Rural,0.2247949157450993,mean
Reference,Expenditure deciles,Spain,Expenditure Share|Urban,0.7494383822956712,mean
Reference,Expenditure deciles,Spain,Income Share|Urban,0.7752050842549006,mean
Reference,Expenditure deciles,Sweden,Expenditure Share|Rural,0.5524713664119825,mean
Reference,Expenditure deciles,Sweden,Income Share|Rural,0.5294236210780833,mean
Reference,Expenditure deciles,Sweden,Expenditure Share|Urban,0.4475286335880175,mean
Reference,Expenditure deciles,Sweden,Income Share|Urban,0.4705763789219168,mean
Reference,Expenditure deciles,Sweden,Expenditure Share|Rural,0.5524713664119825,mean
Reference,Expenditure deciles,Sweden,Income Share|Rural,0.5294236210780833,mean
Reference,Expenditure deciles,Sweden,Expenditure Share|Urban,0.4475286335880175,mean
Reference,Expenditure deciles,Sweden,Income Share|Urban,0.4705763789219168,mean
Reference,Expenditure deciles,Sweden,Expenditure Share|Rural,0.5524713664119825,mean
Reference,Expenditure deciles,Sweden,Income Share|Rural,0.5294236210780833,mean
Reference,Expenditure deciles,Sweden,Expenditure Share|Urban,0.4475286335880175,mean
Reference,Expenditure deciles,Sweden,Income Share|Urban,0.4705763789219168,mean
Reference,Expenditure deciles,Sweden,Expenditure Share|Rural,0.5524713664119825,mean
Reference,Expenditure deciles,Sweden,Income Share|Rural,0.5294236210780833,mean
Reference,Expenditure deciles,Sweden,Expenditure Share|Urban,0.4475286335880175,mean
Reference,Expenditure deciles,Sweden,Income Share|Urban,0.4705763789219168,mean
Reference,Expenditure deciles,Sweden,Expenditure Share|Rural,0.5524713664119825,mean
Reference,Expenditure deciles,Sweden,Income Share|Rural,0.5294236210780833,mean
Reference,Expenditure deciles,Sweden,Expenditure Share|Urban,0.4475286335880175,mean
Reference,Expenditure deciles,Sweden,Income Share|Urban,0.4705763789219168,mean
Reference,Expenditure deciles,Sweden,Expenditure Share|Rural,0.5524713664119825,mean
Reference,Expenditure deciles,Sweden,Income Share|Rural,0.5294236210780833,mean
Reference,Expenditure deciles,Sweden,Expenditure Share|Urban,0.4475286335880175,mean
Reference,Expenditure deciles,Sweden,Income Share|Urban,0.4705763789219168,mean
Reference,Expenditure deciles,Sweden,Expenditure Share|Rural,0.5524713664119825,mean
Reference,Expenditure deciles,Sweden,Income Share|Rural,0.5294236210780833,mean
Reference,Expenditure deciles,Sweden,Expenditure Share|Urban,0.4475286335880175,mean
Reference,Expenditure deciles,Sweden,Income Share|Urban,0.4705763789219168,mean
Reference,Expenditure deciles,Sweden,Expenditure Share|Rural,0.5524713664119825,mean
Reference,Expenditure deciles,Sweden,Income Share|Rural,0.5294236210780833,mean
Reference,Expenditure deciles,Sweden,Expenditure Share|Urban,0.4475286335880175,mean
Reference,Expenditure deciles,Sweden,Income Share|Urban,0.4705763789219168,mean
Reference,Expenditure deciles,Sweden,Expenditure Share|Rural,0.5524713664119825,mean
Reference,Expenditure deciles,Sweden,Income Share|Rural,0.5294236210780833,mean
Reference,Expenditure deciles,Sweden,Expenditure Share|Urban,0.4475286335880175,mean
Reference,Expenditure deciles,Sweden,Income Share|Urban,0.4705763789219168,mean
Reference,Expenditure deciles,Sweden,Expenditure Share|Rural,0.5524713664119825,mean
Reference,Expenditure deciles,Sweden,Income Share|Rural,0.5294236210780833,mean
Reference,Expenditure deciles,Sweden,Expenditure Share|Urban,0.4475286335880175,mean
Reference,Expenditure deciles,Sweden,Income Share|Urban,0.4705763789219168,mean
Reference,Expenditure deciles,Belgium,Education|No education|Rural|D1,0.04528128152489314,NA
Reference,Expenditure deciles,Belgium,Education|Primary Education|Rural|D1,0.09006324817657008,NA
Reference,Expenditure deciles,Belgium,Education|Secondary Education|Rural|D1,0.7749750760472341,NA
Reference,Expenditure deciles,Belgium,Education|Tertiary Education|Rural|D1,0.08968039425130257,NA
Reference,Expenditure deciles,Belgium,Education|No education|Urban|D1,0.06925717146945355,NA
Reference,Expenditure deciles,Belgium,Education|Not specified|Urban|D1,0.012319730323121503,NA
Reference,Expenditure deciles,Belgium,Education|Primary Education|Urban|D1,0.14548996574346998,NA
Reference,Expenditure deciles,Belgium,Education|Secondary Education|Urban|D1,0.6494897710285527,NA
Reference,Expenditure deciles,Belgium,Education|Tertiary Education|Urban|D1,0.12344336143540227,NA
Reference,Expenditure deciles,Belgium,Education|Primary Education|Rural|D2,0.2657724128368395,NA
Reference,Expenditure deciles,Belgium,Education|Secondary Education|Rural|D2,0.5417357329449511,NA
Reference,Expenditure deciles,Belgium,Education|Tertiary Education|Rural|D2,0.1924918542182094,NA
Reference,Expenditure deciles,Belgium,Education|No education|Urban|D2,0.03545413988056083,NA
Reference,Expenditure deciles,Belgium,Education|Not specified|Urban|D2,0.020320032562834215,NA
Reference,Expenditure deciles,Belgium,Education|Primary Education|Urban|D2,0.14155643153494182,NA
Reference,Expenditure deciles,Belgium,Education|Secondary Education|Urban|D2,0.58325540568056,NA
Reference,Expenditure deciles,Belgium,Education|Tertiary Education|Urban|D2,0.21941399034110315,NA
Reference,Expenditure deciles,Belgium,Education|Not specified|Rural|D3,0.016704000634228146,NA
Reference,Expenditure deciles,Belgium,Education|Primary Education|Rural|D3,0.0865146988167933,NA
Reference,Expenditure deciles,Belgium,Education|Secondary Education|Rural|D3,0.6638181043974355,NA
Reference,Expenditure deciles,Belgium,Education|Tertiary Education|Rural|D3,0.232963196151543,NA
Reference,Expenditure deciles,Belgium,Education|No education|Urban|D3,0.029694074629220052,NA
Reference,Expenditure deciles,Belgium,Education|Not specified|Urban|D3,0.01721638097167969,NA
Reference,Expenditure deciles,Belgium,Education|Primary Education|Urban|D3,0.10749179761255906,NA
Reference,Expenditure deciles,Belgium,Education|Secondary Education|Urban|D3,0.5766822480644611,NA
Reference,Expenditure deciles,Belgium,Education|Tertiary Education|Urban|D3,0.26891549872208004,NA
Reference,Expenditure deciles,Belgium,Education|Primary Education|Rural|D4,0.1795077030173998,NA
Reference,Expenditure deciles,Belgium,Education|Secondary Education|Rural|D4,0.520394983778833,NA
Reference,Expenditure deciles,Belgium,Education|Tertiary Education|Rural|D4,0.3000973132037672,NA
Reference,Expenditure deciles,Belgium,Education|No education|Urban|D4,0.030278115616475573,NA
Reference,Expenditure deciles,Belgium,Education|Not specified|Urban|D4,0.013855403916388575,NA
Reference,Expenditure deciles,Belgium,Education|Primary Education|Urban|D4,0.09221972332401274,NA
Reference,Expenditure deciles,Belgium,Education|Secondary Education|Urban|D4,0.5260346117611936,NA
Reference,Expenditure deciles,Belgium,Education|Tertiary Education|Urban|D4,0.33761214538192963,NA
Reference,Expenditure deciles,Belgium,Education|No education|Rural|D5,0.011907666943081536,NA
Reference,Expenditure deciles,Belgium,Education|Primary Education|Rural|D5,0.032615073449199755,NA
Reference,Expenditure deciles,Belgium,Education|Secondary Education|Rural|D5,0.7065545768565201,NA
Reference,Expenditure deciles,Belgium,Education|Tertiary Education|Rural|D5,0.24892268275119855,NA
Reference,Expenditure deciles,Belgium,Education|No education|Urban|D5,0.015250635377137793,NA
Reference,Expenditure deciles,Belgium,Education|Not specified|Urban|D5,0.03209749716031206,NA
Reference,Expenditure deciles,Belgium,Education|Primary Education|Urban|D5,0.06848297213435589,NA
Reference,Expenditure deciles,Belgium,Education|Secondary Education|Urban|D5,0.5088060837526848,NA
Reference,Expenditure deciles,Belgium,Education|Tertiary Education|Urban|D5,0.3753628115755094,NA
Reference,Expenditure deciles,Belgium,Education|Primary Education|Rural|D6,0.0889106265274869,NA
Reference,Expenditure deciles,Belgium,Education|Secondary Education|Rural|D6,0.5185156133602993,NA
Reference,Expenditure deciles,Belgium,Education|Tertiary Education|Rural|D6,0.3925737601122139,NA
Reference,Expenditure deciles,Belgium,Education|No education|Urban|D6,0.013672007269145425,NA
Reference,Expenditure deciles,Belgium,Education|Not specified|Urban|D6,0.03850986570243775,NA
Reference,Expenditure deciles,Belgium,Education|Primary Education|Urban|D6,0.057075475719055906,NA
Reference,Expenditure deciles,Belgium,Education|Secondary Education|Urban|D6,0.48749157377718516,NA
Reference,Expenditure deciles,Belgium,Education|Tertiary Education|Urban|D6,0.4032510775321758,NA
Reference,Expenditure deciles,Belgium,Education|Primary Education|Rural|D7,0.016603188630828974,NA
Reference,Expenditure deciles,Belgium,Education|Secondary Education|Rural|D7,0.42907048828850364,NA
Reference,Expenditure deciles,Belgium,Education|Tertiary Education|Rural|D7,0.5543263230806673,NA
Reference,Expenditure deciles,Belgium,Education|No education|Urban|D7,0.02017116062907672,NA
Reference,Expenditure deciles,Belgium,Education|Not specified|Urban|D7,0.024750167255243073,NA
Reference,Expenditure deciles,Belgium,Education|Primary Education|Urban|D7,0.07632604462548286,NA
Reference,Expenditure deciles,Belgium,Education|Secondary Education|Urban|D7,0.40539730133640656,NA
Reference,Expenditure deciles,Belgium,Education|Tertiary Education|Urban|D7,0.4733553261537907,NA
Reference,Expenditure deciles,Belgium,Education|Not specified|Rural|D8,0.010731205735549882,NA
Reference,Expenditure deciles,Belgium,Education|Primary Education|Rural|D8,0.1036378486284235,NA
Reference,Expenditure deciles,Belgium,Education|Secondary Education|Rural|D8,0.4555472255603125,NA
Reference,Expenditure deciles,Belgium,Education|Tertiary Education|Rural|D8,0.4300837200757142,NA
Reference,Expenditure deciles,Belgium,Education|No education|Urban|D8,0.005695622214180724,NA
Reference,Expenditure deciles,Belgium,Education|Not specified|Urban|D8,0.04359210083846159,NA
Reference,Expenditure deciles,Belgium,Education|Primary Education|Urban|D8,0.026491378215215217,NA
Reference,Expenditure deciles,Belgium,Education|Secondary Education|Urban|D8,0.38680147768019196,NA
Reference,Expenditure deciles,Belgium,Education|Tertiary Education|Urban|D8,0.5374194210519505,NA
Reference,Expenditure deciles,Belgium,Education|Not specified|Rural|D9,0.05176969934109907,NA
Reference,Expenditure deciles,Belgium,Education|Primary Education|Rural|D9,0.040122568478310056,NA
Reference,Expenditure deciles,Belgium,Education|Secondary Education|Rural|D9,0.4572909801664256,NA
Reference,Expenditure deciles,Belgium,Education|Tertiary Education|Rural|D9,0.4508167520141653,NA
Reference,Expenditure deciles,Belgium,Education|No education|Urban|D9,0.008881126404356952,NA
Reference,Expenditure deciles,Belgium,Education|Not specified|Urban|D9,0.05129410731274974,NA
Reference,Expenditure deciles,Belgium,Education|Primary Education|Urban|D9,0.015701925378024693,NA
Reference,Expenditure deciles,Belgium,Education|Secondary Education|Urban|D9,0.35312657001801273,NA
Reference,Expenditure deciles,Belgium,Education|Tertiary Education|Urban|D9,0.5709962708868559,NA
Reference,Expenditure deciles,Belgium,Education|Not specified|Rural|D10,0.025678360977472267,NA
Reference,Expenditure deciles,Belgium,Education|Secondary Education|Rural|D10,0.3774224756468696,NA
Reference,Expenditure deciles,Belgium,Education|Tertiary Education|Rural|D10,0.5968991633756581,NA
Reference,Expenditure deciles,Belgium,Education|No education|Urban|D10,0.014677519432107142,NA
Reference,Expenditure deciles,Belgium,Education|Not specified|Urban|D10,0.05507993426941365,NA
Reference,Expenditure deciles,Belgium,Education|Primary Education|Urban|D10,0.021197087151604836,NA
Reference,Expenditure deciles,Belgium,Education|Secondary Education|Urban|D10,0.3234558858966604,NA
Reference,Expenditure deciles,Belgium,Education|Tertiary Education|Urban|D10,0.5855895732502141,NA
Reference,Expenditure deciles,Bulgaria,Education|Not specified|Rural|D1,0.046216167095403195,NA
Reference,Expenditure deciles,Bulgaria,Education|Primary Education|Rural|D1,0.09309873988741005,NA
Reference,Expenditure deciles,Bulgaria,Education|Secondary Education|Rural|D1,0.8273042258509488,NA
Reference,Expenditure deciles,Bulgaria,Education|Tertiary Education|Rural|D1,0.03338086716623793,NA
Reference,Expenditure deciles,Bulgaria,Education|Not specified|Urban|D1,0.01328162200783582,NA
Reference,Expenditure deciles,Bulgaria,Education|Primary Education|Urban|D1,0.13996455982736306,NA
Reference,Expenditure deciles,Bulgaria,Education|Secondary Education|Urban|D1,0.7973054662100195,NA
Reference,Expenditure deciles,Bulgaria,Education|Tertiary Education|Urban|D1,0.0494483519547817,NA
Reference,Expenditure deciles,Bulgaria,Education|Not specified|Rural|D2,0.029044444081929428,NA
Reference,Expenditure deciles,Bulgaria,Education|Primary Education|Rural|D2,0.09226149554533782,NA
Reference,Expenditure deciles,Bulgaria,Education|Secondary Education|Rural|D2,0.8179006807255168,NA
Reference,Expenditure deciles,Bulgaria,Education|Tertiary Education|Rural|D2,0.06079337964721593,NA
Reference,Expenditure deciles,Bulgaria,Education|No education|Urban|D2,0.004613116128668743,NA
Reference,Expenditure deciles,Bulgaria,Education|Not specified|Urban|D2,0.009094442582199035,NA
Reference,Expenditure deciles,Bulgaria,Education|Primary Education|Urban|D2,0.023996703348126248,NA
Reference,Expenditure deciles,Bulgaria,Education|Secondary Education|Urban|D2,0.8233684103968684,NA
Reference,Expenditure deciles,Bulgaria,Education|Tertiary Education|Urban|D2,0.13892732754413759,NA
Reference,Expenditure deciles,Bulgaria,Education|Not specified|Rural|D3,0.01817547080168357,NA
Reference,Expenditure deciles,Bulgaria,Education|Primary Education|Rural|D3,0.07472369192212858,NA
Reference,Expenditure deciles,Bulgaria,Education|Secondary Education|Rural|D3,0.8600709540417101,NA
Reference,Expenditure deciles,Bulgaria,Education|Tertiary Education|Rural|D3,0.04702988323447779,NA
Reference,Expenditure deciles,Bulgaria,Education|Primary Education|Urban|D3,0.016364395914663134,NA
Reference,Expenditure deciles,Bulgaria,Education|Secondary Education|Urban|D3,0.7727173636420384,NA
Reference,Expenditure deciles,Bulgaria,Education|Tertiary Education|Urban|D3,0.2109182404432984,NA
Reference,Expenditure deciles,Bulgaria,Education|Primary Education|Rural|D4,0.13120971940989296,NA
Reference,Expenditure deciles,Bulgaria,Education|Secondary Education|Rural|D4,0.8418304888631761,NA
Reference,Expenditure deciles,Bulgaria,Education|Tertiary Education|Rural|D4,0.026959791726930867,NA
Reference,Expenditure deciles,Bulgaria,Education|Primary Education|Urban|D4,0.011227494458470788,NA
Reference,Expenditure deciles,Bulgaria,Education|Secondary Education|Urban|D4,0.7624422015133046,NA
Reference,Expenditure deciles,Bulgaria,Education|Tertiary Education|Urban|D4,0.22633030402822474,NA
Reference,Expenditure deciles,Bulgaria,Education|Primary Education|Rural|D5,0.05641625085778755,NA
Reference,Expenditure deciles,Bulgaria,Education|Secondary Education|Rural|D5,0.8896332740151436,NA
Reference,Expenditure deciles,Bulgaria,Education|Tertiary Education|Rural|D5,0.05395047512706887,NA
Reference,Expenditure deciles,Bulgaria,Education|Not specified|Urban|D5,0.006589945592783916,NA
Reference,Expenditure deciles,Bulgaria,Education|Primary Education|Urban|D5,0.008418475777764592,NA
Reference,Expenditure deciles,Bulgaria,Education|Secondary Education|Urban|D5,0.7075384172262018,NA
Reference,Expenditure deciles,Bulgaria,Education|Tertiary Education|Urban|D5,0.27745316140324977,NA
Reference,Expenditure deciles,Bulgaria,Education|Primary Education|Rural|D6,0.04695539502027071,NA
Reference,Expenditure deciles,Bulgaria,Education|Secondary Education|Rural|D6,0.925916650205529,NA
Reference,Expenditure deciles,Bulgaria,Education|Tertiary Education|Rural|D6,0.02712795477420022,NA
Reference,Expenditure deciles,Bulgaria,Education|Not specified|Urban|D6,0.004294710810344497,NA
Reference,Expenditure deciles,Bulgaria,Education|Primary Education|Urban|D6,0.013924620899871556,NA
Reference,Expenditure deciles,Bulgaria,Education|Secondary Education|Urban|D6,0.6676552345532274,NA
Reference,Expenditure deciles,Bulgaria,Education|Tertiary Education|Urban|D6,0.31412543373655655,NA
Reference,Expenditure deciles,Bulgaria,Education|Primary Education|Rural|D7,0.04544576979260679,NA
Reference,Expenditure deciles,Bulgaria,Education|Secondary Education|Rural|D7,0.9069417177628701,NA
Reference,Expenditure deciles,Bulgaria,Education|Tertiary Education|Rural|D7,0.04761251244452301,NA
Reference,Expenditure deciles,Bulgaria,Education|Not specified|Urban|D7,0.010265489108484342,NA
Reference,Expenditure deciles,Bulgaria,Education|Primary Education|Urban|D7,0.009158643397583596,NA
Reference,Expenditure deciles,Bulgaria,Education|Secondary Education|Urban|D7,0.6558296438476303,NA
Reference,Expenditure deciles,Bulgaria,Education|Tertiary Education|Urban|D7,0.32474622364630173,NA
Reference,Expenditure deciles,Bulgaria,Education|Primary Education|Rural|D8,0.011101601018381977,NA
Reference,Expenditure deciles,Bulgaria,Education|Secondary Education|Rural|D8,0.9116844665811904,NA
Reference,Expenditure deciles,Bulgaria,Education|Tertiary Education|Rural|D8,0.0772139324004276,NA
Reference,Expenditure deciles,Bulgaria,Education|Not specified|Urban|D8,0.009184437566509784,NA
Reference,Expenditure deciles,Bulgaria,Education|Primary Education|Urban|D8,0.004538697543760846,NA
Reference,Expenditure deciles,Bulgaria,Education|Secondary Education|Urban|D8,0.6130891736175971,NA
Reference,Expenditure deciles,Bulgaria,Education|Tertiary Education|Urban|D8,0.37318769127213236,NA
Reference,Expenditure deciles,Bulgaria,Education|Primary Education|Rural|D9,0.009364668536648182,NA
Reference,Expenditure deciles,Bulgaria,Education|Secondary Education|Rural|D9,0.9080232461931271,NA
Reference,Expenditure deciles,Bulgaria,Education|Tertiary Education|Rural|D9,0.08261208527022477,NA
Reference,Expenditure deciles,Bulgaria,Education|Not specified|Urban|D9,0.013551788938713342,NA
Reference,Expenditure deciles,Bulgaria,Education|Primary Education|Urban|D9,0.00921612609177806,NA
Reference,Expenditure deciles,Bulgaria,Education|Secondary Education|Urban|D9,0.5178405196021698,NA
Reference,Expenditure deciles,Bulgaria,Education|Tertiary Education|Urban|D9,0.45939156536733866,NA
Reference,Expenditure deciles,Bulgaria,Education|Primary Education|Rural|D10,0.026148923588956124,NA
Reference,Expenditure deciles,Bulgaria,Education|Secondary Education|Rural|D10,0.8164082859460053,NA
Reference,Expenditure deciles,Bulgaria,Education|Tertiary Education|Rural|D10,0.15744279046503856,NA
Reference,Expenditure deciles,Bulgaria,Education|Not specified|Urban|D10,0.013658653430934451,NA
Reference,Expenditure deciles,Bulgaria,Education|Secondary Education|Urban|D10,0.31772008086877146,NA
Reference,Expenditure deciles,Bulgaria,Education|Tertiary Education|Urban|D10,0.6686212657002941,NA
Reference,Expenditure deciles,Croatia,Education|Not specified|Rural|D1,0.009331793450168864,NA
Reference,Expenditure deciles,Croatia,Education|Primary Education|Rural|D1,0.11818222761714185,NA
Reference,Expenditure deciles,Croatia,Education|Secondary Education|Rural|D1,0.8078673396780944,NA
Reference,Expenditure deciles,Croatia,Education|Tertiary Education|Rural|D1,0.06461863925459478,NA
Reference,Expenditure deciles,Croatia,Education|Not specified|Urban|D1,0.012185640676443071,NA
Reference,Expenditure deciles,Croatia,Education|Secondary Education|Urban|D1,0.671587718693568,NA
Reference,Expenditure deciles,Croatia,Education|Tertiary Education|Urban|D1,0.3162266406299889,NA
Reference,Expenditure deciles,Croatia,Education|Not specified|Rural|D2,0.017500019288955428,NA
Reference,Expenditure deciles,Croatia,Education|Primary Education|Rural|D2,0.03964892405425037,NA
Reference,Expenditure deciles,Croatia,Education|Secondary Education|Rural|D2,0.8509539330181819,NA
Reference,Expenditure deciles,Croatia,Education|Tertiary Education|Rural|D2,0.09189712363861242,NA
Reference,Expenditure deciles,Croatia,Education|Not specified|Urban|D2,0.010059303048032894,NA
Reference,Expenditure deciles,Croatia,Education|Primary Education|Urban|D2,0.006513312044629564,NA
Reference,Expenditure deciles,Croatia,Education|Secondary Education|Urban|D2,0.7778248766958683,NA
Reference,Expenditure deciles,Croatia,Education|Tertiary Education|Urban|D2,0.2056025082114692,NA
Reference,Expenditure deciles,Croatia,Education|Not specified|Rural|D3,0.02505008703374282,NA
Reference,Expenditure deciles,Croatia,Education|Primary Education|Rural|D3,0.05675413942389612,NA
Reference,Expenditure deciles,Croatia,Education|Secondary Education|Rural|D3,0.8564014665579155,NA
Reference,Expenditure deciles,Croatia,Education|Tertiary Education|Rural|D3,0.06179430698444553,NA
Reference,Expenditure deciles,Croatia,Education|Not specified|Urban|D3,0.025692323715338205,NA
Reference,Expenditure deciles,Croatia,Education|Primary Education|Urban|D3,0.009178119162881764,NA
Reference,Expenditure deciles,Croatia,Education|Secondary Education|Urban|D3,0.7322834112292064,NA
Reference,Expenditure deciles,Croatia,Education|Tertiary Education|Urban|D3,0.23284614589257363,NA
Reference,Expenditure deciles,Croatia,Education|Not specified|Rural|D4,0.026336211728992844,NA
Reference,Expenditure deciles,Croatia,Education|Primary Education|Rural|D4,0.05231144708841925,NA
Reference,Expenditure deciles,Croatia,Education|Secondary Education|Rural|D4,0.8882373680173461,NA
Reference,Expenditure deciles,Croatia,Education|Tertiary Education|Rural|D4,0.03311497316524169,NA
Reference,Expenditure deciles,Croatia,Education|Not specified|Urban|D4,0.0062973655312358184,NA
Reference,Expenditure deciles,Croatia,Education|Primary Education|Urban|D4,0.0049968920381386235,NA
Reference,Expenditure deciles,Croatia,Education|Secondary Education|Urban|D4,0.664749642244973,NA
Reference,Expenditure deciles,Croatia,Education|Tertiary Education|Urban|D4,0.3239561001856525,NA
Reference,Expenditure deciles,Croatia,Education|Not specified|Rural|D5,0.02501906803854634,NA
Reference,Expenditure deciles,Croatia,Education|Primary Education|Rural|D5,0.06599635441028377,NA
Reference,Expenditure deciles,Croatia,Education|Secondary Education|Rural|D5,0.7643054326407358,NA
Reference,Expenditure deciles,Croatia,Education|Tertiary Education|Rural|D5,0.14467914491043404,NA
Reference,Expenditure deciles,Croatia,Education|Not specified|Urban|D5,0.010944780748768432,NA
Reference,Expenditure deciles,Croatia,Education|Primary Education|Urban|D5,0.03457952784700352,NA
Reference,Expenditure deciles,Croatia,Education|Secondary Education|Urban|D5,0.6838088463681086,NA
Reference,Expenditure deciles,Croatia,Education|Tertiary Education|Urban|D5,0.27066684503611943,NA
Reference,Expenditure deciles,Croatia,Education|Not specified|Rural|D6,0.01378054975804911,NA
Reference,Expenditure deciles,Croatia,Education|Primary Education|Rural|D6,0.06771928545128551,NA
Reference,Expenditure deciles,Croatia,Education|Secondary Education|Rural|D6,0.8413773501768098,NA
Reference,Expenditure deciles,Croatia,Education|Tertiary Education|Rural|D6,0.0771228146138555,NA
Reference,Expenditure deciles,Croatia,Education|Not specified|Urban|D6,0.009219700523499562,NA
Reference,Expenditure deciles,Croatia,Education|Primary Education|Urban|D6,0.019318760050848666,NA
Reference,Expenditure deciles,Croatia,Education|Secondary Education|Urban|D6,0.69359221296503,NA
Reference,Expenditure deciles,Croatia,Education|Tertiary Education|Urban|D6,0.27786932646062174,NA
Reference,Expenditure deciles,Croatia,Education|Not specified|Rural|D7,0.083526123596875,NA
Reference,Expenditure deciles,Croatia,Education|Primary Education|Rural|D7,0.047924542760792235,NA
Reference,Expenditure deciles,Croatia,Education|Secondary Education|Rural|D7,0.8455747605434978,NA
Reference,Expenditure deciles,Croatia,Education|Tertiary Education|Rural|D7,0.02297457309883494,NA
Reference,Expenditure deciles,Croatia,Education|Not specified|Urban|D7,0.024459519431144095,NA
Reference,Expenditure deciles,Croatia,Education|Primary Education|Urban|D7,0.01341248004033703,NA
Reference,Expenditure deciles,Croatia,Education|Secondary Education|Urban|D7,0.7937827530191036,NA
Reference,Expenditure deciles,Croatia,Education|Tertiary Education|Urban|D7,0.16834524750941532,NA
Reference,Expenditure deciles,Croatia,Education|Not specified|Rural|D8,0.011024433653839302,NA
Reference,Expenditure deciles,Croatia,Education|Primary Education|Rural|D8,0.13623564368637986,NA
Reference,Expenditure deciles,Croatia,Education|Secondary Education|Rural|D8,0.7359120461197252,NA
Reference,Expenditure deciles,Croatia,Education|Tertiary Education|Rural|D8,0.11682787654005575,NA
Reference,Expenditure deciles,Croatia,Education|Primary Education|Urban|D8,0.027928686450970495,NA
Reference,Expenditure deciles,Croatia,Education|Secondary Education|Urban|D8,0.8042370953804203,NA
Reference,Expenditure deciles,Croatia,Education|Tertiary Education|Urban|D8,0.16783421816860927,NA
Reference,Expenditure deciles,Croatia,Education|Primary Education|Rural|D9,0.15874312665009005,NA
Reference,Expenditure deciles,Croatia,Education|Secondary Education|Rural|D9,0.7611984520378553,NA
Reference,Expenditure deciles,Croatia,Education|Tertiary Education|Rural|D9,0.08005842131205465,NA
Reference,Expenditure deciles,Croatia,Education|Not specified|Urban|D9,0.017625031769425786,NA
Reference,Expenditure deciles,Croatia,Education|Primary Education|Urban|D9,0.033073983166307726,NA
Reference,Expenditure deciles,Croatia,Education|Secondary Education|Urban|D9,0.6942203174588875,NA
Reference,Expenditure deciles,Croatia,Education|Tertiary Education|Urban|D9,0.255080667605379,NA
Reference,Expenditure deciles,Croatia,Education|Not specified|Rural|D10,0.07645748117697594,NA
Reference,Expenditure deciles,Croatia,Education|Primary Education|Rural|D10,0.22679303452840407,NA
Reference,Expenditure deciles,Croatia,Education|Secondary Education|Rural|D10,0.626456048656178,NA
Reference,Expenditure deciles,Croatia,Education|Tertiary Education|Rural|D10,0.07029343563844208,NA
Reference,Expenditure deciles,Croatia,Education|Primary Education|Urban|D10,0.0886581177629259,NA
Reference,Expenditure deciles,Croatia,Education|Secondary Education|Urban|D10,0.6548264587744985,NA
Reference,Expenditure deciles,Croatia,Education|Tertiary Education|Urban|D10,0.2565154234625755,NA
Reference,Expenditure deciles,Cyprus,Education|No education|Rural|D1,0.2762824095012719,NA
Reference,Expenditure deciles,Cyprus,Education|Primary Education|Rural|D1,0.34256772272142266,NA
Reference,Expenditure deciles,Cyprus,Education|Secondary Education|Rural|D1,0.34999595242897735,NA
Reference,Expenditure deciles,Cyprus,Education|Tertiary Education|Rural|D1,0.031153915348328086,NA
Reference,Expenditure deciles,Cyprus,Education|No education|Urban|D1,0.1315847024661587,NA
Reference,Expenditure deciles,Cyprus,Education|Primary Education|Urban|D1,0.21947348717633627,NA
Reference,Expenditure deciles,Cyprus,Education|Secondary Education|Urban|D1,0.5386406468634944,NA
Reference,Expenditure deciles,Cyprus,Education|Tertiary Education|Urban|D1,0.11030116349401058,NA
Reference,Expenditure deciles,Cyprus,Education|No education|Rural|D2,0.17234139600620707,NA
Reference,Expenditure deciles,Cyprus,Education|Primary Education|Rural|D2,0.42756332820939635,NA
Reference,Expenditure deciles,Cyprus,Education|Secondary Education|Rural|D2,0.3258096809017595,NA
Reference,Expenditure deciles,Cyprus,Education|Tertiary Education|Rural|D2,0.07428559488263711,NA
Reference,Expenditure deciles,Cyprus,Education|No education|Urban|D2,0.07745924677366058,NA
Reference,Expenditure deciles,Cyprus,Education|Primary Education|Urban|D2,0.22338076201771084,NA
Reference,Expenditure deciles,Cyprus,Education|Secondary Education|Urban|D2,0.5302139012649251,NA
Reference,Expenditure deciles,Cyprus,Education|Tertiary Education|Urban|D2,0.16894608994370347,NA
Reference,Expenditure deciles,Cyprus,Education|No education|Rural|D3,0.13450256559969612,NA
Reference,Expenditure deciles,Cyprus,Education|Primary Education|Rural|D3,0.3637771756756362,NA
Reference,Expenditure deciles,Cyprus,Education|Secondary Education|Rural|D3,0.4526230593782536,NA
Reference,Expenditure deciles,Cyprus,Education|Tertiary Education|Rural|D3,0.04909719934641404,NA
Reference,Expenditure deciles,Cyprus,Education|No education|Urban|D3,0.07082075805361826,NA
Reference,Expenditure deciles,Cyprus,Education|Primary Education|Urban|D3,0.2706250815452454,NA
Reference,Expenditure deciles,Cyprus,Education|Secondary Education|Urban|D3,0.4798095186303964,NA
Reference,Expenditure deciles,Cyprus,Education|Tertiary Education|Urban|D3,0.17874464177073998,NA
Reference,Expenditure deciles,Cyprus,Education|No education|Rural|D4,0.16210123534999107,NA
Reference,Expenditure deciles,Cyprus,Education|Primary Education|Rural|D4,0.28441583358556005,NA
Reference,Expenditure deciles,Cyprus,Education|Secondary Education|Rural|D4,0.34660766529180215,NA
Reference,Expenditure deciles,Cyprus,Education|Tertiary Education|Rural|D4,0.20687526577264678,NA
Reference,Expenditure deciles,Cyprus,Education|No education|Urban|D4,0.04693940588616632,NA
Reference,Expenditure deciles,Cyprus,Education|Primary Education|Urban|D4,0.20409246706706596,NA
Reference,Expenditure deciles,Cyprus,Education|Secondary Education|Urban|D4,0.4688481329626356,NA
Reference,Expenditure deciles,Cyprus,Education|Tertiary Education|Urban|D4,0.2801199940841322,NA
Reference,Expenditure deciles,Cyprus,Education|No education|Rural|D5,0.09377020217209943,NA
Reference,Expenditure deciles,Cyprus,Education|Primary Education|Rural|D5,0.19811775322723385,NA
Reference,Expenditure deciles,Cyprus,Education|Secondary Education|Rural|D5,0.5070950594536511,NA
Reference,Expenditure deciles,Cyprus,Education|Tertiary Education|Rural|D5,0.20101698514701566,NA
Reference,Expenditure deciles,Cyprus,Education|No education|Urban|D5,0.036445463969410445,NA
Reference,Expenditure deciles,Cyprus,Education|Primary Education|Urban|D5,0.1834825419095794,NA
Reference,Expenditure deciles,Cyprus,Education|Secondary Education|Urban|D5,0.4421360041811066,NA
Reference,Expenditure deciles,Cyprus,Education|Tertiary Education|Urban|D5,0.3379359899399035,NA
Reference,Expenditure deciles,Cyprus,Education|No education|Rural|D6,0.08511869313045893,NA
Reference,Expenditure deciles,Cyprus,Education|Primary Education|Rural|D6,0.18770908889205096,NA
Reference,Expenditure deciles,Cyprus,Education|Secondary Education|Rural|D6,0.49783049486777164,NA
Reference,Expenditure deciles,Cyprus,Education|Tertiary Education|Rural|D6,0.22934172310971843,NA
Reference,Expenditure deciles,Cyprus,Education|No education|Urban|D6,0.03198752633788314,NA
Reference,Expenditure deciles,Cyprus,Education|Primary Education|Urban|D6,0.07375101359359842,NA
Reference,Expenditure deciles,Cyprus,Education|Secondary Education|Urban|D6,0.4839154413130626,NA
Reference,Expenditure deciles,Cyprus,Education|Tertiary Education|Urban|D6,0.41034601875545584,NA
Reference,Expenditure deciles,Cyprus,Education|No education|Rural|D7,0.011547016976317163,NA
Reference,Expenditure deciles,Cyprus,Education|Primary Education|Rural|D7,0.22791645557579907,NA
Reference,Expenditure deciles,Cyprus,Education|Secondary Education|Rural|D7,0.48436579880766967,NA
Reference,Expenditure deciles,Cyprus,Education|Tertiary Education|Rural|D7,0.276170728640214,NA
Reference,Expenditure deciles,Cyprus,Education|No education|Urban|D7,0.01673562392327378,NA
Reference,Expenditure deciles,Cyprus,Education|Not specified|Urban|D7,0.013208163524116086,NA
Reference,Expenditure deciles,Cyprus,Education|Primary Education|Urban|D7,0.06538077922591222,NA
Reference,Expenditure deciles,Cyprus,Education|Secondary Education|Urban|D7,0.3880581026905066,NA
Reference,Expenditure deciles,Cyprus,Education|Tertiary Education|Urban|D7,0.5166173306361912,NA
Reference,Expenditure deciles,Cyprus,Education|No education|Rural|D8,0.06791716506634748,NA
Reference,Expenditure deciles,Cyprus,Education|Primary Education|Rural|D8,0.2509212695304632,NA
Reference,Expenditure deciles,Cyprus,Education|Secondary Education|Rural|D8,0.3143186523893435,NA
Reference,Expenditure deciles,Cyprus,Education|Tertiary Education|Rural|D8,0.36684291301384586,NA
Reference,Expenditure deciles,Cyprus,Education|No education|Urban|D8,0.0037166165999181866,NA
Reference,Expenditure deciles,Cyprus,Education|Not specified|Urban|D8,0.0069078491643831666,NA
Reference,Expenditure deciles,Cyprus,Education|Primary Education|Urban|D8,0.06644365734256993,NA
Reference,Expenditure deciles,Cyprus,Education|Secondary Education|Urban|D8,0.33968056423048726,NA
Reference,Expenditure deciles,Cyprus,Education|Tertiary Education|Urban|D8,0.5832513126626415,NA
Reference,Expenditure deciles,Cyprus,Education|Primary Education|Rural|D9,0.10811491462250716,NA
Reference,Expenditure deciles,Cyprus,Education|Secondary Education|Rural|D9,0.5526174609280656,NA
Reference,Expenditure deciles,Cyprus,Education|Tertiary Education|Rural|D9,0.33926762444942726,NA
Reference,Expenditure deciles,Cyprus,Education|Not specified|Urban|D9,0.014373591178704516,NA
Reference,Expenditure deciles,Cyprus,Education|Primary Education|Urban|D9,0.050408180086473436,NA
Reference,Expenditure deciles,Cyprus,Education|Secondary Education|Urban|D9,0.2886857174904731,NA
Reference,Expenditure deciles,Cyprus,Education|Tertiary Education|Urban|D9,0.646532511244349,NA
Reference,Expenditure deciles,Cyprus,Education|No education|Rural|D10,0.008512545132630755,NA
Reference,Expenditure deciles,Cyprus,Education|Primary Education|Rural|D10,0.08675371594722152,NA
Reference,Expenditure deciles,Cyprus,Education|Secondary Education|Rural|D10,0.42377248132864975,NA
Reference,Expenditure deciles,Cyprus,Education|Tertiary Education|Rural|D10,0.4809612575914979,NA
Reference,Expenditure deciles,Cyprus,Education|Not specified|Urban|D10,0.047159757952817905,NA
Reference,Expenditure deciles,Cyprus,Education|Primary Education|Urban|D10,0.015514864645525518,NA
Reference,Expenditure deciles,Cyprus,Education|Secondary Education|Urban|D10,0.2467884491762565,NA
Reference,Expenditure deciles,Cyprus,Education|Tertiary Education|Urban|D10,0.6905369282254,NA
Reference,Expenditure deciles,Denmark,Education|Not specified|Rural|D1,0.06473365307823382,NA
Reference,Expenditure deciles,Denmark,Education|Primary Education|Rural|D1,0.1875144036720654,NA
Reference,Expenditure deciles,Denmark,Education|Secondary Education|Rural|D1,0.4523360271380567,NA
Reference,Expenditure deciles,Denmark,Education|Tertiary Education|Rural|D1,0.29541591611164403,NA
Reference,Expenditure deciles,Denmark,Education|Not specified|Urban|D1,0.010504446760183474,NA
Reference,Expenditure deciles,Denmark,Education|Primary Education|Urban|D1,0.1479921860204287,NA
Reference,Expenditure deciles,Denmark,Education|Secondary Education|Urban|D1,0.34666523804637905,NA
Reference,Expenditure deciles,Denmark,Education|Tertiary Education|Urban|D1,0.49483812917300873,NA
Reference,Expenditure deciles,Denmark,Education|Primary Education|Rural|D2,0.19435913755263018,NA
Reference,Expenditure deciles,Denmark,Education|Secondary Education|Rural|D2,0.5203222242059,NA
Reference,Expenditure deciles,Denmark,Education|Tertiary Education|Rural|D2,0.2853186382414697,NA
Reference,Expenditure deciles,Denmark,Education|Not specified|Urban|D2,0.027016531340291982,NA
Reference,Expenditure deciles,Denmark,Education|Primary Education|Urban|D2,0.15020951865902157,NA
Reference,Expenditure deciles,Denmark,Education|Secondary Education|Urban|D2,0.43758225312661814,NA
Reference,Expenditure deciles,Denmark,Education|Tertiary Education|Urban|D2,0.38519169687406846,NA
Reference,Expenditure deciles,Denmark,Education|Primary Education|Rural|D3,0.161516648375411,NA
Reference,Expenditure deciles,Denmark,Education|Secondary Education|Rural|D3,0.5873816156524345,NA
Reference,Expenditure deciles,Denmark,Education|Tertiary Education|Rural|D3,0.2511017359721545,NA
Reference,Expenditure deciles,Denmark,03,0.015493498667301925,NA
Reference,Expenditure deciles,Denmark,Education|Not specified|Urban|D3,0.06187666204096064,NA
Reference,Expenditure deciles,Denmark,Education|Primary Education|Urban|D3,0.1467986686175501,NA
Reference,Expenditure deciles,Denmark,Education|Secondary Education|Urban|D3,0.4334114205411631,NA
Reference,Expenditure deciles,Denmark,Education|Tertiary Education|Urban|D3,0.3424197501330242,NA
Reference,Expenditure deciles,Denmark,04,0.03638419121813616,NA
Reference,Expenditure deciles,Denmark,Education|Not specified|Rural|D4,0.08216513940238736,NA
Reference,Expenditure deciles,Denmark,Education|Primary Education|Rural|D4,0.16855326388338268,NA
Reference,Expenditure deciles,Denmark,Education|Secondary Education|Rural|D4,0.4566287149389046,NA
Reference,Expenditure deciles,Denmark,Education|Tertiary Education|Rural|D4,0.25626869055718915,NA
Reference,Expenditure deciles,Denmark,04,0.0037266508524525918,NA
Reference,Expenditure deciles,Denmark,Education|Not specified|Urban|D4,0.019117575407911747,NA
Reference,Expenditure deciles,Denmark,Education|Primary Education|Urban|D4,0.13413670853053256,NA
Reference,Expenditure deciles,Denmark,Education|Secondary Education|Urban|D4,0.45130685606140725,NA
Reference,Expenditure deciles,Denmark,Education|Tertiary Education|Urban|D4,0.39171220914769583,NA
Reference,Expenditure deciles,Denmark,Education|Primary Education|Rural|D5,0.2983582584817677,NA
Reference,Expenditure deciles,Denmark,Education|Secondary Education|Rural|D5,0.4975101007752061,NA
Reference,Expenditure deciles,Denmark,Education|Tertiary Education|Rural|D5,0.20413164074302617,NA
Reference,Expenditure deciles,Denmark,05,0.005972511915599081,NA
Reference,Expenditure deciles,Denmark,Education|Not specified|Urban|D5,0.0822662993497436,NA
Reference,Expenditure deciles,Denmark,Education|Primary Education|Urban|D5,0.17434897414294243,NA
Reference,Expenditure deciles,Denmark,Education|Secondary Education|Urban|D5,0.40366934700203266,NA
Reference,Expenditure deciles,Denmark,Education|Tertiary Education|Urban|D5,0.33374286758968236,NA
Reference,Expenditure deciles,Denmark,Education|Not specified|Rural|D6,0.0589934621849112,NA
Reference,Expenditure deciles,Denmark,Education|Primary Education|Rural|D6,0.3228115521087607,NA
Reference,Expenditure deciles,Denmark,Education|Secondary Education|Rural|D6,0.40446397778089926,NA
Reference,Expenditure deciles,Denmark,Education|Tertiary Education|Rural|D6,0.2137310079254288,NA
Reference,Expenditure deciles,Denmark,06,0.02582065617881563,NA
Reference,Expenditure deciles,Denmark,Education|Not specified|Urban|D6,0.05110875009724256,NA
Reference,Expenditure deciles,Denmark,Education|Primary Education|Urban|D6,0.16165694041087536,NA
Reference,Expenditure deciles,Denmark,Education|Secondary Education|Urban|D6,0.47314261815762865,NA
Reference,Expenditure deciles,Denmark,Education|Tertiary Education|Urban|D6,0.28827103515543767,NA
Reference,Expenditure deciles,Denmark,07,0.02931862275830416,NA
Reference,Expenditure deciles,Denmark,Education|Not specified|Rural|D7,0.03683990502904295,NA
Reference,Expenditure deciles,Denmark,Education|Primary Education|Rural|D7,0.271557711219313,NA
Reference,Expenditure deciles,Denmark,Education|Secondary Education|Rural|D7,0.4514679680777572,NA
Reference,Expenditure deciles,Denmark,Education|Tertiary Education|Rural|D7,0.2108157929155826,NA
Reference,Expenditure deciles,Denmark,Education|Not specified|Urban|D7,0.07157656080550644,NA
Reference,Expenditure deciles,Denmark,Education|Primary Education|Urban|D7,0.22154137910642913,NA
Reference,Expenditure deciles,Denmark,Education|Secondary Education|Urban|D7,0.36056957149580354,NA
Reference,Expenditure deciles,Denmark,Education|Tertiary Education|Urban|D7,0.3463124885922609,NA
Reference,Expenditure deciles,Denmark,Education|Not specified|Rural|D8,0.06612254610196094,NA
Reference,Expenditure deciles,Denmark,Education|Primary Education|Rural|D8,0.2640433556259918,NA
Reference,Expenditure deciles,Denmark,Education|Secondary Education|Rural|D8,0.44496996187767096,NA
Reference,Expenditure deciles,Denmark,Education|Tertiary Education|Rural|D8,0.2248641363943763,NA
Reference,Expenditure deciles,Denmark,08,0.006241055071261668,NA
Reference,Expenditure deciles,Denmark,Education|Not specified|Urban|D8,0.02011688290980095,NA
Reference,Expenditure deciles,Denmark,Education|Primary Education|Urban|D8,0.20024579486758473,NA
Reference,Expenditure deciles,Denmark,Education|Secondary Education|Urban|D8,0.47889194916006883,NA
Reference,Expenditure deciles,Denmark,Education|Tertiary Education|Urban|D8,0.2945043179912838,NA
Reference,Expenditure deciles,Denmark,09,0.042391143621666835,NA
Reference,Expenditure deciles,Denmark,Education|Not specified|Rural|D9,0.0332048743437948,NA
Reference,Expenditure deciles,Denmark,Education|Primary Education|Rural|D9,0.3460421734639821,NA
Reference,Expenditure deciles,Denmark,Education|Secondary Education|Rural|D9,0.4164029360930999,NA
Reference,Expenditure deciles,Denmark,Education|Tertiary Education|Rural|D9,0.1619588724774563,NA
Reference,Expenditure deciles,Denmark,09,0.0035977233205859195,NA
Reference,Expenditure deciles,Denmark,Education|Not specified|Urban|D9,0.04920120532637188,NA
Reference,Expenditure deciles,Denmark,Education|Primary Education|Urban|D9,0.28636407058500857,NA
Reference,Expenditure deciles,Denmark,Education|Secondary Education|Urban|D9,0.3705299588527588,NA
Reference,Expenditure deciles,Denmark,Education|Tertiary Education|Urban|D9,0.29030704191527473,NA
Reference,Expenditure deciles,Denmark,Education|Not specified|Rural|D10,0.02021191495835664,NA
Reference,Expenditure deciles,Denmark,Education|Primary Education|Rural|D10,0.3662384934129715,NA
Reference,Expenditure deciles,Denmark,Education|Secondary Education|Rural|D10,0.4270542769637563,NA
Reference,Expenditure deciles,Denmark,Education|Tertiary Education|Rural|D10,0.18649531466491565,NA
Reference,Expenditure deciles,Denmark,010,0.01256396344081774,NA
Reference,Expenditure deciles,Denmark,Education|Primary Education|Urban|D10,0.24353977895364634,NA
Reference,Expenditure deciles,Denmark,Education|Secondary Education|Urban|D10,0.4586820818749298,NA
Reference,Expenditure deciles,Denmark,Education|Tertiary Education|Urban|D10,0.28521417573060603,NA
Reference,Expenditure deciles,Estonia,Education|No education|Rural|D1,9.832841691248771e-4,NA
Reference,Expenditure deciles,Estonia,Education|Not specified|Rural|D1,0.04382638010956595,NA
Reference,Expenditure deciles,Estonia,Education|Primary Education|Rural|D1,0.011378002528445006,NA
Reference,Expenditure deciles,Estonia,Education|Secondary Education|Rural|D1,0.743433066441916,NA
Reference,Expenditure deciles,Estonia,Education|Tertiary Education|Rural|D1,0.20037926675094817,NA
Reference,Expenditure deciles,Estonia,Education|Not specified|Urban|D1,0.06036446469248292,NA
Reference,Expenditure deciles,Estonia,Education|Secondary Education|Urban|D1,0.5620393943454375,NA
Reference,Expenditure deciles,Estonia,Education|Tertiary Education|Urban|D1,0.3775961409620796,NA
Reference,Expenditure deciles,Estonia,Education|Not specified|Rural|D2,0.053568934208688364,NA
Reference,Expenditure deciles,Estonia,Education|Primary Education|Rural|D2,0.010825534292498952,NA
Reference,Expenditure deciles,Estonia,Education|Secondary Education|Rural|D2,0.6709037575080319,NA
Reference,Expenditure deciles,Estonia,Education|Tertiary Education|Rural|D2,0.2647017739907808,NA
Reference,Expenditure deciles,Estonia,Education|Not specified|Urban|D2,0.1084042191221504,NA
Reference,Expenditure deciles,Estonia,Education|Secondary Education|Urban|D2,0.5307927866621299,NA
Reference,Expenditure deciles,Estonia,Education|Tertiary Education|Urban|D2,0.36080299421571965,NA
Reference,Expenditure deciles,Estonia,Education|No education|Rural|D3,0.002666479545295067,NA
Reference,Expenditure deciles,Estonia,Education|Not specified|Rural|D3,0.02996280962739457,NA
Reference,Expenditure deciles,Estonia,Education|Primary Education|Rural|D3,0.024278997965055085,NA
Reference,Expenditure deciles,Estonia,Education|Secondary Education|Rural|D3,0.7547540523472037,NA
Reference,Expenditure deciles,Estonia,Education|Tertiary Education|Rural|D3,0.18833766051505157,NA
Reference,Expenditure deciles,Estonia,Education|Not specified|Urban|D3,0.0916418314819832,NA
Reference,Expenditure deciles,Estonia,Education|Primary Education|Urban|D3,0.010972636141966946,NA
Reference,Expenditure deciles,Estonia,Education|Secondary Education|Urban|D3,0.5028447575182877,NA
Reference,Expenditure deciles,Estonia,Education|Tertiary Education|Urban|D3,0.3945407748577621,NA
Reference,Expenditure deciles,Estonia,Education|Not specified|Rural|D4,0.052715877437325906,NA
Reference,Expenditure deciles,Estonia,Education|Primary Education|Rural|D4,0.02924791086350975,NA
Reference,Expenditure deciles,Estonia,Education|Secondary Education|Rural|D4,0.6612116991643454,NA
Reference,Expenditure deciles,Estonia,Education|Tertiary Education|Rural|D4,0.2568245125348189,NA
Reference,Expenditure deciles,Estonia,Education|Not specified|Urban|D4,0.15942711135018828,NA
Reference,Expenditure deciles,Estonia,Education|Primary Education|Urban|D4,0.035099515868746635,NA
Reference,Expenditure deciles,Estonia,Education|Secondary Education|Urban|D4,0.49273803119956966,NA
Reference,Expenditure deciles,Estonia,Education|Tertiary Education|Urban|D4,0.3127353415814954,NA
Reference,Expenditure deciles,Estonia,Education|Not specified|Rural|D5,0.031852531958471646,NA
Reference,Expenditure deciles,Estonia,Education|Primary Education|Rural|D5,0.02726181227487817,NA
Reference,Expenditure deciles,Estonia,Education|Secondary Education|Rural|D5,0.7508298608658803,NA
Reference,Expenditure deciles,Estonia,Education|Tertiary Education|Rural|D5,0.19005579490076982,NA
Reference,Expenditure deciles,Estonia,Education|Not specified|Urban|D5,0.10735464521845818,NA
Reference,Expenditure deciles,Estonia,Education|Primary Education|Urban|D5,0.018676300184036536,NA
Reference,Expenditure deciles,Estonia,Education|Secondary Education|Urban|D5,0.5386817531183968,NA
Reference,Expenditure deciles,Estonia,Education|Tertiary Education|Urban|D5,0.33528730147910846,NA
Reference,Expenditure deciles,Estonia,Education|Not specified|Rural|D6,0.05256960797894445,NA
Reference,Expenditure deciles,Estonia,Education|Primary Education|Rural|D6,0.02908990164842776,NA
Reference,Expenditure deciles,Estonia,Education|Secondary Education|Rural|D6,0.7030059565036708,NA
Reference,Expenditure deciles,Estonia,Education|Tertiary Education|Rural|D6,0.21533453386895693,NA
Reference,Expenditure deciles,Estonia,Education|Not specified|Urban|D6,0.13098219725174304,NA
Reference,Expenditure deciles,Estonia,Education|Primary Education|Urban|D6,0.006295268395045015,NA
Reference,Expenditure deciles,Estonia,Education|Secondary Education|Urban|D6,0.49272321126379204,NA
Reference,Expenditure deciles,Estonia,Education|Tertiary Education|Urban|D6,0.3699993230894199,NA
Reference,Expenditure deciles,Estonia,Education|Not specified|Rural|D7,0.05511029151003617,NA
Reference,Expenditure deciles,Estonia,Education|Primary Education|Rural|D7,0.011915738704872687,NA
Reference,Expenditure deciles,Estonia,Education|Secondary Education|Rural|D7,0.7383502376055039,NA
Reference,Expenditure deciles,Estonia,Education|Tertiary Education|Rural|D7,0.1946237321795872,NA
Reference,Expenditure deciles,Estonia,Education|Not specified|Urban|D7,0.12091636166463332,NA
Reference,Expenditure deciles,Estonia,Education|Secondary Education|Urban|D7,0.5153178798969771,NA
Reference,Expenditure deciles,Estonia,Education|Tertiary Education|Urban|D7,0.3637657584383896,NA
Reference,Expenditure deciles,Estonia,Education|No education|Rural|D8,0.014642309301352671,NA
Reference,Expenditure deciles,Estonia,Education|Not specified|Rural|D8,0.028935992190768374,NA
Reference,Expenditure deciles,Estonia,Education|Primary Education|Rural|D8,0.03451401478175987,NA
Reference,Expenditure deciles,Estonia,Education|Secondary Education|Rural|D8,0.6800306791242504,NA
Reference,Expenditure deciles,Estonia,Education|Tertiary Education|Rural|D8,0.24187700460186864,NA
Reference,Expenditure deciles,Estonia,Education|No education|Urban|D8,0.012490766234638372,NA
Reference,Expenditure deciles,Estonia,Education|Not specified|Urban|D8,0.1241689611174535,NA
Reference,Expenditure deciles,Estonia,Education|Secondary Education|Urban|D8,0.5021153717010275,NA
Reference,Expenditure deciles,Estonia,Education|Tertiary Education|Urban|D8,0.36122490094688064,NA
Reference,Expenditure deciles,Estonia,Education|No education|Rural|D9,0.0025259612685938817,NA
Reference,Expenditure deciles,Estonia,Education|Not specified|Rural|D9,0.025540275049115914,NA
Reference,Expenditure deciles,Estonia,Education|Primary Education|Rural|D9,0.011857984844232389,NA
Reference,Expenditure deciles,Estonia,Education|Secondary Education|Rural|D9,0.7553325849003648,NA
Reference,Expenditure deciles,Estonia,Education|Tertiary Education|Rural|D9,0.20474319393769297,NA
Reference,Expenditure deciles,Estonia,Education|No education|Urban|D9,0.013785572920221116,NA
Reference,Expenditure deciles,Estonia,Education|Not specified|Urban|D9,0.08946973316044496,NA
Reference,Expenditure deciles,Estonia,Education|Primary Education|Urban|D9,0.007711731386064287,NA
Reference,Expenditure deciles,Estonia,Education|Secondary Education|Urban|D9,0.6222616529038422,NA
Reference,Expenditure deciles,Estonia,Education|Tertiary Education|Urban|D9,0.2667713096294274,NA
Reference,Expenditure deciles,Estonia,Education|Not specified|Rural|D10,0.01655745790178257,NA
Reference,Expenditure deciles,Estonia,Education|Primary Education|Rural|D10,0.02198266751215388,NA
Reference,Expenditure deciles,Estonia,Education|Secondary Education|Rural|D10,0.7550905375889523,NA
Reference,Expenditure deciles,Estonia,Education|Tertiary Education|Rural|D10,0.20636933699711124,NA
Reference,Expenditure deciles,Estonia,Education|Not specified|Urban|D10,0.08960792294125627,NA
Reference,Expenditure deciles,Estonia,Education|Primary Education|Urban|D10,0.026183692850359517,NA
Reference,Expenditure deciles,Estonia,Education|Secondary Education|Urban|D10,0.5945597612264278,NA
Reference,Expenditure deciles,Estonia,Education|Tertiary Education|Urban|D10,0.2896486229819563,NA
Reference,Expenditure deciles,Finland,Education|Not specified|Rural|D1,0.03381783780925545,NA
Reference,Expenditure deciles,Finland,Education|Secondary Education|Rural|D1,0.6057293451037555,NA
Reference,Expenditure deciles,Finland,Education|Tertiary Education|Rural|D1,0.36045281708698906,NA
Reference,Expenditure deciles,Finland,Education|Not specified|Urban|D1,0.08679202695827454,NA
Reference,Expenditure deciles,Finland,Education|Secondary Education|Urban|D1,0.4897924684683473,NA
Reference,Expenditure deciles,Finland,Education|Tertiary Education|Urban|D1,0.4234155045733781,NA
Reference,Expenditure deciles,Finland,Education|Not specified|Rural|D2,0.0146382788884581,NA
Reference,Expenditure deciles,Finland,Education|Secondary Education|Rural|D2,0.6784697435837408,NA
Reference,Expenditure deciles,Finland,Education|Tertiary Education|Rural|D2,0.3068919775278012,NA
Reference,Expenditure deciles,Finland,Education|Not specified|Urban|D2,0.034802973681554335,NA
Reference,Expenditure deciles,Finland,Education|Secondary Education|Urban|D2,0.5911511246152092,NA
Reference,Expenditure deciles,Finland,Education|Tertiary Education|Urban|D2,0.3740459017032364,NA
Reference,Expenditure deciles,Finland,Education|Not specified|Rural|D3,0.020925740840176146,NA
Reference,Expenditure deciles,Finland,Education|Secondary Education|Rural|D3,0.6817797531569932,NA
Reference,Expenditure deciles,Finland,Education|Tertiary Education|Rural|D3,0.2972945060028305,NA
Reference,Expenditure deciles,Finland,Education|Not specified|Urban|D3,0.05955698902852134,NA
Reference,Expenditure deciles,Finland,Education|Secondary Education|Urban|D3,0.5491211873850504,NA
Reference,Expenditure deciles,Finland,Education|Tertiary Education|Urban|D3,0.3913218235864282,NA
Reference,Expenditure deciles,Finland,Education|Not specified|Rural|D4,0.030262400909662958,NA
Reference,Expenditure deciles,Finland,Education|Secondary Education|Rural|D4,0.7773552080041912,NA
Reference,Expenditure deciles,Finland,Education|Tertiary Education|Rural|D4,0.19238239108614572,NA
Reference,Expenditure deciles,Finland,Education|Not specified|Urban|D4,0.049878220488982036,NA
Reference,Expenditure deciles,Finland,Education|Secondary Education|Urban|D4,0.6094302777766722,NA
Reference,Expenditure deciles,Finland,Education|Tertiary Education|Urban|D4,0.34069150173434576,NA
Reference,Expenditure deciles,Finland,Education|Not specified|Rural|D5,0.04739682091311184,NA
Reference,Expenditure deciles,Finland,Education|Secondary Education|Rural|D5,0.7042291038752962,NA
Reference,Expenditure deciles,Finland,Education|Tertiary Education|Rural|D5,0.2483740752115919,NA
Reference,Expenditure deciles,Finland,Education|Not specified|Urban|D5,0.05514369337574572,NA
Reference,Expenditure deciles,Finland,Education|Secondary Education|Urban|D5,0.4916623467101719,NA
Reference,Expenditure deciles,Finland,Education|Tertiary Education|Urban|D5,0.4531939599140824,NA
Reference,Expenditure deciles,Finland,Education|Not specified|Rural|D6,0.00610509102043975,NA
Reference,Expenditure deciles,Finland,Education|Secondary Education|Rural|D6,0.7198591401164544,NA
Reference,Expenditure deciles,Finland,Education|Tertiary Education|Rural|D6,0.27403576886310577,NA
Reference,Expenditure deciles,Finland,Education|Not specified|Urban|D6,0.024263699510268237,NA
Reference,Expenditure deciles,Finland,Education|Secondary Education|Urban|D6,0.5973074390785068,NA
Reference,Expenditure deciles,Finland,Education|Tertiary Education|Urban|D6,0.378428861411225,NA
Reference,Expenditure deciles,Finland,Education|Not specified|Rural|D7,0.017970847849006537,NA
Reference,Expenditure deciles,Finland,Education|Secondary Education|Rural|D7,0.7324803545069503,NA
Reference,Expenditure deciles,Finland,Education|Tertiary Education|Rural|D7,0.24954879764404314,NA
Reference,Expenditure deciles,Finland,Education|Not specified|Urban|D7,0.033985186855291914,NA
Reference,Expenditure deciles,Finland,Education|Secondary Education|Urban|D7,0.6215913353368784,NA
Reference,Expenditure deciles,Finland,Education|Tertiary Education|Urban|D7,0.3444234778078298,NA
Reference,Expenditure deciles,Finland,Education|Not specified|Rural|D8,0.03219867438365195,NA
Reference,Expenditure deciles,Finland,Education|Secondary Education|Rural|D8,0.763780941624443,NA
Reference,Expenditure deciles,Finland,Education|Tertiary Education|Rural|D8,0.20402038399190514,NA
Reference,Expenditure deciles,Finland,Education|Not specified|Urban|D8,0.03152667197339887,NA
Reference,Expenditure deciles,Finland,Education|Secondary Education|Urban|D8,0.684574788247186,NA
Reference,Expenditure deciles,Finland,Education|Tertiary Education|Urban|D8,0.28389853977941504,NA
Reference,Expenditure deciles,Finland,Education|Not specified|Rural|D9,0.023073268867311727,NA
Reference,Expenditure deciles,Finland,Education|Secondary Education|Rural|D9,0.7856760108731945,NA
Reference,Expenditure deciles,Finland,Education|Tertiary Education|Rural|D9,0.19125072025949386,NA
Reference,Expenditure deciles,Finland,Education|Not specified|Urban|D9,0.02819964479447247,NA
Reference,Expenditure deciles,Finland,Education|Secondary Education|Urban|D9,0.6004278647437441,NA
Reference,Expenditure deciles,Finland,Education|Tertiary Education|Urban|D9,0.3713724904617834,NA
Reference,Expenditure deciles,Finland,Education|Not specified|Rural|D10,0.019488974504365004,NA
Reference,Expenditure deciles,Finland,Education|Secondary Education|Rural|D10,0.7711259900369056,NA
Reference,Expenditure deciles,Finland,Education|Tertiary Education|Rural|D10,0.2093850354587294,NA
Reference,Expenditure deciles,Finland,Education|Not specified|Urban|D10,0.028036376098035394,NA
Reference,Expenditure deciles,Finland,Education|Secondary Education|Urban|D10,0.659060662742887,NA
Reference,Expenditure deciles,Finland,Education|Tertiary Education|Urban|D10,0.3129029611590775,NA
Reference,Expenditure deciles,France,Education|No education|Rural|D1,0.007213996412002604,NA
Reference,Expenditure deciles,France,Education|Not specified|Rural|D1,0.007634053281286613,NA
Reference,Expenditure deciles,France,Education|Primary Education|Rural|D1,0.1142090359491805,NA
Reference,Expenditure deciles,France,Education|Secondary Education|Rural|D1,0.613481341458539,NA
Reference,Expenditure deciles,France,Education|Tertiary Education|Rural|D1,0.2574615728989913,NA
Reference,Expenditure deciles,France,Education|No education|Urban|D1,0.025449996606935234,NA
Reference,Expenditure deciles,France,Education|Not specified|Urban|D1,0.019797113761106013,NA
Reference,Expenditure deciles,France,Education|Primary Education|Urban|D1,0.10229895717546986,NA
Reference,Expenditure deciles,France,Education|Secondary Education|Urban|D1,0.4929096909865453,NA
Reference,Expenditure deciles,France,Education|Tertiary Education|Urban|D1,0.3595442414699435,NA
Reference,Expenditure deciles,France,Education|No education|Rural|D2,0.005686975232899102,NA
Reference,Expenditure deciles,France,Education|Not specified|Rural|D2,0.006977434933467426,NA
Reference,Expenditure deciles,France,Education|Primary Education|Rural|D2,0.1120185371176962,NA
Reference,Expenditure deciles,France,Education|Secondary Education|Rural|D2,0.595234107968302,NA
Reference,Expenditure deciles,France,Education|Tertiary Education|Rural|D2,0.2800829447476353,NA
Reference,Expenditure deciles,France,Education|No education|Urban|D2,0.031467425457214156,NA
Reference,Expenditure deciles,France,Education|Not specified|Urban|D2,0.017423997817056603,NA
Reference,Expenditure deciles,France,Education|Primary Education|Urban|D2,0.09036498818607827,NA
Reference,Expenditure deciles,France,Education|Secondary Education|Urban|D2,0.5244623682142341,NA
Reference,Expenditure deciles,France,Education|Tertiary Education|Urban|D2,0.33628122032541696,NA
Reference,Expenditure deciles,France,Education|No education|Rural|D3,0.012686790009930391,NA
Reference,Expenditure deciles,France,Education|Not specified|Rural|D3,0.010275120971669396,NA
Reference,Expenditure deciles,France,Education|Primary Education|Rural|D3,0.1622362280385803,NA
Reference,Expenditure deciles,France,Education|Secondary Education|Rural|D3,0.5559889612851213,NA
Reference,Expenditure deciles,France,Education|Tertiary Education|Rural|D3,0.2588128996946986,NA
Reference,Expenditure deciles,France,Education|No education|Urban|D3,0.02343614612209127,NA
Reference,Expenditure deciles,France,Education|Not specified|Urban|D3,0.01414393133788005,NA
Reference,Expenditure deciles,France,Education|Primary Education|Urban|D3,0.09699131667794836,NA
Reference,Expenditure deciles,France,Education|Secondary Education|Urban|D3,0.5124266415570161,NA
Reference,Expenditure deciles,France,Education|Tertiary Education|Urban|D3,0.35300196430506425,NA
Reference,Expenditure deciles,France,Education|No education|Rural|D4,0.031407915939808094,NA
Reference,Expenditure deciles,France,Education|Not specified|Rural|D4,0.009381190728833469,NA
Reference,Expenditure deciles,France,Education|Primary Education|Rural|D4,0.1369166469017673,NA
Reference,Expenditure deciles,France,Education|Secondary Education|Rural|D4,0.6104918885762677,NA
Reference,Expenditure deciles,France,Education|Tertiary Education|Rural|D4,0.21180235785332346,NA
Reference,Expenditure deciles,France,Education|No education|Urban|D4,0.019183904317909,NA
Reference,Expenditure deciles,France,Education|Not specified|Urban|D4,0.017191853418293872,NA
Reference,Expenditure deciles,France,Education|Primary Education|Urban|D4,0.11968958856919694,NA
Reference,Expenditure deciles,France,Education|Secondary Education|Urban|D4,0.47840486441049473,NA
Reference,Expenditure deciles,France,Education|Tertiary Education|Urban|D4,0.36552978928410546,NA
Reference,Expenditure deciles,France,Education|No education|Rural|D5,0.015219108016673952,NA
Reference,Expenditure deciles,France,Education|Not specified|Rural|D5,0.00684736375182551,NA
Reference,Expenditure deciles,France,Education|Primary Education|Rural|D5,0.12429254273246078,NA
Reference,Expenditure deciles,France,Education|Secondary Education|Rural|D5,0.6517170865978708,NA
Reference,Expenditure deciles,France,Education|Tertiary Education|Rural|D5,0.20192389890116896,NA
Reference,Expenditure deciles,France,Education|No education|Urban|D5,0.020124858475078503,NA
Reference,Expenditure deciles,France,Education|Not specified|Urban|D5,0.02010769604093523,NA
Reference,Expenditure deciles,France,Education|Primary Education|Urban|D5,0.11179153618435991,NA
Reference,Expenditure deciles,France,Education|Secondary Education|Urban|D5,0.5190420308434508,NA
Reference,Expenditure deciles,France,Education|Tertiary Education|Urban|D5,0.3289338784561756,NA
Reference,Expenditure deciles,France,Education|No education|Rural|D6,0.015943404526226165,NA
Reference,Expenditure deciles,France,Education|Not specified|Rural|D6,0.014752466745083145,NA
Reference,Expenditure deciles,France,Education|Primary Education|Rural|D6,0.15756944042100998,NA
Reference,Expenditure deciles,France,Education|Secondary Education|Rural|D6,0.571376546866989,NA
Reference,Expenditure deciles,France,Education|Tertiary Education|Rural|D6,0.24035814144069176,NA
Reference,Expenditure deciles,France,Education|No education|Urban|D6,0.028698421181978157,NA
Reference,Expenditure deciles,France,Education|Not specified|Urban|D6,0.032579757635344604,NA
Reference,Expenditure deciles,France,Education|Primary Education|Urban|D6,0.11413154421630088,NA
Reference,Expenditure deciles,France,Education|Secondary Education|Urban|D6,0.4673308232840465,NA
Reference,Expenditure deciles,France,Education|Tertiary Education|Urban|D6,0.3572594536823298,NA
Reference,Expenditure deciles,France,Education|No education|Rural|D7,0.002793873254145768,NA
Reference,Expenditure deciles,France,Education|Not specified|Rural|D7,0.0062700862949922375,NA
Reference,Expenditure deciles,France,Education|Primary Education|Rural|D7,0.20498868468392822,NA
Reference,Expenditure deciles,France,Education|Secondary Education|Rural|D7,0.5598217087841759,NA
Reference,Expenditure deciles,France,Education|Tertiary Education|Rural|D7,0.22612564698275775,NA
Reference,Expenditure deciles,France,Education|No education|Urban|D7,0.012407069688979724,NA
Reference,Expenditure deciles,France,Education|Not specified|Urban|D7,0.013526047457533722,NA
Reference,Expenditure deciles,France,Education|Primary Education|Urban|D7,0.10254582694797795,NA
Reference,Expenditure deciles,France,Education|Secondary Education|Urban|D7,0.5277089418379702,NA
Reference,Expenditure deciles,France,Education|Tertiary Education|Urban|D7,0.3438121140675384,NA
Reference,Expenditure deciles,France,Education|No education|Rural|D8,0.011411665475261361,NA
Reference,Expenditure deciles,France,Education|Not specified|Rural|D8,0.021939316447068546,NA
Reference,Expenditure deciles,France,Education|Primary Education|Rural|D8,0.13582267327010308,NA
Reference,Expenditure deciles,France,Education|Secondary Education|Rural|D8,0.6023013029054874,NA
Reference,Expenditure deciles,France,Education|Tertiary Education|Rural|D8,0.22852504190207956,NA
Reference,Expenditure deciles,France,Education|No education|Urban|D8,0.0251603056451861,NA
Reference,Expenditure deciles,France,Education|Not specified|Urban|D8,0.01143419639699677,NA
Reference,Expenditure deciles,France,Education|Primary Education|Urban|D8,0.12253664067903236,NA
Reference,Expenditure deciles,France,Education|Secondary Education|Urban|D8,0.5183031634090812,NA
Reference,Expenditure deciles,France,Education|Tertiary Education|Urban|D8,0.32256569386970346,NA
Reference,Expenditure deciles,France,Education|No education|Rural|D9,0.0023222096283651394,NA
Reference,Expenditure deciles,France,Education|Not specified|Rural|D9,0.0025386547241402356,NA
Reference,Expenditure deciles,France,Education|Primary Education|Rural|D9,0.1722468205602536,NA
Reference,Expenditure deciles,France,Education|Secondary Education|Rural|D9,0.6079861268002787,NA
Reference,Expenditure deciles,France,Education|Tertiary Education|Rural|D9,0.21490618828696237,NA
Reference,Expenditure deciles,France,Education|No education|Urban|D9,0.02845570725694674,NA
Reference,Expenditure deciles,France,Education|Not specified|Urban|D9,0.012997432108931038,NA
Reference,Expenditure deciles,France,Education|Primary Education|Urban|D9,0.1473247781557953,NA
Reference,Expenditure deciles,France,Education|Secondary Education|Urban|D9,0.48562117295528295,NA
Reference,Expenditure deciles,France,Education|Tertiary Education|Urban|D9,0.32560090952304394,NA
Reference,Expenditure deciles,France,Education|No education|Rural|D10,0.016088036469882314,NA
Reference,Expenditure deciles,France,Education|Not specified|Rural|D10,0.009971373019461226,NA
Reference,Expenditure deciles,France,Education|Primary Education|Rural|D10,0.23381993885907243,NA
Reference,Expenditure deciles,France,Education|Secondary Education|Rural|D10,0.5624134930170164,NA
Reference,Expenditure deciles,France,Education|Tertiary Education|Rural|D10,0.1777071586345677,NA
Reference,Expenditure deciles,France,Education|No education|Urban|D10,0.009815693677790751,NA
Reference,Expenditure deciles,France,Education|Not specified|Urban|D10,0.02892945017663037,NA
Reference,Expenditure deciles,France,Education|Primary Education|Urban|D10,0.13181027501492593,NA
Reference,Expenditure deciles,France,Education|Secondary Education|Urban|D10,0.5187937634465598,NA
Reference,Expenditure deciles,France,Education|Tertiary Education|Urban|D10,0.31065081768409303,NA
Reference,Expenditure deciles,Germany,Education|Not specified|Rural|D1,0.1943397664714519,NA
Reference,Expenditure deciles,Germany,Education|Secondary Education|Rural|D1,0.5408060531105483,NA
Reference,Expenditure deciles,Germany,Education|Tertiary Education|Rural|D1,0.26485418041799974,NA
Reference,Expenditure deciles,Germany,Education|Not specified|Urban|D1,0.2940077472566503,NA
Reference,Expenditure deciles,Germany,Education|Primary Education|Urban|D1,0.004212887049481348,NA
Reference,Expenditure deciles,Germany,Education|Secondary Education|Urban|D1,0.5139021972676009,NA
Reference,Expenditure deciles,Germany,Education|Tertiary Education|Urban|D1,0.18787716842626734,NA
Reference,Expenditure deciles,Germany,Education|Not specified|Rural|D2,0.20041650113547174,NA
Reference,Expenditure deciles,Germany,Education|Secondary Education|Rural|D2,0.6192421280673419,NA
Reference,Expenditure deciles,Germany,Education|Tertiary Education|Rural|D2,0.18034137079718635,NA
Reference,Expenditure deciles,Germany,Education|Not specified|Urban|D2,0.29747725941745057,NA
Reference,Expenditure deciles,Germany,Education|Primary Education|Urban|D2,0.004338362451076204,NA
Reference,Expenditure deciles,Germany,Education|Secondary Education|Urban|D2,0.5143504781002866,NA
Reference,Expenditure deciles,Germany,Education|Tertiary Education|Urban|D2,0.1838339000311866,NA
Reference,Expenditure deciles,Germany,Education|Not specified|Rural|D3,0.16324680612621306,NA
Reference,Expenditure deciles,Germany,Education|Secondary Education|Rural|D3,0.6241977502160307,NA
Reference,Expenditure deciles,Germany,Education|Tertiary Education|Rural|D3,0.21255544365775614,NA
Reference,Expenditure deciles,Germany,Education|Not specified|Urban|D3,0.28220372463331067,NA
Reference,Expenditure deciles,Germany,Education|Primary Education|Urban|D3,0.006059898827220105,NA
Reference,Expenditure deciles,Germany,Education|Secondary Education|Urban|D3,0.5231761674511032,NA
Reference,Expenditure deciles,Germany,Education|Tertiary Education|Urban|D3,0.18856020908836604,NA
Reference,Expenditure deciles,Germany,Education|Not specified|Rural|D4,0.1792026940791016,NA
Reference,Expenditure deciles,Germany,Education|Primary Education|Rural|D4,0.009348693022999777,NA
Reference,Expenditure deciles,Germany,Education|Secondary Education|Rural|D4,0.5768739691283897,NA
Reference,Expenditure deciles,Germany,Education|Tertiary Education|Rural|D4,0.2345746437695088,NA
Reference,Expenditure deciles,Germany,Education|Not specified|Urban|D4,0.28227031676998837,NA
Reference,Expenditure deciles,Germany,Education|Primary Education|Urban|D4,0.004895735917877104,NA
Reference,Expenditure deciles,Germany,Education|Secondary Education|Urban|D4,0.5330363899638572,NA
Reference,Expenditure deciles,Germany,Education|Tertiary Education|Urban|D4,0.17979755734827738,NA
Reference,Expenditure deciles,Germany,Education|Not specified|Rural|D5,0.1909098238647294,NA
Reference,Expenditure deciles,Germany,Education|Primary Education|Rural|D5,0.0016745021016111245,NA
Reference,Expenditure deciles,Germany,Education|Secondary Education|Rural|D5,0.627921448680325,NA
Reference,Expenditure deciles,Germany,Education|Tertiary Education|Rural|D5,0.17949422535333448,NA
Reference,Expenditure deciles,Germany,Education|Not specified|Urban|D5,0.2811818301269501,NA
Reference,Expenditure deciles,Germany,Education|Primary Education|Urban|D5,0.003172165754377953,NA
Reference,Expenditure deciles,Germany,Education|Secondary Education|Urban|D5,0.5360956070346595,NA
Reference,Expenditure deciles,Germany,Education|Tertiary Education|Urban|D5,0.1795503970840124,NA
Reference,Expenditure deciles,Germany,Education|Not specified|Rural|D6,0.18581789717654396,NA
Reference,Expenditure deciles,Germany,Education|Primary Education|Rural|D6,0.009515990614979748,NA
Reference,Expenditure deciles,Germany,Education|Secondary Education|Rural|D6,0.5712486418832009,NA
Reference,Expenditure deciles,Germany,Education|Tertiary Education|Rural|D6,0.23341747032527532,NA
Reference,Expenditure deciles,Germany,Education|Not specified|Urban|D6,0.2766163689453647,NA
Reference,Expenditure deciles,Germany,Education|Primary Education|Urban|D6,0.0031063889199506867,NA
Reference,Expenditure deciles,Germany,Education|Secondary Education|Urban|D6,0.5427936670376131,NA
Reference,Expenditure deciles,Germany,Education|Tertiary Education|Urban|D6,0.17748357509707158,NA
Reference,Expenditure deciles,Germany,Education|Not specified|Rural|D7,0.1644089358073716,NA
Reference,Expenditure deciles,Germany,Education|Primary Education|Rural|D7,0.004444277753199324,NA
Reference,Expenditure deciles,Germany,Education|Secondary Education|Rural|D7,0.6154545236517017,NA
Reference,Expenditure deciles,Germany,Education|Tertiary Education|Rural|D7,0.21569226278772735,NA
Reference,Expenditure deciles,Germany,Education|Not specified|Urban|D7,0.271976086157709,NA
Reference,Expenditure deciles,Germany,Education|Primary Education|Urban|D7,0.0050844232274114415,NA
Reference,Expenditure deciles,Germany,Education|Secondary Education|Urban|D7,0.545554552309678,NA
Reference,Expenditure deciles,Germany,Education|Tertiary Education|Urban|D7,0.1773849383052015,NA
Reference,Expenditure deciles,Germany,Education|Not specified|Rural|D8,0.16142856560692287,NA
Reference,Expenditure deciles,Germany,Education|Primary Education|Rural|D8,0.0031014468834241076,NA
Reference,Expenditure deciles,Germany,Education|Secondary Education|Rural|D8,0.5961509661171321,NA
Reference,Expenditure deciles,Germany,Education|Tertiary Education|Rural|D8,0.23931902139252084,NA
Reference,Expenditure deciles,Germany,Education|Not specified|Urban|D8,0.2637811369655264,NA
Reference,Expenditure deciles,Germany,Education|Primary Education|Urban|D8,0.0027648196955195998,NA
Reference,Expenditure deciles,Germany,Education|Secondary Education|Urban|D8,0.5622276191651906,NA
Reference,Expenditure deciles,Germany,Education|Tertiary Education|Urban|D8,0.17122642417376338,NA
Reference,Expenditure deciles,Germany,Education|Not specified|Rural|D9,0.1658068116258261,NA
Reference,Expenditure deciles,Germany,Education|Secondary Education|Rural|D9,0.6216046755128853,NA
Reference,Expenditure deciles,Germany,Education|Tertiary Education|Rural|D9,0.21258851286128858,NA
Reference,Expenditure deciles,Germany,Education|Not specified|Urban|D9,0.2731208318834456,NA
Reference,Expenditure deciles,Germany,Education|Primary Education|Urban|D9,0.003775300606997139,NA
Reference,Expenditure deciles,Germany,Education|Secondary Education|Urban|D9,0.5511292969019049,NA
Reference,Expenditure deciles,Germany,Education|Tertiary Education|Urban|D9,0.1719745706076523,NA
Reference,Expenditure deciles,Germany,Education|Not specified|Rural|D10,0.1748983155268436,NA
Reference,Expenditure deciles,Germany,Education|Primary Education|Rural|D10,0.004953701764369925,NA
Reference,Expenditure deciles,Germany,Education|Secondary Education|Rural|D10,0.60061756523285,NA
Reference,Expenditure deciles,Germany,Education|Tertiary Education|Rural|D10,0.21953041747593646,NA
Reference,Expenditure deciles,Germany,Education|Not specified|Urban|D10,0.2579475300776059,NA
Reference,Expenditure deciles,Germany,Education|Primary Education|Urban|D10,0.004255713633018919,NA
Reference,Expenditure deciles,Germany,Education|Secondary Education|Urban|D10,0.5769513315978433,NA
Reference,Expenditure deciles,Germany,Education|Tertiary Education|Urban|D10,0.16084542469153193,NA
Reference,Expenditure deciles,Greece,Education|No education|Rural|D1,0.17007368766560899,NA
Reference,Expenditure deciles,Greece,Education|Not specified|Rural|D1,0.011443089774561726,NA
Reference,Expenditure deciles,Greece,Education|Primary Education|Rural|D1,0.33075822486512907,NA
Reference,Expenditure deciles,Greece,Education|Secondary Education|Rural|D1,0.4343740853973683,NA
Reference,Expenditure deciles,Greece,Education|Tertiary Education|Rural|D1,0.0533509122973319,NA
Reference,Expenditure deciles,Greece,Education|No education|Urban|D1,0.05217548990051353,NA
Reference,Expenditure deciles,Greece,Education|Not specified|Urban|D1,0.009072132227508314,NA
Reference,Expenditure deciles,Greece,Education|Primary Education|Urban|D1,0.16641509856068346,NA
Reference,Expenditure deciles,Greece,Education|Secondary Education|Urban|D1,0.5175497098633746,NA
Reference,Expenditure deciles,Greece,Education|Tertiary Education|Urban|D1,0.25478756944792,NA
Reference,Expenditure deciles,Greece,Education|No education|Rural|D2,0.1635419445593394,NA
Reference,Expenditure deciles,Greece,Education|Primary Education|Rural|D2,0.3530935545796669,NA
Reference,Expenditure deciles,Greece,Education|Secondary Education|Rural|D2,0.3746241018487043,NA
Reference,Expenditure deciles,Greece,Education|Tertiary Education|Rural|D2,0.10874039901228943,NA
Reference,Expenditure deciles,Greece,Education|No education|Urban|D2,0.055818715547474085,NA
Reference,Expenditure deciles,Greece,Education|Not specified|Urban|D2,0.032603471490745786,NA
Reference,Expenditure deciles,Greece,Education|Primary Education|Urban|D2,0.15417282486606787,NA
Reference,Expenditure deciles,Greece,Education|Secondary Education|Urban|D2,0.4541748537554165,NA
Reference,Expenditure deciles,Greece,Education|Tertiary Education|Urban|D2,0.3032301343402958,NA
Reference,Expenditure deciles,Greece,Education|No education|Rural|D3,0.11935950440815826,NA
Reference,Expenditure deciles,Greece,Education|Primary Education|Rural|D3,0.36511274665197163,NA
Reference,Expenditure deciles,Greece,Education|Secondary Education|Rural|D3,0.36330720466604766,NA
Reference,Expenditure deciles,Greece,Education|Tertiary Education|Rural|D3,0.15222054427382245,NA
Reference,Expenditure deciles,Greece,Education|No education|Urban|D3,0.06990556482746034,NA
Reference,Expenditure deciles,Greece,Education|Not specified|Urban|D3,0.016704261002341566,NA
Reference,Expenditure deciles,Greece,Education|Primary Education|Urban|D3,0.15915941038605017,NA
Reference,Expenditure deciles,Greece,Education|Secondary Education|Urban|D3,0.4839137988695323,NA
Reference,Expenditure deciles,Greece,Education|Tertiary Education|Urban|D3,0.27031696491461554,NA
Reference,Expenditure deciles,Greece,Education|No education|Rural|D4,0.23303337030397495,NA
Reference,Expenditure deciles,Greece,Education|Not specified|Rural|D4,0.009767018491209518,NA
Reference,Expenditure deciles,Greece,Education|Primary Education|Rural|D4,0.3574708303037056,NA
Reference,Expenditure deciles,Greece,Education|Secondary Education|Rural|D4,0.3335820878553279,NA
Reference,Expenditure deciles,Greece,Education|Tertiary Education|Rural|D4,0.06614669304578208,NA
Reference,Expenditure deciles,Greece,Education|No education|Urban|D4,0.09022266399884556,NA
Reference,Expenditure deciles,Greece,Education|Not specified|Urban|D4,0.01705860532684815,NA
Reference,Expenditure deciles,Greece,Education|Primary Education|Urban|D4,0.16998955948603878,NA
Reference,Expenditure deciles,Greece,Education|Secondary Education|Urban|D4,0.44668207739464266,NA
Reference,Expenditure deciles,Greece,Education|Tertiary Education|Urban|D4,0.2760470937936249,NA
Reference,Expenditure deciles,Greece,Education|No education|Rural|D5,0.17983973373118634,NA
Reference,Expenditure deciles,Greece,Education|Not specified|Rural|D5,0.011790603109101409,NA
Reference,Expenditure deciles,Greece,Education|Primary Education|Rural|D5,0.22573457542366962,NA
Reference,Expenditure deciles,Greece,Education|Secondary Education|Rural|D5,0.4360137941266938,NA
Reference,Expenditure deciles,Greece,Education|Tertiary Education|Rural|D5,0.14662129360934892,NA
Reference,Expenditure deciles,Greece,Education|No education|Urban|D5,0.04673043110165051,NA
Reference,Expenditure deciles,Greece,Education|Not specified|Urban|D5,0.021190388170557347,NA
Reference,Expenditure deciles,Greece,Education|Primary Education|Urban|D5,0.17025846766326935,NA
Reference,Expenditure deciles,Greece,Education|Secondary Education|Urban|D5,0.48066213696704896,NA
Reference,Expenditure deciles,Greece,Education|Tertiary Education|Urban|D5,0.28115857609747374,NA
Reference,Expenditure deciles,Greece,Education|No education|Rural|D6,0.1999673159565781,NA
Reference,Expenditure deciles,Greece,Education|Primary Education|Rural|D6,0.36630463182696227,NA
Reference,Expenditure deciles,Greece,Education|Secondary Education|Rural|D6,0.3441060369970486,NA
Reference,Expenditure deciles,Greece,Education|Tertiary Education|Rural|D6,0.089622015219411,NA
Reference,Expenditure deciles,Greece,Education|No education|Urban|D6,0.0773965156348354,NA
Reference,Expenditure deciles,Greece,Education|Not specified|Urban|D6,0.023051216887345932,NA
Reference,Expenditure deciles,Greece,Education|Primary Education|Urban|D6,0.1793230151902492,NA
Reference,Expenditure deciles,Greece,Education|Secondary Education|Urban|D6,0.411912564237503,NA
Reference,Expenditure deciles,Greece,Education|Tertiary Education|Urban|D6,0.30831668805006657,NA
Reference,Expenditure deciles,Greece,Education|No education|Rural|D7,0.24284831765368764,NA
Reference,Expenditure deciles,Greece,Education|Primary Education|Rural|D7,0.376514605611275,NA
Reference,Expenditure deciles,Greece,Education|Secondary Education|Rural|D7,0.30219868349157997,NA
Reference,Expenditure deciles,Greece,Education|Tertiary Education|Rural|D7,0.07843839324345737,NA
Reference,Expenditure deciles,Greece,Education|No education|Urban|D7,0.07778199795044725,NA
Reference,Expenditure deciles,Greece,Education|Not specified|Urban|D7,0.031973605905402665,NA
Reference,Expenditure deciles,Greece,Education|Primary Education|Urban|D7,0.2060336217788577,NA
Reference,Expenditure deciles,Greece,Education|Secondary Education|Urban|D7,0.4384245161878319,NA
Reference,Expenditure deciles,Greece,Education|Tertiary Education|Urban|D7,0.24578625817746044,NA
Reference,Expenditure deciles,Greece,Education|No education|Rural|D8,0.24013892584125127,NA
Reference,Expenditure deciles,Greece,Education|Not specified|Rural|D8,0.0016092717656935019,NA
Reference,Expenditure deciles,Greece,Education|Primary Education|Rural|D8,0.3269943038114185,NA
Reference,Expenditure deciles,Greece,Education|Secondary Education|Rural|D8,0.3713927624510081,NA
Reference,Expenditure deciles,Greece,Education|Tertiary Education|Rural|D8,0.05986473613062861,NA
Reference,Expenditure deciles,Greece,Education|No education|Urban|D8,0.08929729183147851,NA
Reference,Expenditure deciles,Greece,Education|Not specified|Urban|D8,0.03063492960427311,NA
Reference,Expenditure deciles,Greece,Education|Primary Education|Urban|D8,0.18326884154323914,NA
Reference,Expenditure deciles,Greece,Education|Secondary Education|Urban|D8,0.4373146289117524,NA
Reference,Expenditure deciles,Greece,Education|Tertiary Education|Urban|D8,0.25948430810925677,NA
Reference,Expenditure deciles,Greece,Education|No education|Rural|D9,0.2862899583580238,NA
Reference,Expenditure deciles,Greece,Education|Primary Education|Rural|D9,0.3448340109035482,NA
Reference,Expenditure deciles,Greece,Education|Secondary Education|Rural|D9,0.3022228245971881,NA
Reference,Expenditure deciles,Greece,Education|Tertiary Education|Rural|D9,0.06665320614123987,NA
Reference,Expenditure deciles,Greece,Education|No education|Urban|D9,0.1130093129372422,NA
Reference,Expenditure deciles,Greece,Education|Not specified|Urban|D9,0.03855246612068053,NA
Reference,Expenditure deciles,Greece,Education|Primary Education|Urban|D9,0.17220129725299324,NA
Reference,Expenditure deciles,Greece,Education|Secondary Education|Urban|D9,0.4118408664293831,NA
Reference,Expenditure deciles,Greece,Education|Tertiary Education|Urban|D9,0.264396057259701,NA
Reference,Expenditure deciles,Greece,Education|No education|Rural|D10,0.30853069559439744,NA
Reference,Expenditure deciles,Greece,Education|Not specified|Rural|D10,0.01123318728289157,NA
Reference,Expenditure deciles,Greece,Education|Primary Education|Rural|D10,0.30450429317416977,NA
Reference,Expenditure deciles,Greece,Education|Secondary Education|Rural|D10,0.30732702075871954,NA
Reference,Expenditure deciles,Greece,Education|Tertiary Education|Rural|D10,0.06840480318982166,NA
Reference,Expenditure deciles,Greece,Education|No education|Urban|D10,0.06552231044631074,NA
Reference,Expenditure deciles,Greece,Education|Not specified|Urban|D10,0.03448092370667054,NA
Reference,Expenditure deciles,Greece,Education|Primary Education|Urban|D10,0.22904033857543263,NA
Reference,Expenditure deciles,Greece,Education|Secondary Education|Urban|D10,0.40723042579812907,NA
Reference,Expenditure deciles,Greece,Education|Tertiary Education|Urban|D10,0.26372600147345704,NA
Reference,Expenditure deciles,Hungary,Education|No education|Rural|D1,0.001483809502951193,NA
Reference,Expenditure deciles,Hungary,Education|Not specified|Rural|D1,0.01790974495997547,NA
Reference,Expenditure deciles,Hungary,Education|Primary Education|Rural|D1,0.025394496216559533,NA
Reference,Expenditure deciles,Hungary,Education|Secondary Education|Rural|D1,0.774028405917717,NA
Reference,Expenditure deciles,Hungary,Education|Tertiary Education|Rural|D1,0.1811835434027968,NA
Reference,Expenditure deciles,Hungary,01,0.0017893815585383395,NA
Reference,Expenditure deciles,Hungary,Education|No education|Urban|D1,0.0043023144978900025,NA
Reference,Expenditure deciles,Hungary,Education|Not specified|Urban|D1,0.007881077614966682,NA
Reference,Expenditure deciles,Hungary,Education|Primary Education|Urban|D1,0.013972773671395024,NA
Reference,Expenditure deciles,Hungary,Education|Secondary Education|Urban|D1,0.6257462977565574,NA
Reference,Expenditure deciles,Hungary,Education|Tertiary Education|Urban|D1,0.3463081549006525,NA
Reference,Expenditure deciles,Hungary,02,0.0026883342751647292,NA
Reference,Expenditure deciles,Hungary,Education|Not specified|Rural|D2,0.002633470310365449,NA
Reference,Expenditure deciles,Hungary,Education|Primary Education|Rural|D2,0.01536739654027838,NA
Reference,Expenditure deciles,Hungary,Education|Secondary Education|Rural|D2,0.790781756634425,NA
Reference,Expenditure deciles,Hungary,Education|Tertiary Education|Rural|D2,0.1885290422397665,NA
Reference,Expenditure deciles,Hungary,02,0.004260994578490638,NA
Reference,Expenditure deciles,Hungary,Education|No education|Urban|D2,0.012297992482635581,NA
Reference,Expenditure deciles,Hungary,Education|Not specified|Urban|D2,0.005980115358633711,NA
Reference,Expenditure deciles,Hungary,Education|Primary Education|Urban|D2,0.0045857655067292535,NA
Reference,Expenditure deciles,Hungary,Education|Secondary Education|Urban|D2,0.6108854554587497,NA
Reference,Expenditure deciles,Hungary,Education|Tertiary Education|Urban|D2,0.36198967661476106,NA
Reference,Expenditure deciles,Hungary,03,0.0020139232858519167,NA
Reference,Expenditure deciles,Hungary,Education|No education|Rural|D3,0.0010994932533569925,NA
Reference,Expenditure deciles,Hungary,Education|Primary Education|Rural|D3,0.03246226615356981,NA
Reference,Expenditure deciles,Hungary,Education|Secondary Education|Rural|D3,0.8186815878424349,NA
Reference,Expenditure deciles,Hungary,Education|Tertiary Education|Rural|D3,0.14574272946478628,NA
Reference,Expenditure deciles,Hungary,03,0.007860964893200505,NA
Reference,Expenditure deciles,Hungary,Education|No education|Urban|D3,0.006247009179101231,NA
Reference,Expenditure deciles,Hungary,Education|Not specified|Urban|D3,0.01638752338278157,NA
Reference,Expenditure deciles,Hungary,Education|Primary Education|Urban|D3,0.007347631269848175,NA
Reference,Expenditure deciles,Hungary,Education|Secondary Education|Urban|D3,0.6124896680732588,NA
Reference,Expenditure deciles,Hungary,Education|Tertiary Education|Urban|D3,0.3496672032018097,NA
Reference,Expenditure deciles,Hungary,04,0.0024651725894720695,NA
Reference,Expenditure deciles,Hungary,Education|Primary Education|Rural|D4,0.026853946741315745,NA
Reference,Expenditure deciles,Hungary,Education|Secondary Education|Rural|D4,0.7699172249826068,NA
Reference,Expenditure deciles,Hungary,Education|Tertiary Education|Rural|D4,0.20076365568660534,NA
Reference,Expenditure deciles,Hungary,04,0.011246493612512702,NA
Reference,Expenditure deciles,Hungary,Education|Not specified|Urban|D4,0.008341511285574092,NA
Reference,Expenditure deciles,Hungary,Education|Primary Education|Urban|D4,0.006530782391204287,NA
Reference,Expenditure deciles,Hungary,Education|Secondary Education|Urban|D4,0.6381668649639157,NA
Reference,Expenditure deciles,Hungary,Education|Tertiary Education|Urban|D4,0.3357143477467932,NA
Reference,Expenditure deciles,Hungary,05,0.0028139729815050674,NA
Reference,Expenditure deciles,Hungary,Education|No education|Rural|D5,0.003793692781642228,NA
Reference,Expenditure deciles,Hungary,Education|Primary Education|Rural|D5,0.035057640181574735,NA
Reference,Expenditure deciles,Hungary,Education|Secondary Education|Rural|D5,0.8323753850843103,NA
Reference,Expenditure deciles,Hungary,Education|Tertiary Education|Rural|D5,0.12595930897096763,NA
Reference,Expenditure deciles,Hungary,Education|No education|Urban|D5,0.0022410282570119334,NA
Reference,Expenditure deciles,Hungary,Education|Primary Education|Urban|D5,0.012796532946167363,NA
Reference,Expenditure deciles,Hungary,Education|Secondary Education|Urban|D5,0.6445659424744614,NA
Reference,Expenditure deciles,Hungary,Education|Tertiary Education|Urban|D5,0.34039649632235924,NA
Reference,Expenditure deciles,Hungary,Education|No education|Rural|D6,0.001788730994733181,NA
Reference,Expenditure deciles,Hungary,Education|Not specified|Rural|D6,0.005664314816655073,NA
Reference,Expenditure deciles,Hungary,Education|Primary Education|Rural|D6,0.04713637417602438,NA
Reference,Expenditure deciles,Hungary,Education|Secondary Education|Rural|D6,0.8173838152969625,NA
Reference,Expenditure deciles,Hungary,Education|Tertiary Education|Rural|D6,0.1280267647156249,NA
Reference,Expenditure deciles,Hungary,Education|No education|Urban|D6,0.00913794668522497,NA
Reference,Expenditure deciles,Hungary,Education|Not specified|Urban|D6,0.012505241135456875,NA
Reference,Expenditure deciles,Hungary,Education|Primary Education|Urban|D6,0.018790281097763928,NA
Reference,Expenditure deciles,Hungary,Education|Secondary Education|Urban|D6,0.659678486057499,NA
Reference,Expenditure deciles,Hungary,Education|Tertiary Education|Urban|D6,0.2998880450240552,NA
Reference,Expenditure deciles,Hungary,Education|No education|Rural|D7,0.0014278162585764345,NA
Reference,Expenditure deciles,Hungary,Education|Primary Education|Rural|D7,0.03083429156879949,NA
Reference,Expenditure deciles,Hungary,Education|Secondary Education|Rural|D7,0.7883180651454792,NA
Reference,Expenditure deciles,Hungary,Education|Tertiary Education|Rural|D7,0.17941982702714485,NA
Reference,Expenditure deciles,Hungary,07,0.006613243720649692,NA
Reference,Expenditure deciles,Hungary,Education|No education|Urban|D7,0.005204428934556891,NA
Reference,Expenditure deciles,Hungary,Education|Not specified|Urban|D7,0.008220240403257077,NA
Reference,Expenditure deciles,Hungary,Education|Primary Education|Urban|D7,0.016375856275042008,NA
Reference,Expenditure deciles,Hungary,Education|Secondary Education|Urban|D7,0.6481926672698289,NA
Reference,Expenditure deciles,Hungary,Education|Tertiary Education|Urban|D7,0.31539356339666536,NA
Reference,Expenditure deciles,Hungary,Education|No education|Rural|D8,0.005118027992479632,NA
Reference,Expenditure deciles,Hungary,Education|Primary Education|Rural|D8,0.035078557056941496,NA
Reference,Expenditure deciles,Hungary,Education|Secondary Education|Rural|D8,0.8232933493122822,NA
Reference,Expenditure deciles,Hungary,Education|Tertiary Education|Rural|D8,0.1365100656382967,NA
Reference,Expenditure deciles,Hungary,08,0.005978896983037227,NA
Reference,Expenditure deciles,Hungary,Education|No education|Urban|D8,0.0028387750467306046,NA
Reference,Expenditure deciles,Hungary,Education|Not specified|Urban|D8,0.007489998777143057,NA
Reference,Expenditure deciles,Hungary,Education|Primary Education|Urban|D8,0.006489876491448736,NA
Reference,Expenditure deciles,Hungary,Education|Secondary Education|Urban|D8,0.6973691106336146,NA
Reference,Expenditure deciles,Hungary,Education|Tertiary Education|Urban|D8,0.2798333420680258,NA
Reference,Expenditure deciles,Hungary,09,0.002156905356948821,NA
Reference,Expenditure deciles,Hungary,Education|No education|Rural|D9,0.004340975768771053,NA
Reference,Expenditure deciles,Hungary,Education|Not specified|Rural|D9,0.0053623818320113,NA
Reference,Expenditure deciles,Hungary,Education|Primary Education|Rural|D9,0.05705204824513745,NA
Reference,Expenditure deciles,Hungary,Education|Secondary Education|Rural|D9,0.7900086928175595,NA
Reference,Expenditure deciles,Hungary,Education|Tertiary Education|Rural|D9,0.14107899597957188,NA
Reference,Expenditure deciles,Hungary,09,0.013208052763058944,NA
Reference,Expenditure deciles,Hungary,Education|No education|Urban|D9,0.002057275234036668,NA
Reference,Expenditure deciles,Hungary,Education|Not specified|Urban|D9,0.00827232100408862,NA
Reference,Expenditure deciles,Hungary,Education|Primary Education|Urban|D9,0.012620259839048468,NA
Reference,Expenditure deciles,Hungary,Education|Secondary Education|Urban|D9,0.6951256407375073,NA
Reference,Expenditure deciles,Hungary,Education|Tertiary Education|Urban|D9,0.26871645042226006,NA
Reference,Expenditure deciles,Hungary,Education|No education|Rural|D10,0.009361154780620266,NA
Reference,Expenditure deciles,Hungary,Education|Primary Education|Rural|D10,0.050114884401007025,NA
Reference,Expenditure deciles,Hungary,Education|Secondary Education|Rural|D10,0.8033003155198382,NA
Reference,Expenditure deciles,Hungary,Education|Tertiary Education|Rural|D10,0.13722364529853454,NA
Reference,Expenditure deciles,Hungary,010,0.003411051283391709,NA
Reference,Expenditure deciles,Hungary,Education|No education|Urban|D10,0.01854949727290153,NA
Reference,Expenditure deciles,Hungary,Education|Primary Education|Urban|D10,0.021067489152595535,NA
Reference,Expenditure deciles,Hungary,Education|Secondary Education|Urban|D10,0.6687490198128496,NA
Reference,Expenditure deciles,Hungary,Education|Tertiary Education|Urban|D10,0.28822294247826163,NA
Reference,Expenditure deciles,Ireland,Education|No education|Rural|D1,0.0032797167473265277,NA
Reference,Expenditure deciles,Ireland,Education|Not specified|Rural|D1,0.0057139889960490745,NA
Reference,Expenditure deciles,Ireland,Education|Primary Education|Rural|D1,0.10663919176641141,NA
Reference,Expenditure deciles,Ireland,Education|Secondary Education|Rural|D1,0.470979210342613,NA
Reference,Expenditure deciles,Ireland,Education|Tertiary Education|Rural|D1,0.4133878921476,NA
Reference,Expenditure deciles,Ireland,Education|No education|Urban|D1,0.0010807999959767652,NA
Reference,Expenditure deciles,Ireland,Education|Not specified|Urban|D1,0.012080426567813012,NA
Reference,Expenditure deciles,Ireland,Education|Primary Education|Urban|D1,0.05794616489759943,NA
Reference,Expenditure deciles,Ireland,Education|Secondary Education|Urban|D1,0.4938849548545069,NA
Reference,Expenditure deciles,Ireland,Education|Tertiary Education|Urban|D1,0.43500765368410393,NA
Reference,Expenditure deciles,Ireland,Education|No education|Rural|D2,0.004165762566899989,NA
Reference,Expenditure deciles,Ireland,Education|Primary Education|Rural|D2,0.07552819711852275,NA
Reference,Expenditure deciles,Ireland,Education|Secondary Education|Rural|D2,0.5312980181727265,NA
Reference,Expenditure deciles,Ireland,Education|Tertiary Education|Rural|D2,0.38900802214185076,NA
Reference,Expenditure deciles,Ireland,Education|No education|Urban|D2,0.002063897256896299,NA
Reference,Expenditure deciles,Ireland,Education|Not specified|Urban|D2,0.019245951117604982,NA
Reference,Expenditure deciles,Ireland,Education|Primary Education|Urban|D2,0.05026772531458201,NA
Reference,Expenditure deciles,Ireland,Education|Secondary Education|Urban|D2,0.41220574606119287,NA
Reference,Expenditure deciles,Ireland,Education|Tertiary Education|Urban|D2,0.5162166802497239,NA
Reference,Expenditure deciles,Ireland,Education|Not specified|Rural|D3,0.010379989694266045,NA
Reference,Expenditure deciles,Ireland,Education|Primary Education|Rural|D3,0.11263877353986741,NA
Reference,Expenditure deciles,Ireland,Education|Secondary Education|Rural|D3,0.5602200039132702,NA
Reference,Expenditure deciles,Ireland,Education|Tertiary Education|Rural|D3,0.3167612328525964,NA
Reference,Expenditure deciles,Ireland,Education|No education|Urban|D3,0.0019768084722308083,NA
Reference,Expenditure deciles,Ireland,Education|Not specified|Urban|D3,0.00999423258412811,NA
Reference,Expenditure deciles,Ireland,Education|Primary Education|Urban|D3,0.04680020850723307,NA
Reference,Expenditure deciles,Ireland,Education|Secondary Education|Urban|D3,0.467769868528609,NA
Reference,Expenditure deciles,Ireland,Education|Tertiary Education|Urban|D3,0.473458881907799,NA
Reference,Expenditure deciles,Ireland,Education|No education|Rural|D4,0.0029399178748550805,NA
Reference,Expenditure deciles,Ireland,Education|Not specified|Rural|D4,0.011260696607190682,NA
Reference,Expenditure deciles,Ireland,Education|Primary Education|Rural|D4,0.12071002590534373,NA
Reference,Expenditure deciles,Ireland,Education|Secondary Education|Rural|D4,0.4982758129318709,NA
Reference,Expenditure deciles,Ireland,Education|Tertiary Education|Rural|D4,0.36681354668073957,NA
Reference,Expenditure deciles,Ireland,Education|No education|Urban|D4,0.004257458642985121,NA
Reference,Expenditure deciles,Ireland,Education|Not specified|Urban|D4,0.023098023679623318,NA
Reference,Expenditure deciles,Ireland,Education|Primary Education|Urban|D4,0.08745131392120949,NA
Reference,Expenditure deciles,Ireland,Education|Secondary Education|Urban|D4,0.41033377667920096,NA
Reference,Expenditure deciles,Ireland,Education|Tertiary Education|Urban|D4,0.4748594270769811,NA
Reference,Expenditure deciles,Ireland,Education|Not specified|Rural|D5,0.019575865062755188,NA
Reference,Expenditure deciles,Ireland,Education|Primary Education|Rural|D5,0.1393987160554458,NA
Reference,Expenditure deciles,Ireland,Education|Secondary Education|Rural|D5,0.5284925949733922,NA
Reference,Expenditure deciles,Ireland,Education|Tertiary Education|Rural|D5,0.3125328239084069,NA
Reference,Expenditure deciles,Ireland,Education|Not specified|Urban|D5,0.04060689251538149,NA
Reference,Expenditure deciles,Ireland,Education|Primary Education|Urban|D5,0.07669683375428472,NA
Reference,Expenditure deciles,Ireland,Education|Secondary Education|Urban|D5,0.4656629237381408,NA
Reference,Expenditure deciles,Ireland,Education|Tertiary Education|Urban|D5,0.41703334999219305,NA
Reference,Expenditure deciles,Ireland,Education|No education|Rural|D6,0.02028305372648009,NA
Reference,Expenditure deciles,Ireland,Education|Not specified|Rural|D6,0.00822310397941485,NA
Reference,Expenditure deciles,Ireland,Education|Primary Education|Rural|D6,0.125311886529759,NA
Reference,Expenditure deciles,Ireland,Education|Secondary Education|Rural|D6,0.47780133167230804,NA
Reference,Expenditure deciles,Ireland,Education|Tertiary Education|Rural|D6,0.3683806240920381,NA
Reference,Expenditure deciles,Ireland,Education|No education|Urban|D6,0.00913322646570803,NA
Reference,Expenditure deciles,Ireland,Education|Not specified|Urban|D6,0.021693560862675453,NA
Reference,Expenditure deciles,Ireland,Education|Primary Education|Urban|D6,0.06581749317507074,NA
Reference,Expenditure deciles,Ireland,Education|Secondary Education|Urban|D6,0.45392989455381244,NA
Reference,Expenditure deciles,Ireland,Education|Tertiary Education|Urban|D6,0.44942582494273337,NA
Reference,Expenditure deciles,Ireland,Education|Not specified|Rural|D7,0.006124283340409994,NA
Reference,Expenditure deciles,Ireland,Education|Primary Education|Rural|D7,0.17547701641224767,NA
Reference,Expenditure deciles,Ireland,Education|Secondary Education|Rural|D7,0.4933629068229917,NA
Reference,Expenditure deciles,Ireland,Education|Tertiary Education|Rural|D7,0.32503579342435057,NA
Reference,Expenditure deciles,Ireland,Education|Not specified|Urban|D7,0.01992581625766474,NA
Reference,Expenditure deciles,Ireland,Education|Primary Education|Urban|D7,0.09386822800064902,NA
Reference,Expenditure deciles,Ireland,Education|Secondary Education|Urban|D7,0.4029193258742028,NA
Reference,Expenditure deciles,Ireland,Education|Tertiary Education|Urban|D7,0.48328662986748355,NA
Reference,Expenditure deciles,Ireland,Education|No education|Rural|D8,0.002938024484929114,NA
Reference,Expenditure deciles,Ireland,Education|Not specified|Rural|D8,0.008843048260447047,NA
Reference,Expenditure deciles,Ireland,Education|Primary Education|Rural|D8,0.2012826484941841,NA
Reference,Expenditure deciles,Ireland,Education|Secondary Education|Rural|D8,0.5444269523836911,NA
Reference,Expenditure deciles,Ireland,Education|Tertiary Education|Rural|D8,0.24250932637674866,NA
Reference,Expenditure deciles,Ireland,Education|No education|Urban|D8,0.002095866157702087,NA
Reference,Expenditure deciles,Ireland,Education|Not specified|Urban|D8,0.030024030737139055,NA
Reference,Expenditure deciles,Ireland,Education|Primary Education|Urban|D8,0.10888345691398464,NA
Reference,Expenditure deciles,Ireland,Education|Secondary Education|Urban|D8,0.3922797916164887,NA
Reference,Expenditure deciles,Ireland,Education|Tertiary Education|Urban|D8,0.4667168545746855,NA
Reference,Expenditure deciles,Ireland,Education|No education|Rural|D9,0.010922908021624335,NA
Reference,Expenditure deciles,Ireland,Education|Primary Education|Rural|D9,0.15736367714178778,NA
Reference,Expenditure deciles,Ireland,Education|Secondary Education|Rural|D9,0.5804652380354131,NA
Reference,Expenditure deciles,Ireland,Education|Tertiary Education|Rural|D9,0.251248176801175,NA
Reference,Expenditure deciles,Ireland,Education|No education|Urban|D9,0.008959275223344753,NA
Reference,Expenditure deciles,Ireland,Education|Not specified|Urban|D9,0.029292572703448802,NA
Reference,Expenditure deciles,Ireland,Education|Primary Education|Urban|D9,0.08246505864828042,NA
Reference,Expenditure deciles,Ireland,Education|Secondary Education|Urban|D9,0.4705978666031881,NA
Reference,Expenditure deciles,Ireland,Education|Tertiary Education|Urban|D9,0.40868522682173797,NA
Reference,Expenditure deciles,Ireland,Education|No education|Rural|D10,0.002154114161543123,NA
Reference,Expenditure deciles,Ireland,Education|Not specified|Rural|D10,0.004654703475355763,NA
Reference,Expenditure deciles,Ireland,Education|Primary Education|Rural|D10,0.25928404869080146,NA
Reference,Expenditure deciles,Ireland,Education|Secondary Education|Rural|D10,0.46143808220531707,NA
Reference,Expenditure deciles,Ireland,Education|Tertiary Education|Rural|D10,0.2724690514669826,NA
Reference,Expenditure deciles,Ireland,Education|No education|Urban|D10,0.00212954198997718,NA
Reference,Expenditure deciles,Ireland,Education|Not specified|Urban|D10,0.016153936841221104,NA
Reference,Expenditure deciles,Ireland,Education|Primary Education|Urban|D10,0.14692428594446721,NA
Reference,Expenditure deciles,Ireland,Education|Secondary Education|Urban|D10,0.43693000751623756,NA
Reference,Expenditure deciles,Ireland,Education|Tertiary Education|Urban|D10,0.3978622277080969,NA
Reference,Expenditure deciles,Latvia,Education|No education|Rural|D1,0.012482581652627792,NA
Reference,Expenditure deciles,Latvia,Education|Primary Education|Rural|D1,0.02290177510846959,NA
Reference,Expenditure deciles,Latvia,Education|Secondary Education|Rural|D1,0.7133710389323508,NA
Reference,Expenditure deciles,Latvia,Education|Tertiary Education|Rural|D1,0.25124460430655177,NA
Reference,Expenditure deciles,Latvia,Education|Not specified|Urban|D1,0.009383417921885937,NA
Reference,Expenditure deciles,Latvia,Education|Primary Education|Urban|D1,0.007579159830261523,NA
Reference,Expenditure deciles,Latvia,Education|Secondary Education|Urban|D1,0.5644546483727443,NA
Reference,Expenditure deciles,Latvia,Education|Tertiary Education|Urban|D1,0.41858277387510834,NA
Reference,Expenditure deciles,Latvia,Education|Primary Education|Rural|D2,0.015756021690697383,NA
Reference,Expenditure deciles,Latvia,Education|Secondary Education|Rural|D2,0.7555377135090448,NA
Reference,Expenditure deciles,Latvia,Education|Tertiary Education|Rural|D2,0.22870626480025782,NA
Reference,Expenditure deciles,Latvia,Education|Secondary Education|Urban|D2,0.6240684982821364,NA
Reference,Expenditure deciles,Latvia,Education|Tertiary Education|Urban|D2,0.3759315017178636,NA
Reference,Expenditure deciles,Latvia,Education|No education|Rural|D3,0.004318804930271954,NA
Reference,Expenditure deciles,Latvia,Education|Primary Education|Rural|D3,0.028013632437450062,NA
Reference,Expenditure deciles,Latvia,Education|Secondary Education|Rural|D3,0.6732941406703521,NA
Reference,Expenditure deciles,Latvia,Education|Tertiary Education|Rural|D3,0.2943734219619259,NA
Reference,Expenditure deciles,Latvia,Education|Not specified|Urban|D3,0.004007696557733384,NA
Reference,Expenditure deciles,Latvia,Education|Primary Education|Urban|D3,0.005907655858075886,NA
Reference,Expenditure deciles,Latvia,Education|Secondary Education|Urban|D3,0.633716349493223,NA
Reference,Expenditure deciles,Latvia,Education|Tertiary Education|Urban|D3,0.35636829809096776,NA
Reference,Expenditure deciles,Latvia,Education|Primary Education|Rural|D4,0.02560729101526375,NA
Reference,Expenditure deciles,Latvia,Education|Secondary Education|Rural|D4,0.7280159771704379,NA
Reference,Expenditure deciles,Latvia,Education|Tertiary Education|Rural|D4,0.24637673181429845,NA
Reference,Expenditure deciles,Latvia,Education|Not specified|Urban|D4,0.007633074644426742,NA
Reference,Expenditure deciles,Latvia,Education|Primary Education|Urban|D4,0.0036368159321139106,NA
Reference,Expenditure deciles,Latvia,Education|Secondary Education|Urban|D4,0.5501940755523462,NA
Reference,Expenditure deciles,Latvia,Education|Tertiary Education|Urban|D4,0.4385360338711131,NA
Reference,Expenditure deciles,Latvia,Education|No education|Rural|D5,0.0037895269926949355,NA
Reference,Expenditure deciles,Latvia,Education|Primary Education|Rural|D5,0.01762372880023671,NA
Reference,Expenditure deciles,Latvia,Education|Secondary Education|Rural|D5,0.7177424199634719,NA
Reference,Expenditure deciles,Latvia,Education|Tertiary Education|Rural|D5,0.2608443242435965,NA
Reference,Expenditure deciles,Latvia,Education|No education|Urban|D5,0.0031861432877134414,NA
Reference,Expenditure deciles,Latvia,Education|Primary Education|Urban|D5,0.00947139769826523,NA
Reference,Expenditure deciles,Latvia,Education|Secondary Education|Urban|D5,0.6282762609449863,NA
Reference,Expenditure deciles,Latvia,Education|Tertiary Education|Urban|D5,0.359066198069035,NA
Reference,Expenditure deciles,Latvia,Education|No education|Rural|D6,0.0017837293153453234,NA
Reference,Expenditure deciles,Latvia,Education|Primary Education|Rural|D6,0.00918313820281671,NA
Reference,Expenditure deciles,Latvia,Education|Secondary Education|Rural|D6,0.6872280116807461,NA
Reference,Expenditure deciles,Latvia,Education|Tertiary Education|Rural|D6,0.3018051208010918,NA
Reference,Expenditure deciles,Latvia,Education|Not specified|Urban|D6,0.013084918516090999,NA
Reference,Expenditure deciles,Latvia,Education|Primary Education|Urban|D6,0.015043527852256851,NA
Reference,Expenditure deciles,Latvia,Education|Secondary Education|Urban|D6,0.5610617796163387,NA
Reference,Expenditure deciles,Latvia,Education|Tertiary Education|Urban|D6,0.4108097740153135,NA
Reference,Expenditure deciles,Latvia,Education|No education|Rural|D7,0.006670638539593361,NA
Reference,Expenditure deciles,Latvia,Education|Primary Education|Rural|D7,0.03986074036598924,NA
Reference,Expenditure deciles,Latvia,Education|Secondary Education|Rural|D7,0.6896935444860863,NA
Reference,Expenditure deciles,Latvia,Education|Tertiary Education|Rural|D7,0.2637750766083312,NA
Reference,Expenditure deciles,Latvia,Education|No education|Urban|D7,0.007751556943989512,NA
Reference,Expenditure deciles,Latvia,Education|Not specified|Urban|D7,0.0029106170121700713,NA
Reference,Expenditure deciles,Latvia,Education|Secondary Education|Urban|D7,0.6473029784884797,NA
Reference,Expenditure deciles,Latvia,Education|Tertiary Education|Urban|D7,0.3420348475553608,NA
Reference,Expenditure deciles,Latvia,Education|Primary Education|Rural|D8,0.016814983776142895,NA
Reference,Expenditure deciles,Latvia,Education|Secondary Education|Rural|D8,0.76851635864851,NA
Reference,Expenditure deciles,Latvia,Education|Tertiary Education|Rural|D8,0.21466865757534698,NA
Reference,Expenditure deciles,Latvia,Education|No education|Urban|D8,0.010928837944261902,NA
Reference,Expenditure deciles,Latvia,Education|Not specified|Urban|D8,0.0164898663733045,NA
Reference,Expenditure deciles,Latvia,Education|Primary Education|Urban|D8,0.008685660399377512,NA
Reference,Expenditure deciles,Latvia,Education|Secondary Education|Urban|D8,0.5901660122373403,NA
Reference,Expenditure deciles,Latvia,Education|Tertiary Education|Urban|D8,0.3737296230457158,NA
Reference,Expenditure deciles,Latvia,Education|No education|Rural|D9,0.011564292468783866,NA
Reference,Expenditure deciles,Latvia,Education|Primary Education|Rural|D9,0.01264797034726009,NA
Reference,Expenditure deciles,Latvia,Education|Secondary Education|Rural|D9,0.7508258729819087,NA
Reference,Expenditure deciles,Latvia,Education|Tertiary Education|Rural|D9,0.22496186420204725,NA
Reference,Expenditure deciles,Latvia,Education|Not specified|Urban|D9,0.010682471504138199,NA
Reference,Expenditure deciles,Latvia,Education|Primary Education|Urban|D9,0.011443915847884002,NA
Reference,Expenditure deciles,Latvia,Education|Secondary Education|Urban|D9,0.6387217234358833,NA
Reference,Expenditure deciles,Latvia,Education|Tertiary Education|Urban|D9,0.33915188921209444,NA
Reference,Expenditure deciles,Latvia,Education|No education|Rural|D10,0.00304282897013096,NA
Reference,Expenditure deciles,Latvia,Education|Primary Education|Rural|D10,0.06116536073267812,NA
Reference,Expenditure deciles,Latvia,Education|Secondary Education|Rural|D10,0.7119669981623068,NA
Reference,Expenditure deciles,Latvia,Education|Tertiary Education|Rural|D10,0.22382481213488412,NA
Reference,Expenditure deciles,Latvia,Education|Primary Education|Urban|D10,0.01470238902853934,NA
Reference,Expenditure deciles,Latvia,Education|Secondary Education|Urban|D10,0.6666338524963095,NA
Reference,Expenditure deciles,Latvia,Education|Tertiary Education|Urban|D10,0.3186637584751512,NA
Reference,Expenditure deciles,Lithuania,Education|Not specified|Rural|D1,0.0025145140842270475,NA
Reference,Expenditure deciles,Lithuania,Education|Primary Education|Rural|D1,0.06489590867411814,NA
Reference,Expenditure deciles,Lithuania,Education|Secondary Education|Rural|D1,0.684006701800361,NA
Reference,Expenditure deciles,Lithuania,Education|Tertiary Education|Rural|D1,0.2485828754412937,NA
Reference,Expenditure deciles,Lithuania,Education|Not specified|Urban|D1,0.017522485727786783,NA
Reference,Expenditure deciles,Lithuania,Education|Primary Education|Urban|D1,0.013371837152917326,NA
Reference,Expenditure deciles,Lithuania,Education|Secondary Education|Urban|D1,0.5309250029111866,NA
Reference,Expenditure deciles,Lithuania,Education|Tertiary Education|Urban|D1,0.43818067420810924,NA
Reference,Expenditure deciles,Lithuania,Education|Not specified|Rural|D2,0.016257822140892355,NA
Reference,Expenditure deciles,Lithuania,Education|Primary Education|Rural|D2,0.046327143752906814,NA
Reference,Expenditure deciles,Lithuania,Education|Secondary Education|Rural|D2,0.7438218431788428,NA
Reference,Expenditure deciles,Lithuania,Education|Tertiary Education|Rural|D2,0.19359319092735797,NA
Reference,Expenditure deciles,Lithuania,Education|Not specified|Urban|D2,0.01007303731589799,NA
Reference,Expenditure deciles,Lithuania,Education|Primary Education|Urban|D2,0.028242476683130992,NA
Reference,Expenditure deciles,Lithuania,Education|Secondary Education|Urban|D2,0.5688927443546777,NA
Reference,Expenditure deciles,Lithuania,Education|Tertiary Education|Urban|D2,0.3927917416462932,NA
Reference,Expenditure deciles,Lithuania,Education|Not specified|Rural|D3,0.008439840643944095,NA
Reference,Expenditure deciles,Lithuania,Education|Primary Education|Rural|D3,0.09096812889857187,NA
Reference,Expenditure deciles,Lithuania,Education|Secondary Education|Rural|D3,0.7267129014760546,NA
Reference,Expenditure deciles,Lithuania,Education|Tertiary Education|Rural|D3,0.17387912898142951,NA
Reference,Expenditure deciles,Lithuania,Education|Primary Education|Urban|D3,0.01991464344311301,NA
Reference,Expenditure deciles,Lithuania,Education|Secondary Education|Urban|D3,0.6596748124125864,NA
Reference,Expenditure deciles,Lithuania,Education|Tertiary Education|Urban|D3,0.32041054414430054,NA
Reference,Expenditure deciles,Lithuania,Education|Not specified|Rural|D4,0.015146006849501743,NA
Reference,Expenditure deciles,Lithuania,Education|Primary Education|Rural|D4,0.09379581984300321,NA
Reference,Expenditure deciles,Lithuania,Education|Secondary Education|Rural|D4,0.7573899960515649,NA
Reference,Expenditure deciles,Lithuania,Education|Tertiary Education|Rural|D4,0.1336681772559302,NA
Reference,Expenditure deciles,Lithuania,Education|Not specified|Urban|D4,0.007081943940483833,NA
Reference,Expenditure deciles,Lithuania,Education|Primary Education|Urban|D4,0.041938213227462044,NA
Reference,Expenditure deciles,Lithuania,Education|Secondary Education|Urban|D4,0.561047783293596,NA
Reference,Expenditure deciles,Lithuania,Education|Tertiary Education|Urban|D4,0.38993205953845816,NA
Reference,Expenditure deciles,Lithuania,Education|Primary Education|Rural|D5,0.0700193078647235,NA
Reference,Expenditure deciles,Lithuania,Education|Secondary Education|Rural|D5,0.7223737481761976,NA
Reference,Expenditure deciles,Lithuania,Education|Tertiary Education|Rural|D5,0.20760694395907897,NA
Reference,Expenditure deciles,Lithuania,Education|Primary Education|Urban|D5,0.021010012263094735,NA
Reference,Expenditure deciles,Lithuania,Education|Secondary Education|Urban|D5,0.48169260092431126,NA
Reference,Expenditure deciles,Lithuania,Education|Tertiary Education|Urban|D5,0.49729738681259394,NA
Reference,Expenditure deciles,Lithuania,Education|Not specified|Rural|D6,0.012256103553456925,NA
Reference,Expenditure deciles,Lithuania,Education|Primary Education|Rural|D6,0.14528256845882245,NA
Reference,Expenditure deciles,Lithuania,Education|Secondary Education|Rural|D6,0.6565427158914233,NA
Reference,Expenditure deciles,Lithuania,Education|Tertiary Education|Rural|D6,0.18591861209629734,NA
Reference,Expenditure deciles,Lithuania,Education|Primary Education|Urban|D6,0.030541208914634705,NA
Reference,Expenditure deciles,Lithuania,Education|Secondary Education|Urban|D6,0.5958998170308486,NA
Reference,Expenditure deciles,Lithuania,Education|Tertiary Education|Urban|D6,0.3735589740545167,NA
Reference,Expenditure deciles,Lithuania,Education|Not specified|Rural|D7,0.015128093845859114,NA
Reference,Expenditure deciles,Lithuania,Education|Primary Education|Rural|D7,0.12557192474547363,NA
Reference,Expenditure deciles,Lithuania,Education|Secondary Education|Rural|D7,0.6525441731117965,NA
Reference,Expenditure deciles,Lithuania,Education|Tertiary Education|Rural|D7,0.20675580829687093,NA
Reference,Expenditure deciles,Lithuania,Education|Not specified|Urban|D7,0.008573394021326161,NA
Reference,Expenditure deciles,Lithuania,Education|Primary Education|Urban|D7,0.010557120335541209,NA
Reference,Expenditure deciles,Lithuania,Education|Secondary Education|Urban|D7,0.6092380970632655,NA
Reference,Expenditure deciles,Lithuania,Education|Tertiary Education|Urban|D7,0.3716313885798671,NA
Reference,Expenditure deciles,Lithuania,Education|Not specified|Rural|D8,0.010034612485119693,NA
Reference,Expenditure deciles,Lithuania,Education|Primary Education|Rural|D8,0.1524218449678171,NA
Reference,Expenditure deciles,Lithuania,Education|Secondary Education|Rural|D8,0.6706043751192666,NA
Reference,Expenditure deciles,Lithuania,Education|Tertiary Education|Rural|D8,0.16693916742779655,NA
Reference,Expenditure deciles,Lithuania,Education|Primary Education|Urban|D8,0.07572948677420918,NA
Reference,Expenditure deciles,Lithuania,Education|Secondary Education|Urban|D8,0.5645434313448919,NA
Reference,Expenditure deciles,Lithuania,Education|Tertiary Education|Urban|D8,0.35972708188089886,NA
Reference,Expenditure deciles,Lithuania,Education|Primary Education|Rural|D9,0.09473513640116052,NA
Reference,Expenditure deciles,Lithuania,Education|Secondary Education|Rural|D9,0.7488608110532187,NA
Reference,Expenditure deciles,Lithuania,Education|Tertiary Education|Rural|D9,0.15640405254562081,NA
Reference,Expenditure deciles,Lithuania,Education|Not specified|Urban|D9,0.018675965462819785,NA
Reference,Expenditure deciles,Lithuania,Education|Primary Education|Urban|D9,0.03496961510391162,NA
Reference,Expenditure deciles,Lithuania,Education|Secondary Education|Urban|D9,0.5900544018559741,NA
Reference,Expenditure deciles,Lithuania,Education|Tertiary Education|Urban|D9,0.35630001757729446,NA
Reference,Expenditure deciles,Lithuania,Education|Not specified|Rural|D10,0.0029749479553429956,NA
Reference,Expenditure deciles,Lithuania,Education|Primary Education|Rural|D10,0.19424164835888547,NA
Reference,Expenditure deciles,Lithuania,Education|Secondary Education|Rural|D10,0.6287435925043471,NA
Reference,Expenditure deciles,Lithuania,Education|Tertiary Education|Rural|D10,0.1740398111814244,NA
Reference,Expenditure deciles,Lithuania,Education|Not specified|Urban|D10,0.03846556065356162,NA
Reference,Expenditure deciles,Lithuania,Education|Primary Education|Urban|D10,0.048984755996519774,NA
Reference,Expenditure deciles,Lithuania,Education|Secondary Education|Urban|D10,0.5944992115457662,NA
Reference,Expenditure deciles,Lithuania,Education|Tertiary Education|Urban|D10,0.3180504718041523,NA
Reference,Expenditure deciles,Luxembourg,Education|Not specified|Rural|D1,0.12773979532879495,NA
Reference,Expenditure deciles,Luxembourg,Education|Primary Education|Rural|D1,0.146342392068341,NA
Reference,Expenditure deciles,Luxembourg,Education|Secondary Education|Rural|D1,0.5039546544091014,NA
Reference,Expenditure deciles,Luxembourg,Education|Tertiary Education|Rural|D1,0.22196315819376278,NA
Reference,Expenditure deciles,Luxembourg,Education|Not specified|Urban|D1,0.16611050762645616,NA
Reference,Expenditure deciles,Luxembourg,Education|Primary Education|Urban|D1,0.21854289936151688,NA
Reference,Expenditure deciles,Luxembourg,Education|Secondary Education|Urban|D1,0.3982566895805942,NA
Reference,Expenditure deciles,Luxembourg,Education|Tertiary Education|Urban|D1,0.2170899034314327,NA
Reference,Expenditure deciles,Luxembourg,Education|Not specified|Rural|D2,0.1487450188542566,NA
Reference,Expenditure deciles,Luxembourg,Education|Primary Education|Rural|D2,0.20054483596193715,NA
Reference,Expenditure deciles,Luxembourg,Education|Secondary Education|Rural|D2,0.46671459324492875,NA
Reference,Expenditure deciles,Luxembourg,Education|Tertiary Education|Rural|D2,0.1839955519388776,NA
Reference,Expenditure deciles,Luxembourg,Education|Not specified|Urban|D2,0.16711208108639747,NA
Reference,Expenditure deciles,Luxembourg,Education|Primary Education|Urban|D2,0.1679576345644346,NA
Reference,Expenditure deciles,Luxembourg,Education|Secondary Education|Urban|D2,0.38710078495537775,NA
Reference,Expenditure deciles,Luxembourg,Education|Tertiary Education|Urban|D2,0.27782949939379026,NA
Reference,Expenditure deciles,Luxembourg,Education|Not specified|Rural|D3,0.15220050487357525,NA
Reference,Expenditure deciles,Luxembourg,Education|Primary Education|Rural|D3,0.2476937360854107,NA
Reference,Expenditure deciles,Luxembourg,Education|Secondary Education|Rural|D3,0.3381700036016453,NA
Reference,Expenditure deciles,Luxembourg,Education|Tertiary Education|Rural|D3,0.26193575543936887,NA
Reference,Expenditure deciles,Luxembourg,Education|Not specified|Urban|D3,0.20657004792922473,NA
Reference,Expenditure deciles,Luxembourg,Education|Primary Education|Urban|D3,0.14358498208490195,NA
Reference,Expenditure deciles,Luxembourg,Education|Secondary Education|Urban|D3,0.42257214903339396,NA
Reference,Expenditure deciles,Luxembourg,Education|Tertiary Education|Urban|D3,0.2272728209524794,NA
Reference,Expenditure deciles,Luxembourg,Education|Not specified|Rural|D4,0.1306621264546089,NA
Reference,Expenditure deciles,Luxembourg,Education|Primary Education|Rural|D4,0.17687964912240686,NA
Reference,Expenditure deciles,Luxembourg,Education|Secondary Education|Rural|D4,0.5459892956142391,NA
Reference,Expenditure deciles,Luxembourg,Education|Tertiary Education|Rural|D4,0.14646892880874504,NA
Reference,Expenditure deciles,Luxembourg,Education|Not specified|Urban|D4,0.18022519878425705,NA
Reference,Expenditure deciles,Luxembourg,Education|Primary Education|Urban|D4,0.16357615822043653,NA
Reference,Expenditure deciles,Luxembourg,Education|Secondary Education|Urban|D4,0.32937251872583456,NA
Reference,Expenditure deciles,Luxembourg,Education|Tertiary Education|Urban|D4,0.32682612426947183,NA
Reference,Expenditure deciles,Luxembourg,Education|Not specified|Rural|D5,0.16030227396579189,NA
Reference,Expenditure deciles,Luxembourg,Education|Primary Education|Rural|D5,0.13778038380894764,NA
Reference,Expenditure deciles,Luxembourg,Education|Secondary Education|Rural|D5,0.4945660979744279,NA
Reference,Expenditure deciles,Luxembourg,Education|Tertiary Education|Rural|D5,0.20735124425083246,NA
Reference,Expenditure deciles,Luxembourg,Education|Not specified|Urban|D5,0.1756864717512438,NA
Reference,Expenditure deciles,Luxembourg,Education|Primary Education|Urban|D5,0.12972630838452934,NA
Reference,Expenditure deciles,Luxembourg,Education|Secondary Education|Urban|D5,0.41529686905309116,NA
Reference,Expenditure deciles,Luxembourg,Education|Tertiary Education|Urban|D5,0.2792903508111357,NA
Reference,Expenditure deciles,Luxembourg,Education|Not specified|Rural|D6,0.2256520898815811,NA
Reference,Expenditure deciles,Luxembourg,Education|Primary Education|Rural|D6,0.12037869597753498,NA
Reference,Expenditure deciles,Luxembourg,Education|Secondary Education|Rural|D6,0.49704609781102305,NA
Reference,Expenditure deciles,Luxembourg,Education|Tertiary Education|Rural|D6,0.15692311632986095,NA
Reference,Expenditure deciles,Luxembourg,Education|Not specified|Urban|D6,0.1737388767740748,NA
Reference,Expenditure deciles,Luxembourg,Education|Primary Education|Urban|D6,0.11032317934626872,NA
Reference,Expenditure deciles,Luxembourg,Education|Secondary Education|Urban|D6,0.4142169930389667,NA
Reference,Expenditure deciles,Luxembourg,Education|Tertiary Education|Urban|D6,0.3017209508406899,NA
Reference,Expenditure deciles,Luxembourg,Education|Not specified|Rural|D7,0.13713888359548632,NA
Reference,Expenditure deciles,Luxembourg,Education|Primary Education|Rural|D7,0.07237524633512632,NA
Reference,Expenditure deciles,Luxembourg,Education|Secondary Education|Rural|D7,0.6172223204140407,NA
Reference,Expenditure deciles,Luxembourg,Education|Tertiary Education|Rural|D7,0.17326354965534674,NA
Reference,Expenditure deciles,Luxembourg,Education|Not specified|Urban|D7,0.14076838553821727,NA
Reference,Expenditure deciles,Luxembourg,Education|Primary Education|Urban|D7,0.11320519376352188,NA
Reference,Expenditure deciles,Luxembourg,Education|Secondary Education|Urban|D7,0.46405766010351573,NA
Reference,Expenditure deciles,Luxembourg,Education|Tertiary Education|Urban|D7,0.28196876059474507,NA
Reference,Expenditure deciles,Luxembourg,Education|Not specified|Rural|D8,0.17651166570323137,NA
Reference,Expenditure deciles,Luxembourg,Education|Primary Education|Rural|D8,0.14848830750711564,NA
Reference,Expenditure deciles,Luxembourg,Education|Secondary Education|Rural|D8,0.5303365673405555,NA
Reference,Expenditure deciles,Luxembourg,Education|Tertiary Education|Rural|D8,0.1446634594490976,NA
Reference,Expenditure deciles,Luxembourg,Education|Not specified|Urban|D8,0.1743009849134877,NA
Reference,Expenditure deciles,Luxembourg,Education|Primary Education|Urban|D8,0.15506439464991398,NA
Reference,Expenditure deciles,Luxembourg,Education|Secondary Education|Urban|D8,0.37949275054340276,NA
Reference,Expenditure deciles,Luxembourg,Education|Tertiary Education|Urban|D8,0.29114186989319546,NA
Reference,Expenditure deciles,Luxembourg,Education|Not specified|Rural|D9,0.24072509156821503,NA
Reference,Expenditure deciles,Luxembourg,Education|Primary Education|Rural|D9,0.14515044766775145,NA
Reference,Expenditure deciles,Luxembourg,Education|Secondary Education|Rural|D9,0.520477820920898,NA
Reference,Expenditure deciles,Luxembourg,Education|Tertiary Education|Rural|D9,0.09364663984313548,NA
Reference,Expenditure deciles,Luxembourg,Education|Not specified|Urban|D9,0.23299408960270354,NA
Reference,Expenditure deciles,Luxembourg,Education|Primary Education|Urban|D9,0.15406762889579534,NA
Reference,Expenditure deciles,Luxembourg,Education|Secondary Education|Urban|D9,0.3496185548391326,NA
Reference,Expenditure deciles,Luxembourg,Education|Tertiary Education|Urban|D9,0.2633197266623685,NA
Reference,Expenditure deciles,Luxembourg,Education|Not specified|Rural|D10,0.04532642896586152,NA
Reference,Expenditure deciles,Luxembourg,Education|Primary Education|Rural|D10,0.26047876443980716,NA
Reference,Expenditure deciles,Luxembourg,Education|Secondary Education|Rural|D10,0.5657223166443156,NA
Reference,Expenditure deciles,Luxembourg,Education|Tertiary Education|Rural|D10,0.12847248995001573,NA
Reference,Expenditure deciles,Luxembourg,Education|Not specified|Urban|D10,0.15316319507716597,NA
Reference,Expenditure deciles,Luxembourg,Education|Primary Education|Urban|D10,0.12962418138379814,NA
Reference,Expenditure deciles,Luxembourg,Education|Secondary Education|Urban|D10,0.4097532214722845,NA
Reference,Expenditure deciles,Luxembourg,Education|Tertiary Education|Urban|D10,0.3074594020667514,NA
Reference,Expenditure deciles,Netherlands,Education|Not specified|Rural|D1,1,NA
Reference,Expenditure deciles,Netherlands,Education|Not specified|Urban|D1,1,NA
Reference,Expenditure deciles,Netherlands,Education|Not specified|Rural|D2,1,NA
Reference,Expenditure deciles,Netherlands,Education|Not specified|Urban|D2,1,NA
Reference,Expenditure deciles,Netherlands,Education|Not specified|Rural|D3,1,NA
Reference,Expenditure deciles,Netherlands,Education|Not specified|Urban|D3,1,NA
Reference,Expenditure deciles,Netherlands,Education|Not specified|Rural|D4,1,NA
Reference,Expenditure deciles,Netherlands,Education|Not specified|Urban|D4,1,NA
Reference,Expenditure deciles,Netherlands,Education|Not specified|Rural|D5,1,NA
Reference,Expenditure deciles,Netherlands,Education|Not specified|Urban|D5,1,NA
Reference,Expenditure deciles,Netherlands,Education|Not specified|Rural|D6,1,NA
Reference,Expenditure deciles,Netherlands,Education|Not specified|Urban|D6,1,NA
Reference,Expenditure deciles,Netherlands,Education|Not specified|Rural|D7,1,NA
Reference,Expenditure deciles,Netherlands,Education|Not specified|Urban|D7,1,NA
Reference,Expenditure deciles,Netherlands,Education|Not specified|Rural|D8,1,NA
Reference,Expenditure deciles,Netherlands,Education|Not specified|Urban|D8,1,NA
Reference,Expenditure deciles,Netherlands,Education|Not specified|Rural|D9,1,NA
Reference,Expenditure deciles,Netherlands,Education|Not specified|Urban|D9,1,NA
Reference,Expenditure deciles,Netherlands,Education|Not specified|Rural|D10,1,NA
Reference,Expenditure deciles,Netherlands,Education|Not specified|Urban|D10,1,NA
Reference,Expenditure deciles,Poland,Education|No education|Rural|D1,0.0010895440348365607,NA
Reference,Expenditure deciles,Poland,Education|Not specified|Rural|D1,0.0020951184821183413,NA
Reference,Expenditure deciles,Poland,Education|Primary Education|Rural|D1,0.18668809007309475,NA
Reference,Expenditure deciles,Poland,Education|Secondary Education|Rural|D1,0.7154384010954168,NA
Reference,Expenditure deciles,Poland,Education|Tertiary Education|Rural|D1,0.09468884631453359,NA
Reference,Expenditure deciles,Poland,Education|No education|Urban|D1,6.559185943079813e-4,NA
Reference,Expenditure deciles,Poland,Education|Not specified|Urban|D1,0.0097050479390812,NA
Reference,Expenditure deciles,Poland,Education|Primary Education|Urban|D1,0.07446123350325658,NA
Reference,Expenditure deciles,Poland,Education|Secondary Education|Urban|D1,0.6346663687148251,NA
Reference,Expenditure deciles,Poland,Education|Tertiary Education|Urban|D1,0.2805114312485292,NA
Reference,Expenditure deciles,Poland,Education|No education|Rural|D2,0.002885887643598801,NA
Reference,Expenditure deciles,Poland,Education|Not specified|Rural|D2,0.003842182495682246,NA
Reference,Expenditure deciles,Poland,Education|Primary Education|Rural|D2,0.15407579461094875,NA
Reference,Expenditure deciles,Poland,Education|Secondary Education|Rural|D2,0.7151421252004303,NA
Reference,Expenditure deciles,Poland,Education|Tertiary Education|Rural|D2,0.12405401004933987,NA
Reference,Expenditure deciles,Poland,Education|No education|Urban|D2,6.514590106100128e-4,NA
Reference,Expenditure deciles,Poland,Education|Not specified|Urban|D2,0.013182277420824288,NA
Reference,Expenditure deciles,Poland,Education|Primary Education|Urban|D2,0.07170245543033484,NA
Reference,Expenditure deciles,Poland,Education|Secondary Education|Urban|D2,0.6337648513698149,NA
Reference,Expenditure deciles,Poland,Education|Tertiary Education|Urban|D2,0.280698956768416,NA
Reference,Expenditure deciles,Poland,Education|No education|Rural|D3,0.002359475733865971,NA
Reference,Expenditure deciles,Poland,Education|Not specified|Rural|D3,0.0028884391869723565,NA
Reference,Expenditure deciles,Poland,Education|Primary Education|Rural|D3,0.15105537737447677,NA
Reference,Expenditure deciles,Poland,Education|Secondary Education|Rural|D3,0.7091118204017135,NA
Reference,Expenditure deciles,Poland,Education|Tertiary Education|Rural|D3,0.1345848873029714,NA
Reference,Expenditure deciles,Poland,Education|Not specified|Urban|D3,0.01035352731670481,NA
Reference,Expenditure deciles,Poland,Education|Primary Education|Urban|D3,0.06791636166894752,NA
Reference,Expenditure deciles,Poland,Education|Secondary Education|Urban|D3,0.6288269860053063,NA
Reference,Expenditure deciles,Poland,Education|Tertiary Education|Urban|D3,0.2929031250090414,NA
Reference,Expenditure deciles,Poland,Education|No education|Rural|D4,0.00364520424274154,NA
Reference,Expenditure deciles,Poland,Education|Not specified|Rural|D4,0.002639346357269178,NA
Reference,Expenditure deciles,Poland,Education|Primary Education|Rural|D4,0.16921240090856998,NA
Reference,Expenditure deciles,Poland,Education|Secondary Education|Rural|D4,0.6652709014382944,NA
Reference,Expenditure deciles,Poland,Education|Tertiary Education|Rural|D4,0.15923214705312497,NA
Reference,Expenditure deciles,Poland,Education|No education|Urban|D4,9.683338060206863e-4,NA
Reference,Expenditure deciles,Poland,Education|Not specified|Urban|D4,0.015203651075701362,NA
Reference,Expenditure deciles,Poland,Education|Primary Education|Urban|D4,0.0756703960734151,NA
Reference,Expenditure deciles,Poland,Education|Secondary Education|Urban|D4,0.6019303008027967,NA
Reference,Expenditure deciles,Poland,Education|Tertiary Education|Urban|D4,0.30622731824206606,NA
Reference,Expenditure deciles,Poland,Education|No education|Rural|D5,0.003528725515859684,NA
Reference,Expenditure deciles,Poland,Education|Not specified|Rural|D5,0.0012166064461075808,NA
Reference,Expenditure deciles,Poland,Education|Primary Education|Rural|D5,0.18410486415849583,NA
Reference,Expenditure deciles,Poland,Education|Secondary Education|Rural|D5,0.6701564016893361,NA
Reference,Expenditure deciles,Poland,Education|Tertiary Education|Rural|D5,0.1409934021902008,NA
Reference,Expenditure deciles,Poland,Education|No education|Urban|D5,5.459065116284455e-4,NA
Reference,Expenditure deciles,Poland,Education|Not specified|Urban|D5,0.012897113700227277,NA
Reference,Expenditure deciles,Poland,Education|Primary Education|Urban|D5,0.083665817221469,NA
Reference,Expenditure deciles,Poland,Education|Secondary Education|Urban|D5,0.6260062799510479,NA
Reference,Expenditure deciles,Poland,Education|Tertiary Education|Urban|D5,0.2768848826156274,NA
Reference,Expenditure deciles,Poland,Education|No education|Rural|D6,0.0022846457382470816,NA
Reference,Expenditure deciles,Poland,Education|Not specified|Rural|D6,0.004503353561162568,NA
Reference,Expenditure deciles,Poland,Education|Primary Education|Rural|D6,0.18274796262144424,NA
Reference,Expenditure deciles,Poland,Education|Secondary Education|Rural|D6,0.6645089170727687,NA
Reference,Expenditure deciles,Poland,Education|Tertiary Education|Rural|D6,0.14595512100637742,NA
Reference,Expenditure deciles,Poland,Education|No education|Urban|D6,0.0019085179116750414,NA
Reference,Expenditure deciles,Poland,Education|Not specified|Urban|D6,0.011317679087083582,NA
Reference,Expenditure deciles,Poland,Education|Primary Education|Urban|D6,0.08402514936887796,NA
Reference,Expenditure deciles,Poland,Education|Secondary Education|Urban|D6,0.6124753512046326,NA
Reference,Expenditure deciles,Poland,Education|Tertiary Education|Urban|D6,0.29027330242773086,NA
Reference,Expenditure deciles,Poland,Education|No education|Rural|D7,0.007350485841142108,NA
Reference,Expenditure deciles,Poland,Education|Not specified|Rural|D7,0.0027997188428859417,NA
Reference,Expenditure deciles,Poland,Education|Primary Education|Rural|D7,0.2005115039432079,NA
Reference,Expenditure deciles,Poland,Education|Secondary Education|Rural|D7,0.6441445526839786,NA
Reference,Expenditure deciles,Poland,Education|Tertiary Education|Rural|D7,0.14519373868878546,NA
Reference,Expenditure deciles,Poland,Education|No education|Urban|D7,0.001156202527322701,NA
Reference,Expenditure deciles,Poland,Education|Not specified|Urban|D7,0.01287566814469578,NA
Reference,Expenditure deciles,Poland,Education|Primary Education|Urban|D7,0.08194017440569888,NA
Reference,Expenditure deciles,Poland,Education|Secondary Education|Urban|D7,0.6245279322034094,NA
Reference,Expenditure deciles,Poland,Education|Tertiary Education|Urban|D7,0.2795000227188732,NA
Reference,Expenditure deciles,Poland,Education|No education|Rural|D8,0.0037111168211377632,NA
Reference,Expenditure deciles,Poland,Education|Not specified|Rural|D8,0.0029974207042934536,NA
Reference,Expenditure deciles,Poland,Education|Primary Education|Rural|D8,0.22069893815817998,NA
Reference,Expenditure deciles,Poland,Education|Secondary Education|Rural|D8,0.6114099720752234,NA
Reference,Expenditure deciles,Poland,Education|Tertiary Education|Rural|D8,0.16118255224116543,NA
Reference,Expenditure deciles,Poland,Education|No education|Urban|D8,0.0011792855427577807,NA
Reference,Expenditure deciles,Poland,Education|Not specified|Urban|D8,0.01588245335370176,NA
Reference,Expenditure deciles,Poland,Education|Primary Education|Urban|D8,0.1018386554524597,NA
Reference,Expenditure deciles,Poland,Education|Secondary Education|Urban|D8,0.6130048346078065,NA
Reference,Expenditure deciles,Poland,Education|Tertiary Education|Urban|D8,0.2680947710432742,NA
Reference,Expenditure deciles,Poland,Education|No education|Rural|D9,0.00991576317205465,NA
Reference,Expenditure deciles,Poland,Education|Not specified|Rural|D9,0.0019476931767344727,NA
Reference,Expenditure deciles,Poland,Education|Primary Education|Rural|D9,0.25984103030340516,NA
Reference,Expenditure deciles,Poland,Education|Secondary Education|Rural|D9,0.5870297756364663,NA
Reference,Expenditure deciles,Poland,Education|Tertiary Education|Rural|D9,0.1412657377113394,NA
Reference,Expenditure deciles,Poland,Education|No education|Urban|D9,0.0019118854095880214,NA
Reference,Expenditure deciles,Poland,Education|Not specified|Urban|D9,0.00877192474707892,NA
Reference,Expenditure deciles,Poland,Education|Primary Education|Urban|D9,0.11511251934749313,NA
Reference,Expenditure deciles,Poland,Education|Secondary Education|Urban|D9,0.6018042803542921,NA
Reference,Expenditure deciles,Poland,Education|Tertiary Education|Urban|D9,0.27239939014154785,NA
Reference,Expenditure deciles,Poland,Education|No education|Rural|D10,0.004832020678183404,NA
Reference,Expenditure deciles,Poland,Education|Not specified|Rural|D10,0.0037833737676466407,NA
Reference,Expenditure deciles,Poland,Education|Primary Education|Rural|D10,0.30949100173348804,NA
Reference,Expenditure deciles,Poland,Education|Secondary Education|Rural|D10,0.5600990623499172,NA
Reference,Expenditure deciles,Poland,Education|Tertiary Education|Rural|D10,0.12179454147076466,NA
Reference,Expenditure deciles,Poland,Education|No education|Urban|D10,0.003285084350555297,NA
Reference,Expenditure deciles,Poland,Education|Not specified|Urban|D10,0.008832409744138627,NA
Reference,Expenditure deciles,Poland,Education|Primary Education|Urban|D10,0.10832874699233982,NA
Reference,Expenditure deciles,Poland,Education|Secondary Education|Urban|D10,0.6030618132611794,NA
Reference,Expenditure deciles,Poland,Education|Tertiary Education|Urban|D10,0.27649194565178686,NA
Reference,Expenditure deciles,Portugal,Education|No education|Rural|D1,0.07422009160963597,NA
Reference,Expenditure deciles,Portugal,Education|Not specified|Rural|D1,4.4160719571614663e-4,NA
Reference,Expenditure deciles,Portugal,Education|Primary Education|Rural|D1,0.40431424509935526,NA
Reference,Expenditure deciles,Portugal,Education|Secondary Education|Rural|D1,0.40369450452154326,NA
Reference,Expenditure deciles,Portugal,Education|Tertiary Education|Rural|D1,0.11732955157374936,NA
Reference,Expenditure deciles,Portugal,Education|No education|Urban|D1,0.038127591432633924,NA
Reference,Expenditure deciles,Portugal,Education|Not specified|Urban|D1,0.015002319874008498,NA
Reference,Expenditure deciles,Portugal,Education|Primary Education|Urban|D1,0.35603262336821245,NA
Reference,Expenditure deciles,Portugal,Education|Secondary Education|Urban|D1,0.3939068185778305,NA
Reference,Expenditure deciles,Portugal,Education|Tertiary Education|Urban|D1,0.19693064674731472,NA
Reference,Expenditure deciles,Portugal,Education|No education|Rural|D2,0.08557320807695191,NA
Reference,Expenditure deciles,Portugal,Education|Primary Education|Rural|D2,0.5479340501136541,NA
Reference,Expenditure deciles,Portugal,Education|Secondary Education|Rural|D2,0.2744748297123917,NA
Reference,Expenditure deciles,Portugal,Education|Tertiary Education|Rural|D2,0.09201791209700234,NA
Reference,Expenditure deciles,Portugal,Education|No education|Urban|D2,0.04354243945149318,NA
Reference,Expenditure deciles,Portugal,Education|Not specified|Urban|D2,0.01283051432967072,NA
Reference,Expenditure deciles,Portugal,Education|Primary Education|Urban|D2,0.3088521951946047,NA
Reference,Expenditure deciles,Portugal,Education|Secondary Education|Urban|D2,0.38812334302820045,NA
Reference,Expenditure deciles,Portugal,Education|Tertiary Education|Urban|D2,0.24665150799603083,NA
Reference,Expenditure deciles,Portugal,Education|No education|Rural|D3,0.10795627017363474,NA
Reference,Expenditure deciles,Portugal,Education|Primary Education|Rural|D3,0.48032744187061327,NA
Reference,Expenditure deciles,Portugal,Education|Secondary Education|Rural|D3,0.31891072713495633,NA
Reference,Expenditure deciles,Portugal,Education|Tertiary Education|Rural|D3,0.09280556082079564,NA
Reference,Expenditure deciles,Portugal,Education|No education|Urban|D3,0.038037835125826314,NA
Reference,Expenditure deciles,Portugal,Education|Not specified|Urban|D3,0.015453792681024555,NA
Reference,Expenditure deciles,Portugal,Education|Primary Education|Urban|D3,0.3416870611052894,NA
Reference,Expenditure deciles,Portugal,Education|Secondary Education|Urban|D3,0.41008500032931955,NA
Reference,Expenditure deciles,Portugal,Education|Tertiary Education|Urban|D3,0.1947363107585402,NA
Reference,Expenditure deciles,Portugal,Education|No education|Rural|D4,0.1269901426169971,NA
Reference,Expenditure deciles,Portugal,Education|Primary Education|Rural|D4,0.5178773862110289,NA
Reference,Expenditure deciles,Portugal,Education|Secondary Education|Rural|D4,0.2764367797489187,NA
Reference,Expenditure deciles,Portugal,Education|Tertiary Education|Rural|D4,0.07869569142305537,NA
Reference,Expenditure deciles,Portugal,Education|No education|Urban|D4,0.044830510367848145,NA
Reference,Expenditure deciles,Portugal,Education|Not specified|Urban|D4,0.003821514861788557,NA
Reference,Expenditure deciles,Portugal,Education|Primary Education|Urban|D4,0.3275052885035364,NA
Reference,Expenditure deciles,Portugal,Education|Secondary Education|Urban|D4,0.41885493146182357,NA
Reference,Expenditure deciles,Portugal,Education|Tertiary Education|Urban|D4,0.20498775480500328,NA
Reference,Expenditure deciles,Portugal,Education|No education|Rural|D5,0.16267286116757862,NA
Reference,Expenditure deciles,Portugal,Education|Primary Education|Rural|D5,0.46421125228593946,NA
Reference,Expenditure deciles,Portugal,Education|Secondary Education|Rural|D5,0.2474211491101933,NA
Reference,Expenditure deciles,Portugal,Education|Tertiary Education|Rural|D5,0.1256947374362886,NA
Reference,Expenditure deciles,Portugal,Education|No education|Urban|D5,0.0480576561047821,NA
Reference,Expenditure deciles,Portugal,Education|Not specified|Urban|D5,0.005598160594363987,NA
Reference,Expenditure deciles,Portugal,Education|Primary Education|Urban|D5,0.4008114914927423,NA
Reference,Expenditure deciles,Portugal,Education|Secondary Education|Urban|D5,0.3688714957806127,NA
Reference,Expenditure deciles,Portugal,Education|Tertiary Education|Urban|D5,0.176661196027499,NA
Reference,Expenditure deciles,Portugal,Education|No education|Rural|D6,0.17224155345469744,NA
Reference,Expenditure deciles,Portugal,Education|Not specified|Rural|D6,0.006758977685578018,NA
Reference,Expenditure deciles,Portugal,Education|Primary Education|Rural|D6,0.44536792348097143,NA
Reference,Expenditure deciles,Portugal,Education|Secondary Education|Rural|D6,0.29876096293119775,NA
Reference,Expenditure deciles,Portugal,Education|Tertiary Education|Rural|D6,0.07687058244755533,NA
Reference,Expenditure deciles,Portugal,Education|No education|Urban|D6,0.056270647416767655,NA
Reference,Expenditure deciles,Portugal,Education|Not specified|Urban|D6,0.009361027150937241,NA
Reference,Expenditure deciles,Portugal,Education|Primary Education|Urban|D6,0.382857561232381,NA
Reference,Expenditure deciles,Portugal,Education|Secondary Education|Urban|D6,0.31275347722856384,NA
Reference,Expenditure deciles,Portugal,Education|Tertiary Education|Urban|D6,0.23875728697135032,NA
Reference,Expenditure deciles,Portugal,Education|No education|Rural|D7,0.1417368692359169,NA
Reference,Expenditure deciles,Portugal,Education|Not specified|Rural|D7,0.003134758823217198,NA
Reference,Expenditure deciles,Portugal,Education|Primary Education|Rural|D7,0.49326613224434324,NA
Reference,Expenditure deciles,Portugal,Education|Secondary Education|Rural|D7,0.2612240849373252,NA
Reference,Expenditure deciles,Portugal,Education|Tertiary Education|Rural|D7,0.10063815475919757,NA
Reference,Expenditure deciles,Portugal,Education|No education|Urban|D7,0.06465105049677716,NA
Reference,Expenditure deciles,Portugal,Education|Not specified|Urban|D7,0.017578487979804103,NA
Reference,Expenditure deciles,Portugal,Education|Primary Education|Urban|D7,0.35577753973162546,NA
Reference,Expenditure deciles,Portugal,Education|Secondary Education|Urban|D7,0.3733967463280413,NA
Reference,Expenditure deciles,Portugal,Education|Tertiary Education|Urban|D7,0.18859617546375188,NA
Reference,Expenditure deciles,Portugal,Education|No education|Rural|D8,0.2660879851687574,NA
Reference,Expenditure deciles,Portugal,Education|Primary Education|Rural|D8,0.43105114372336883,NA
Reference,Expenditure deciles,Portugal,Education|Secondary Education|Rural|D8,0.22995598103965392,NA
Reference,Expenditure deciles,Portugal,Education|Tertiary Education|Rural|D8,0.07290489006821982,NA
Reference,Expenditure deciles,Portugal,Education|No education|Urban|D8,0.06516096106833759,NA
Reference,Expenditure deciles,Portugal,Education|Not specified|Urban|D8,0.0057878998816197754,NA
Reference,Expenditure deciles,Portugal,Education|Primary Education|Urban|D8,0.3692663923074156,NA
Reference,Expenditure deciles,Portugal,Education|Secondary Education|Urban|D8,0.3222219625701673,NA
Reference,Expenditure deciles,Portugal,Education|Tertiary Education|Urban|D8,0.23756278417245966,NA
Reference,Expenditure deciles,Portugal,Education|No education|Rural|D9,0.23472505871413663,NA
Reference,Expenditure deciles,Portugal,Education|Primary Education|Rural|D9,0.4780946905855392,NA
Reference,Expenditure deciles,Portugal,Education|Secondary Education|Rural|D9,0.20700415677147962,NA
Reference,Expenditure deciles,Portugal,Education|Tertiary Education|Rural|D9,0.08017609392884453,NA
Reference,Expenditure deciles,Portugal,Education|No education|Urban|D9,0.11472721159062586,NA
Reference,Expenditure deciles,Portugal,Education|Not specified|Urban|D9,0.007195076701220225,NA
Reference,Expenditure deciles,Portugal,Education|Primary Education|Urban|D9,0.3383825620102137,NA
Reference,Expenditure deciles,Portugal,Education|Secondary Education|Urban|D9,0.35362434381281804,NA
Reference,Expenditure deciles,Portugal,Education|Tertiary Education|Urban|D9,0.18607080588512223,NA
Reference,Expenditure deciles,Portugal,Education|No education|Rural|D10,0.28026973201495403,NA
Reference,Expenditure deciles,Portugal,Education|Primary Education|Rural|D10,0.4954320617365235,NA
Reference,Expenditure deciles,Portugal,Education|Secondary Education|Rural|D10,0.17353809322643396,NA
Reference,Expenditure deciles,Portugal,Education|Tertiary Education|Rural|D10,0.05076011302208849,NA
Reference,Expenditure deciles,Portugal,Education|No education|Urban|D10,0.10973600714449473,NA
Reference,Expenditure deciles,Portugal,Education|Not specified|Urban|D10,0.010810743339541296,NA
Reference,Expenditure deciles,Portugal,Education|Primary Education|Urban|D10,0.3969736022538074,NA
Reference,Expenditure deciles,Portugal,Education|Secondary Education|Urban|D10,0.31703779080186123,NA
Reference,Expenditure deciles,Portugal,Education|Tertiary Education|Urban|D10,0.1654418564602953,NA
Reference,Expenditure deciles,Romania,Education|No education|Rural|D1,0.010778609161065726,NA
Reference,Expenditure deciles,Romania,Education|Not specified|Rural|D1,8.674204252413044e-4,NA
Reference,Expenditure deciles,Romania,Education|Primary Education|Rural|D1,0.0933665791042555,NA
Reference,Expenditure deciles,Romania,Education|Secondary Education|Rural|D1,0.8412268856831472,NA
Reference,Expenditure deciles,Romania,Education|Tertiary Education|Rural|D1,0.05376050562629032,NA
Reference,Expenditure deciles,Romania,Education|No education|Urban|D1,0.003060507161159817,NA
Reference,Expenditure deciles,Romania,Education|Not specified|Urban|D1,0.008956162216654195,NA
Reference,Expenditure deciles,Romania,Education|Primary Education|Urban|D1,0.051248899799302215,NA
Reference,Expenditure deciles,Romania,Education|Secondary Education|Urban|D1,0.7324355708713443,NA
Reference,Expenditure deciles,Romania,Education|Tertiary Education|Urban|D1,0.20429885995153962,NA
Reference,Expenditure deciles,Romania,Education|No education|Rural|D2,0.00960809766079569,NA
Reference,Expenditure deciles,Romania,Education|Not specified|Rural|D2,3.838892930270431e-4,NA
Reference,Expenditure deciles,Romania,Education|Primary Education|Rural|D2,0.10293129828444712,NA
Reference,Expenditure deciles,Romania,Education|Secondary Education|Rural|D2,0.8348406694022574,NA
Reference,Expenditure deciles,Romania,Education|Tertiary Education|Rural|D2,0.052236045359472655,NA
Reference,Expenditure deciles,Romania,Education|No education|Urban|D2,0.004491550561968824,NA
Reference,Expenditure deciles,Romania,Education|Not specified|Urban|D2,0.018458108804264454,NA
Reference,Expenditure deciles,Romania,Education|Primary Education|Urban|D2,0.050272171706814944,NA
Reference,Expenditure deciles,Romania,Education|Secondary Education|Urban|D2,0.7285219555388281,NA
Reference,Expenditure deciles,Romania,Education|Tertiary Education|Urban|D2,0.19825621338812366,NA
Reference,Expenditure deciles,Romania,Education|No education|Rural|D3,0.013521902791248219,NA
Reference,Expenditure deciles,Romania,Education|Not specified|Rural|D3,0.0031383313684981945,NA
Reference,Expenditure deciles,Romania,Education|Primary Education|Rural|D3,0.1311427423268498,NA
Reference,Expenditure deciles,Romania,Education|Secondary Education|Rural|D3,0.7852809048668877,NA
Reference,Expenditure deciles,Romania,Education|Tertiary Education|Rural|D3,0.066916118646515907,NA
Reference,Expenditure deciles,Romania,Education|No education|Urban|D3,0.0035118345939557996,NA
Reference,Expenditure deciles,Romania,Education|Not specified|Urban|D3,0.0065368343513251765,NA
Reference,Expenditure deciles,Romania,Education|Primary Education|Urban|D3,0.03057461976483536,NA
Reference,Expenditure deciles,Romania,Education|Secondary Education|Urban|D3,0.7320661193450245,NA
Reference,Expenditure deciles,Romania,Education|Tertiary Education|Urban|D3,0.22731059194485911,NA
Reference,Expenditure deciles,Romania,Education|No education|Rural|D4,0.024914239801530003,NA
Reference,Expenditure deciles,Romania,Education|Not specified|Rural|D4,0.001995680331799189,NA
Reference,Expenditure deciles,Romania,Education|Primary Education|Rural|D4,0.14347096942559642,NA
Reference,Expenditure deciles,Romania,Education|Secondary Education|Rural|D4,0.7758056150081043,NA
Reference,Expenditure deciles,Romania,Education|Tertiary Education|Rural|D4,0.053813495432970065,NA
Reference,Expenditure deciles,Romania,Education|No education|Urban|D4,0.00801513583540298,NA
Reference,Expenditure deciles,Romania,Education|Not specified|Urban|D4,0.012828122798021585,NA
Reference,Expenditure deciles,Romania,Education|Primary Education|Urban|D4,0.04053678907363065,NA
Reference,Expenditure deciles,Romania,Education|Secondary Education|Urban|D4,0.7184342184326281,NA
Reference,Expenditure deciles,Romania,Education|Tertiary Education|Urban|D4,0.22018573386031676,NA
Reference,Expenditure deciles,Romania,Education|No education|Rural|D5,0.02733415641657418,NA
Reference,Expenditure deciles,Romania,Education|Not specified|Rural|D5,0.004283215653530867,NA
Reference,Expenditure deciles,Romania,Education|Primary Education|Rural|D5,0.12867491403829726,NA
Reference,Expenditure deciles,Romania,Education|Secondary Education|Rural|D5,0.7953465478989372,NA
Reference,Expenditure deciles,Romania,Education|Tertiary Education|Rural|D5,0.044361165992660545,NA
Reference,Expenditure deciles,Romania,Education|No education|Urban|D5,0.002292532406184835,NA
Reference,Expenditure deciles,Romania,Education|Not specified|Urban|D5,0.008416839843770693,NA
Reference,Expenditure deciles,Romania,Education|Primary Education|Urban|D5,0.03515842279014895,NA
Reference,Expenditure deciles,Romania,Education|Secondary Education|Urban|D5,0.7335801872700427,NA
Reference,Expenditure deciles,Romania,Education|Tertiary Education|Urban|D5,0.22055201768985283,NA
Reference,Expenditure deciles,Romania,Education|No education|Rural|D6,0.00905161059898275,NA
Reference,Expenditure deciles,Romania,Education|Not specified|Rural|D6,0.0055047055331822305,NA
Reference,Expenditure deciles,Romania,Education|Primary Education|Rural|D6,0.17244981401625947,NA
Reference,Expenditure deciles,Romania,Education|Secondary Education|Rural|D6,0.7599741670213218,NA
Reference,Expenditure deciles,Romania,Education|Tertiary Education|Rural|D6,0.0530197028302536,NA
Reference,Expenditure deciles,Romania,Education|No education|Urban|D6,0.0033668823561412648,NA
Reference,Expenditure deciles,Romania,Education|Not specified|Urban|D6,0.013900662110034722,NA
Reference,Expenditure deciles,Romania,Education|Primary Education|Urban|D6,0.04106611097943761,NA
Reference,Expenditure deciles,Romania,Education|Secondary Education|Urban|D6,0.7426120118967094,NA
Reference,Expenditure deciles,Romania,Education|Tertiary Education|Urban|D6,0.19905433265767694,NA
Reference,Expenditure deciles,Romania,Education|No education|Rural|D7,0.01921309396617883,NA
Reference,Expenditure deciles,Romania,Education|Not specified|Rural|D7,3.61620654564643e-4,NA
Reference,Expenditure deciles,Romania,Education|Primary Education|Rural|D7,0.16808435083071002,NA
Reference,Expenditure deciles,Romania,Education|Secondary Education|Rural|D7,0.7747367493021118,NA
Reference,Expenditure deciles,Romania,Education|Tertiary Education|Rural|D7,0.0376041852464346,NA
Reference,Expenditure deciles,Romania,Education|No education|Urban|D7,0.00257336452366388,NA
Reference,Expenditure deciles,Romania,Education|Not specified|Urban|D7,0.00800563843147644,NA
Reference,Expenditure deciles,Romania,Education|Primary Education|Urban|D7,0.04250037693045109,NA
Reference,Expenditure deciles,Romania,Education|Secondary Education|Urban|D7,0.7363478653412532,NA
Reference,Expenditure deciles,Romania,Education|Tertiary Education|Urban|D7,0.21057275477315537,NA
Reference,Expenditure deciles,Romania,Education|No education|Rural|D8,0.008830790893710692,NA
Reference,Expenditure deciles,Romania,Education|Not specified|Rural|D8,0.0015795789429740535,NA
Reference,Expenditure deciles,Romania,Education|Primary Education|Rural|D8,0.21815893497728234,NA
Reference,Expenditure deciles,Romania,Education|Secondary Education|Rural|D8,0.7364435180559145,NA
Reference,Expenditure deciles,Romania,Education|Tertiary Education|Rural|D8,0.03498717713011838,NA
Reference,Expenditure deciles,Romania,Education|No education|Urban|D8,0.0026261216943082436,NA
Reference,Expenditure deciles,Romania,Education|Not specified|Urban|D8,0.009126439779881028,NA
Reference,Expenditure deciles,Romania,Education|Primary Education|Urban|D8,0.049476145214673396,NA
Reference,Expenditure deciles,Romania,Education|Secondary Education|Urban|D8,0.7373647297327317,NA
Reference,Expenditure deciles,Romania,Education|Tertiary Education|Urban|D8,0.20140656357840567,NA
Reference,Expenditure deciles,Romania,Education|No education|Rural|D9,0.01450363876969899,NA
Reference,Expenditure deciles,Romania,Education|Not specified|Rural|D9,0.001741141890173749,NA
Reference,Expenditure deciles,Romania,Education|Primary Education|Rural|D9,0.22244622716793924,NA
Reference,Expenditure deciles,Romania,Education|Secondary Education|Rural|D9,0.7319784580774462,NA
Reference,Expenditure deciles,Romania,Education|Tertiary Education|Rural|D9,0.029330534094741935,NA
Reference,Expenditure deciles,Romania,Education|No education|Urban|D9,0.005106198424542431,NA
Reference,Expenditure deciles,Romania,Education|Not specified|Urban|D9,0.006899070342575544,NA
Reference,Expenditure deciles,Romania,Education|Primary Education|Urban|D9,0.0626272968934898,NA
Reference,Expenditure deciles,Romania,Education|Secondary Education|Urban|D9,0.7211180263916915,NA
Reference,Expenditure deciles,Romania,Education|Tertiary Education|Urban|D9,0.20424940794770072,NA
Reference,Expenditure deciles,Romania,Education|No education|Rural|D10,0.020914605723897507,NA
Reference,Expenditure deciles,Romania,Education|Not specified|Rural|D10,9.94121392037118e-4,NA
Reference,Expenditure deciles,Romania,Education|Primary Education|Rural|D10,0.26628985468882854,NA
Reference,Expenditure deciles,Romania,Education|Secondary Education|Rural|D10,0.682206384972069,NA
Reference,Expenditure deciles,Romania,Education|Tertiary Education|Rural|D10,0.02959503322316794,NA
Reference,Expenditure deciles,Romania,Education|No education|Urban|D10,0.0045380470818614715,NA
Reference,Expenditure deciles,Romania,Education|Not specified|Urban|D10,0.007609250925564696,NA
Reference,Expenditure deciles,Romania,Education|Primary Education|Urban|D10,0.0612774317052833,NA
Reference,Expenditure deciles,Romania,Education|Secondary Education|Urban|D10,0.7352660230929309,NA
Reference,Expenditure deciles,Romania,Education|Tertiary Education|Urban|D10,0.19130924719435954,NA
Reference,Expenditure deciles,Slovak Republic,Education|Not specified|Rural|D1,0.005820589350896869,NA
Reference,Expenditure deciles,Slovak Republic,Education|Secondary Education|Rural|D1,0.9061697031792544,NA
Reference,Expenditure deciles,Slovak Republic,Education|Tertiary Education|Rural|D1,0.08800970746984878,NA
Reference,Expenditure deciles,Slovak Republic,Education|Not specified|Urban|D1,0.023879266249060088,NA
Reference,Expenditure deciles,Slovak Republic,Education|Primary Education|Urban|D1,0.0036743597348869775,NA
Reference,Expenditure deciles,Slovak Republic,Education|Secondary Education|Urban|D1,0.7429732635572509,NA
Reference,Expenditure deciles,Slovak Republic,Education|Tertiary Education|Urban|D1,0.2294731104588021,NA
Reference,Expenditure deciles,Slovak Republic,Education|Not specified|Rural|D2,0.003619208744848692,NA
Reference,Expenditure deciles,Slovak Republic,Education|Secondary Education|Rural|D2,0.9162901868373587,NA
Reference,Expenditure deciles,Slovak Republic,Education|Tertiary Education|Rural|D2,0.08009060441779259,NA
Reference,Expenditure deciles,Slovak Republic,Education|Not specified|Urban|D2,0.005450075021684571,NA
Reference,Expenditure deciles,Slovak Republic,Education|Secondary Education|Urban|D2,0.7526307802565628,NA
Reference,Expenditure deciles,Slovak Republic,Education|Tertiary Education|Urban|D2,0.2419191447217525,NA
Reference,Expenditure deciles,Slovak Republic,Education|Primary Education|Rural|D3,0.009518003989321235,NA
Reference,Expenditure deciles,Slovak Republic,Education|Secondary Education|Rural|D3,0.8834128983826353,NA
Reference,Expenditure deciles,Slovak Republic,Education|Tertiary Education|Rural|D3,0.10706909762804355,NA
Reference,Expenditure deciles,Slovak Republic,Education|Not specified|Urban|D3,0.015607689082898685,NA
Reference,Expenditure deciles,Slovak Republic,Education|Secondary Education|Urban|D3,0.7302244756066295,NA
Reference,Expenditure deciles,Slovak Republic,Education|Tertiary Education|Urban|D3,0.2541678353104719,NA
Reference,Expenditure deciles,Slovak Republic,Education|No education|Rural|D4,0.008553426826528784,NA
Reference,Expenditure deciles,Slovak Republic,Education|Not specified|Rural|D4,0.019548242407754646,NA
Reference,Expenditure deciles,Slovak Republic,Education|Secondary Education|Rural|D4,0.852487385662524,NA
Reference,Expenditure deciles,Slovak Republic,Education|Tertiary Education|Rural|D4,0.11941094510319263,NA
Reference,Expenditure deciles,Slovak Republic,Education|Not specified|Urban|D4,0.005133713162848512,NA
Reference,Expenditure deciles,Slovak Republic,Education|Primary Education|Urban|D4,7.342904448413093e-4,NA
Reference,Expenditure deciles,Slovak Republic,Education|Secondary Education|Urban|D4,0.6757211383338386,NA
Reference,Expenditure deciles,Slovak Republic,Education|Tertiary Education|Urban|D4,0.31841085805847136,NA
Reference,Expenditure deciles,Slovak Republic,Education|Not specified|Rural|D5,0.007309021582985144,NA
Reference,Expenditure deciles,Slovak Republic,Education|Secondary Education|Rural|D5,0.8642859351752253,NA
Reference,Expenditure deciles,Slovak Republic,Education|Tertiary Education|Rural|D5,0.12840504324178956,NA
Reference,Expenditure deciles,Slovak Republic,Education|Not specified|Urban|D5,0.009016853147465025,NA
Reference,Expenditure deciles,Slovak Republic,Education|Secondary Education|Urban|D5,0.7673399776267109,NA
Reference,Expenditure deciles,Slovak Republic,Education|Tertiary Education|Urban|D5,0.223643169225824,NA
Reference,Expenditure deciles,Slovak Republic,Education|No education|Rural|D6,0.0068860410723851646,NA
Reference,Expenditure deciles,Slovak Republic,Education|Primary Education|Rural|D6,0.008415553516279322,NA
Reference,Expenditure deciles,Slovak Republic,Education|Secondary Education|Rural|D6,0.769271949829103,NA
Reference,Expenditure deciles,Slovak Republic,Education|Tertiary Education|Rural|D6,0.21542645558223236,NA
Reference,Expenditure deciles,Slovak Republic,Education|Not specified|Urban|D6,0.01691134319662859,NA
Reference,Expenditure deciles,Slovak Republic,Education|Primary Education|Urban|D6,7.920315347829767e-4,NA
Reference,Expenditure deciles,Slovak Republic,Education|Secondary Education|Urban|D6,0.7398087147100301,NA
Reference,Expenditure deciles,Slovak Republic,Education|Tertiary Education|Urban|D6,0.2424879105585584,NA
Reference,Expenditure deciles,Slovak Republic,Education|Not specified|Rural|D7,0.006845033498368734,NA
Reference,Expenditure deciles,Slovak Republic,Education|Primary Education|Rural|D7,0.006092340425625027,NA
Reference,Expenditure deciles,Slovak Republic,Education|Secondary Education|Rural|D7,0.8900416008749742,NA
Reference,Expenditure deciles,Slovak Republic,Education|Tertiary Education|Rural|D7,0.09702102520103206,NA
Reference,Expenditure deciles,Slovak Republic,Education|Not specified|Urban|D7,0.030241485150807094,NA
Reference,Expenditure deciles,Slovak Republic,Education|Secondary Education|Urban|D7,0.779469678640031,NA
Reference,Expenditure deciles,Slovak Republic,Education|Tertiary Education|Urban|D7,0.19028883620916195,NA
Reference,Expenditure deciles,Slovak Republic,Education|No education|Rural|D8,0.002094171083003429,NA
Reference,Expenditure deciles,Slovak Republic,Education|Primary Education|Rural|D8,0.006723482116949717,NA
Reference,Expenditure deciles,Slovak Republic,Education|Secondary Education|Rural|D8,0.8489698286784306,NA
Reference,Expenditure deciles,Slovak Republic,Education|Tertiary Education|Rural|D8,0.1422125181216162,NA
Reference,Expenditure deciles,Slovak Republic,Education|Not specified|Urban|D8,0.01912269646972182,NA
Reference,Expenditure deciles,Slovak Republic,Education|Primary Education|Urban|D8,9.908402799647948e-4,NA
Reference,Expenditure deciles,Slovak Republic,Education|Secondary Education|Urban|D8,0.7136536950319625,NA
Reference,Expenditure deciles,Slovak Republic,Education|Tertiary Education|Urban|D8,0.26623276821835085,NA
Reference,Expenditure deciles,Slovak Republic,Education|Primary Education|Rural|D9,0.025757838992140483,NA
Reference,Expenditure deciles,Slovak Republic,Education|Secondary Education|Rural|D9,0.8595143768592903,NA
Reference,Expenditure deciles,Slovak Republic,Education|Tertiary Education|Rural|D9,0.11472778414856914,NA
Reference,Expenditure deciles,Slovak Republic,Education|Not specified|Urban|D9,0.012806306896136552,NA
Reference,Expenditure deciles,Slovak Republic,Education|Primary Education|Urban|D9,0.005559586267257355,NA
Reference,Expenditure deciles,Slovak Republic,Education|Secondary Education|Urban|D9,0.7698938970984689,NA
Reference,Expenditure deciles,Slovak Republic,Education|Tertiary Education|Urban|D9,0.2117402097381371,NA
Reference,Expenditure deciles,Slovak Republic,Education|Not specified|Rural|D10,0.004080583858701977,NA
Reference,Expenditure deciles,Slovak Republic,Education|Secondary Education|Rural|D10,0.8610240241599793,NA
Reference,Expenditure deciles,Slovak Republic,Education|Tertiary Education|Rural|D10,0.13489539198131886,NA
Reference,Expenditure deciles,Slovak Republic,Education|Not specified|Urban|D10,0.007204876120674797,NA
Reference,Expenditure deciles,Slovak Republic,Education|Secondary Education|Urban|D10,0.766375537772814,NA
Reference,Expenditure deciles,Slovak Republic,Education|Tertiary Education|Urban|D10,0.22641958610651133,NA
Reference,Expenditure deciles,Spain,Education|No education|Rural|D1,0.030956488508393245,NA
Reference,Expenditure deciles,Spain,Education|Not specified|Rural|D1,0.00801735168024059,NA
Reference,Expenditure deciles,Spain,Education|Primary Education|Rural|D1,0.15101126217097136,NA
Reference,Expenditure deciles,Spain,Education|Secondary Education|Rural|D1,0.5975250621286435,NA
Reference,Expenditure deciles,Spain,Education|Tertiary Education|Rural|D1,0.21248983551175124,NA
Reference,Expenditure deciles,Spain,Education|No education|Urban|D1,0.031279819141333515,NA
Reference,Expenditure deciles,Spain,Education|Not specified|Urban|D1,0.012047566335872662,NA
Reference,Expenditure deciles,Spain,Education|Primary Education|Urban|D1,0.11851034880378992,NA
Reference,Expenditure deciles,Spain,Education|Secondary Education|Urban|D1,0.5106375591210724,NA
Reference,Expenditure deciles,Spain,Education|Tertiary Education|Urban|D1,0.32752470659793137,NA
Reference,Expenditure deciles,Spain,Education|No education|Rural|D2,0.04872954488023956,NA
Reference,Expenditure deciles,Spain,Education|Not specified|Rural|D2,0.001918162115131108,NA
Reference,Expenditure deciles,Spain,Education|Primary Education|Rural|D2,0.18749698417281235,NA
Reference,Expenditure deciles,Spain,Education|Secondary Education|Rural|D2,0.5513758736460969,NA
Reference,Expenditure deciles,Spain,Education|Tertiary Education|Rural|D2,0.21047943518572007,NA
Reference,Expenditure deciles,Spain,Education|No education|Urban|D2,0.018719217738702366,NA
Reference,Expenditure deciles,Spain,Education|Not specified|Urban|D2,0.01409218160317312,NA
Reference,Expenditure deciles,Spain,Education|Primary Education|Urban|D2,0.12425987180591942,NA
Reference,Expenditure deciles,Spain,Education|Secondary Education|Urban|D2,0.5052033891138755,NA
Reference,Expenditure deciles,Spain,Education|Tertiary Education|Urban|D2,0.3377253397383295,NA
Reference,Expenditure deciles,Spain,Education|No education|Rural|D3,0.05874355694579528,NA
Reference,Expenditure deciles,Spain,Education|Not specified|Rural|D3,0.0023349223742674383,NA
Reference,Expenditure deciles,Spain,Education|Primary Education|Rural|D3,0.2104326961130655,NA
Reference,Expenditure deciles,Spain,Education|Secondary Education|Rural|D3,0.5444315303845385,NA
Reference,Expenditure deciles,Spain,Education|Tertiary Education|Rural|D3,0.18405729418233321,NA
Reference,Expenditure deciles,Spain,Education|No education|Urban|D3,0.029733967403098496,NA
Reference,Expenditure deciles,Spain,Education|Not specified|Urban|D3,0.016734622100584712,NA
Reference,Expenditure deciles,Spain,Education|Primary Education|Urban|D3,0.11962263166986226,NA
Reference,Expenditure deciles,Spain,Education|Secondary Education|Urban|D3,0.5245195033519318,NA
Reference,Expenditure deciles,Spain,Education|Tertiary Education|Urban|D3,0.3093892754745227,NA
Reference,Expenditure deciles,Spain,Education|No education|Rural|D4,0.060650194991616536,NA
Reference,Expenditure deciles,Spain,Education|Not specified|Rural|D4,7.347897232917732e-4,NA
Reference,Expenditure deciles,Spain,Education|Primary Education|Rural|D4,0.23934354174297925,NA
Reference,Expenditure deciles,Spain,Education|Secondary Education|Rural|D4,0.5085883481647492,NA
Reference,Expenditure deciles,Spain,Education|Tertiary Education|Rural|D4,0.1906831253773634,NA
Reference,Expenditure deciles,Spain,Education|No education|Urban|D4,0.03441075303677316,NA
Reference,Expenditure deciles,Spain,Education|Not specified|Urban|D4,0.013464789084650939,NA
Reference,Expenditure deciles,Spain,Education|Primary Education|Urban|D4,0.13378805623708168,NA
Reference,Expenditure deciles,Spain,Education|Secondary Education|Urban|D4,0.4757363323239823,NA
Reference,Expenditure deciles,Spain,Education|Tertiary Education|Urban|D4,0.3426000693175119,NA
Reference,Expenditure deciles,Spain,Education|No education|Rural|D5,0.04014153110785158,NA
Reference,Expenditure deciles,Spain,Education|Not specified|Rural|D5,9.353424304430154e-4,NA
Reference,Expenditure deciles,Spain,Education|Primary Education|Rural|D5,0.20606547044163595,NA
Reference,Expenditure deciles,Spain,Education|Secondary Education|Rural|D5,0.5222760830662778,NA
Reference,Expenditure deciles,Spain,Education|Tertiary Education|Rural|D5,0.23058157295379164,NA
Reference,Expenditure deciles,Spain,Education|No education|Urban|D5,0.02595391051076283,NA
Reference,Expenditure deciles,Spain,Education|Not specified|Urban|D5,0.015112137931477098,NA
Reference,Expenditure deciles,Spain,Education|Primary Education|Urban|D5,0.1379341119649547,NA
Reference,Expenditure deciles,Spain,Education|Secondary Education|Urban|D5,0.4598885026996163,NA
Reference,Expenditure deciles,Spain,Education|Tertiary Education|Urban|D5,0.36111133689318903,NA
Reference,Expenditure deciles,Spain,Education|No education|Rural|D6,0.07626460018739097,NA
Reference,Expenditure deciles,Spain,Education|Not specified|Rural|D6,0.002589279415396723,NA
Reference,Expenditure deciles,Spain,Education|Primary Education|Rural|D6,0.21541845214619787,NA
Reference,Expenditure deciles,Spain,Education|Secondary Education|Rural|D6,0.49631698150712295,NA
Reference,Expenditure deciles,Spain,Education|Tertiary Education|Rural|D6,0.20941068674389154,NA
Reference,Expenditure deciles,Spain,Education|No education|Urban|D6,0.02431193655314207,NA
Reference,Expenditure deciles,Spain,Education|Not specified|Urban|D6,0.01596952206653129,NA
Reference,Expenditure deciles,Spain,Education|Primary Education|Urban|D6,0.13415294057008617,NA
Reference,Expenditure deciles,Spain,Education|Secondary Education|Urban|D6,0.48913310512172153,NA
Reference,Expenditure deciles,Spain,Education|Tertiary Education|Urban|D6,0.3364324956885189,NA
Reference,Expenditure deciles,Spain,Education|No education|Rural|D7,0.06691448293087894,NA
Reference,Expenditure deciles,Spain,Education|Not specified|Rural|D7,0.005110757117542452,NA
Reference,Expenditure deciles,Spain,Education|Primary Education|Rural|D7,0.17742146795353989,NA
Reference,Expenditure deciles,Spain,Education|Secondary Education|Rural|D7,0.5024028688597568,NA
Reference,Expenditure deciles,Spain,Education|Tertiary Education|Rural|D7,0.24815042313828184,NA
Reference,Expenditure deciles,Spain,Education|No education|Urban|D7,0.03815273396224041,NA
Reference,Expenditure deciles,Spain,Education|Not specified|Urban|D7,0.015258452092253842,NA
Reference,Expenditure deciles,Spain,Education|Primary Education|Urban|D7,0.13310952015974822,NA
Reference,Expenditure deciles,Spain,Education|Secondary Education|Urban|D7,0.4686093554132058,NA
Reference,Expenditure deciles,Spain,Education|Tertiary Education|Urban|D7,0.34486993837255175,NA
Reference,Expenditure deciles,Spain,Education|No education|Rural|D8,0.07121806911923105,NA
Reference,Expenditure deciles,Spain,Education|Not specified|Rural|D8,0.004803128809485616,NA
Reference,Expenditure deciles,Spain,Education|Primary Education|Rural|D8,0.2528664119875019,NA
Reference,Expenditure deciles,Spain,Education|Secondary Education|Rural|D8,0.4760994687330184,NA
Reference,Expenditure deciles,Spain,Education|Tertiary Education|Rural|D8,0.19501292135076295,NA
Reference,Expenditure deciles,Spain,Education|No education|Urban|D8,0.032605213925599306,NA
Reference,Expenditure deciles,Spain,Education|Not specified|Urban|D8,0.01574661656259638,NA
Reference,Expenditure deciles,Spain,Education|Primary Education|Urban|D8,0.15920991849372543,NA
Reference,Expenditure deciles,Spain,Education|Secondary Education|Urban|D8,0.4594696436980373,NA
Reference,Expenditure deciles,Spain,Education|Tertiary Education|Urban|D8,0.3329686073200416,NA
Reference,Expenditure deciles,Spain,Education|No education|Rural|D9,0.061031911999824245,NA
Reference,Expenditure deciles,Spain,Education|Not specified|Rural|D9,0.008064316812428203,NA
Reference,Expenditure deciles,Spain,Education|Primary Education|Rural|D9,0.23697788165656986,NA
Reference,Expenditure deciles,Spain,Education|Secondary Education|Rural|D9,0.5293099698460958,NA
Reference,Expenditure deciles,Spain,Education|Tertiary Education|Rural|D9,0.16461591968508188,NA
Reference,Expenditure deciles,Spain,Education|No education|Urban|D9,0.04344084666569348,NA
Reference,Expenditure deciles,Spain,Education|Not specified|Urban|D9,0.011270995373022834,NA
Reference,Expenditure deciles,Spain,Education|Primary Education|Urban|D9,0.16231069466339937,NA
Reference,Expenditure deciles,Spain,Education|Secondary Education|Urban|D9,0.4810558842650266,NA
Reference,Expenditure deciles,Spain,Education|Tertiary Education|Urban|D9,0.30192157903285766,NA
Reference,Expenditure deciles,Spain,Education|No education|Rural|D10,0.11302219662373295,NA
Reference,Expenditure deciles,Spain,Education|Not specified|Rural|D10,0.005333186221600805,NA
Reference,Expenditure deciles,Spain,Education|Primary Education|Rural|D10,0.29123099404023384,NA
Reference,Expenditure deciles,Spain,Education|Secondary Education|Rural|D10,0.40372856220114733,NA
Reference,Expenditure deciles,Spain,Education|Tertiary Education|Rural|D10,0.1866850609132851,NA
Reference,Expenditure deciles,Spain,Education|No education|Urban|D10,0.04555571985137433,NA
Reference,Expenditure deciles,Spain,Education|Not specified|Urban|D10,0.009845056297709513,NA
Reference,Expenditure deciles,Spain,Education|Primary Education|Urban|D10,0.15591392744343463,NA
Reference,Expenditure deciles,Spain,Education|Secondary Education|Urban|D10,0.42122128608225834,NA
Reference,Expenditure deciles,Spain,Education|Tertiary Education|Urban|D10,0.3674640103252231,NA
Reference,Expenditure deciles,Sweden,01,1,NA
Reference,Expenditure deciles,Sweden,01,1,NA
Reference,Expenditure deciles,Sweden,02,1,NA
Reference,Expenditure deciles,Sweden,02,1,NA
Reference,Expenditure deciles,Sweden,03,1,NA
Reference,Expenditure deciles,Sweden,03,1,NA
Reference,Expenditure deciles,Sweden,04,1,NA
Reference,Expenditure deciles,Sweden,04,1,NA
Reference,Expenditure deciles,Sweden,05,1,NA
Reference,Expenditure deciles,Sweden,05,1,NA
Reference,Expenditure deciles,Sweden,06,1,NA
Reference,Expenditure deciles,Sweden,06,1,NA
Reference,Expenditure deciles,Sweden,07,1,NA
Reference,Expenditure deciles,Sweden,07,1,NA
Reference,Expenditure deciles,Sweden,08,1,NA
Reference,Expenditure deciles,Sweden,08,1,NA
Reference,Expenditure deciles,Sweden,09,1,NA
Reference,Expenditure deciles,Sweden,09,1,NA
Reference,Expenditure deciles,Sweden,010,1,NA
Reference,Expenditure deciles,Sweden,010,1,NA

